-- Adminer 5.4.0 MySQL 9.4.0 dump

SET NAMES utf8;
SET time_zone = '+00:00';
SET foreign_key_checks = 0;
SET sql_mode = 'NO_AUTO_VALUE_ON_ZERO';

DELIMITER ;;

DROP PROCEDURE IF EXISTS `sp_get_credit_account_summary`;;
CREATE PROCEDURE `sp_get_credit_account_summary` (IN `p_client_id` bigint)
;;

DROP PROCEDURE IF EXISTS `sp_get_recent_credit_transactions`;;
CREATE PROCEDURE `sp_get_recent_credit_transactions` (IN `p_account_id` bigint, IN `p_limit` int)
;;

DELIMITER ;

SET NAMES utf8mb4;

DROP TABLE IF EXISTS `activity_log`;
CREATE TABLE `activity_log` (
  `id` bigint unsigned NOT NULL AUTO_INCREMENT,
  `log_name` varchar(255) COLLATE utf8mb4_unicode_ci DEFAULT NULL,
  `description` text COLLATE utf8mb4_unicode_ci NOT NULL,
  `subject_type` varchar(255) COLLATE utf8mb4_unicode_ci DEFAULT NULL,
  `event` varchar(255) COLLATE utf8mb4_unicode_ci DEFAULT NULL,
  `subject_id` bigint unsigned DEFAULT NULL,
  `causer_type` varchar(255) COLLATE utf8mb4_unicode_ci DEFAULT NULL,
  `causer_id` bigint unsigned DEFAULT NULL,
  `properties` json DEFAULT NULL,
  `batch_uuid` char(36) COLLATE utf8mb4_unicode_ci DEFAULT NULL,
  `created_at` timestamp NULL DEFAULT NULL,
  `updated_at` timestamp NULL DEFAULT NULL,
  PRIMARY KEY (`id`),
  KEY `subject` (`subject_type`,`subject_id`),
  KEY `causer` (`causer_type`,`causer_id`),
  KEY `activity_log_log_name_index` (`log_name`)
) ENGINE=InnoDB DEFAULT CHARSET=utf8mb4 COLLATE=utf8mb4_unicode_ci;


DROP TABLE IF EXISTS `appointments`;
CREATE TABLE `appointments` (
  `id` bigint unsigned NOT NULL AUTO_INCREMENT,
  `client_id` bigint unsigned NOT NULL,
  `visit_id` bigint unsigned DEFAULT NULL,
  `department_id` bigint unsigned NOT NULL,
  `service_id` bigint unsigned NOT NULL,
  `provider_id` bigint unsigned DEFAULT NULL,
  `appointment_date` date NOT NULL,
  `appointment_time` time NOT NULL,
  `duration` int NOT NULL DEFAULT '30' COMMENT 'Duration in minutes',
  `room_assigned` varchar(255) COLLATE utf8mb4_unicode_ci DEFAULT NULL,
  `appointment_type` enum('new','follow_up','review','emergency') COLLATE utf8mb4_unicode_ci NOT NULL DEFAULT 'new',
  `status` enum('scheduled','confirmed','checked_in','in_progress','completed','cancelled','no_show','rescheduled') COLLATE utf8mb4_unicode_ci NOT NULL DEFAULT 'scheduled',
  `payment_status` enum('pending','paid','waived') COLLATE utf8mb4_unicode_ci NOT NULL DEFAULT 'pending',
  `payment_method` varchar(255) COLLATE utf8mb4_unicode_ci DEFAULT NULL,
  `amount` decimal(10,2) DEFAULT NULL,
  `service_booking_id` bigint unsigned DEFAULT NULL,
  `notes` text COLLATE utf8mb4_unicode_ci,
  `cancellation_reason` text COLLATE utf8mb4_unicode_ci,
  `reminder_sent` tinyint(1) NOT NULL DEFAULT '0',
  `reminder_sent_at` timestamp NULL DEFAULT NULL,
  `checked_in_at` timestamp NULL DEFAULT NULL,
  `started_at` timestamp NULL DEFAULT NULL,
  `completed_at` timestamp NULL DEFAULT NULL,
  `cancelled_at` timestamp NULL DEFAULT NULL,
  `created_by` bigint unsigned NOT NULL,
  `checked_in_by` bigint unsigned DEFAULT NULL,
  `created_at` timestamp NULL DEFAULT NULL,
  `updated_at` timestamp NULL DEFAULT NULL,
  `deleted_at` timestamp NULL DEFAULT NULL,
  PRIMARY KEY (`id`),
  KEY `appointments_visit_id_foreign` (`visit_id`),
  KEY `appointments_department_id_foreign` (`department_id`),
  KEY `appointments_service_id_foreign` (`service_id`),
  KEY `appointments_service_booking_id_foreign` (`service_booking_id`),
  KEY `appointments_created_by_foreign` (`created_by`),
  KEY `appointments_checked_in_by_foreign` (`checked_in_by`),
  KEY `appointments_appointment_date_appointment_time_index` (`appointment_date`,`appointment_time`),
  KEY `appointments_client_id_appointment_date_index` (`client_id`,`appointment_date`),
  KEY `appointments_provider_id_appointment_date_index` (`provider_id`,`appointment_date`),
  KEY `appointments_status_index` (`status`),
  CONSTRAINT `appointments_checked_in_by_foreign` FOREIGN KEY (`checked_in_by`) REFERENCES `users` (`id`) ON DELETE SET NULL,
  CONSTRAINT `appointments_client_id_foreign` FOREIGN KEY (`client_id`) REFERENCES `clients` (`id`) ON DELETE CASCADE,
  CONSTRAINT `appointments_created_by_foreign` FOREIGN KEY (`created_by`) REFERENCES `users` (`id`),
  CONSTRAINT `appointments_department_id_foreign` FOREIGN KEY (`department_id`) REFERENCES `departments` (`id`),
  CONSTRAINT `appointments_provider_id_foreign` FOREIGN KEY (`provider_id`) REFERENCES `users` (`id`) ON DELETE SET NULL,
  CONSTRAINT `appointments_service_booking_id_foreign` FOREIGN KEY (`service_booking_id`) REFERENCES `service_bookings` (`id`) ON DELETE SET NULL,
  CONSTRAINT `appointments_service_id_foreign` FOREIGN KEY (`service_id`) REFERENCES `services` (`id`),
  CONSTRAINT `appointments_visit_id_foreign` FOREIGN KEY (`visit_id`) REFERENCES `visits` (`id`) ON DELETE SET NULL
) ENGINE=InnoDB DEFAULT CHARSET=utf8mb4 COLLATE=utf8mb4_unicode_ci;


DROP TABLE IF EXISTS `assessment_auto_referrals`;
CREATE TABLE `assessment_auto_referrals` (
  `id` bigint unsigned NOT NULL AUTO_INCREMENT,
  `form_response_id` bigint unsigned NOT NULL,
  `client_id` bigint unsigned NOT NULL,
  `visit_id` bigint unsigned DEFAULT NULL,
  `service_point` varchar(255) COLLATE utf8mb4_unicode_ci NOT NULL,
  `department` varchar(255) COLLATE utf8mb4_unicode_ci DEFAULT NULL,
  `priority` enum('low','routine','high','urgent') COLLATE utf8mb4_unicode_ci NOT NULL DEFAULT 'routine',
  `reason` text COLLATE utf8mb4_unicode_ci NOT NULL,
  `trigger_data` json DEFAULT NULL COMMENT 'The field/value that triggered this',
  `status` enum('pending','acknowledged','scheduled','completed','cancelled') COLLATE utf8mb4_unicode_ci NOT NULL DEFAULT 'pending',
  `acknowledged_at` timestamp NULL DEFAULT NULL,
  `acknowledged_by` bigint unsigned DEFAULT NULL,
  `created_at` timestamp NULL DEFAULT NULL,
  `updated_at` timestamp NULL DEFAULT NULL,
  PRIMARY KEY (`id`),
  KEY `assessment_auto_referrals_form_response_id_foreign` (`form_response_id`),
  KEY `assessment_auto_referrals_visit_id_foreign` (`visit_id`),
  KEY `assessment_auto_referrals_acknowledged_by_foreign` (`acknowledged_by`),
  KEY `assessment_auto_referrals_service_point_status_index` (`service_point`,`status`),
  KEY `assessment_auto_referrals_client_id_status_index` (`client_id`,`status`),
  KEY `assessment_auto_referrals_status_index` (`status`),
  CONSTRAINT `assessment_auto_referrals_acknowledged_by_foreign` FOREIGN KEY (`acknowledged_by`) REFERENCES `users` (`id`),
  CONSTRAINT `assessment_auto_referrals_client_id_foreign` FOREIGN KEY (`client_id`) REFERENCES `clients` (`id`),
  CONSTRAINT `assessment_auto_referrals_form_response_id_foreign` FOREIGN KEY (`form_response_id`) REFERENCES `assessment_form_responses` (`id`) ON DELETE CASCADE,
  CONSTRAINT `assessment_auto_referrals_visit_id_foreign` FOREIGN KEY (`visit_id`) REFERENCES `visits` (`id`)
) ENGINE=InnoDB DEFAULT CHARSET=utf8mb4 COLLATE=utf8mb4_unicode_ci;


DROP TABLE IF EXISTS `assessment_form_responses`;
CREATE TABLE `assessment_form_responses` (
  `id` bigint unsigned NOT NULL AUTO_INCREMENT,
  `form_schema_id` bigint unsigned NOT NULL,
  `visit_id` bigint unsigned DEFAULT NULL,
  `client_id` bigint unsigned DEFAULT NULL,
  `branch_id` bigint unsigned DEFAULT NULL,
  `response_data` json NOT NULL,
  `metadata` json DEFAULT NULL COMMENT 'User agent, IP, duration, etc.',
  `status` enum('draft','in_progress','completed','submitted','archived') COLLATE utf8mb4_unicode_ci NOT NULL DEFAULT 'draft',
  `completion_percentage` int NOT NULL DEFAULT '0',
  `started_at` timestamp NULL DEFAULT NULL,
  `completed_at` timestamp NULL DEFAULT NULL,
  `submitted_at` timestamp NULL DEFAULT NULL,
  `created_by` bigint unsigned NOT NULL,
  `updated_by` bigint unsigned DEFAULT NULL,
  `created_at` timestamp NULL DEFAULT NULL,
  `updated_at` timestamp NULL DEFAULT NULL,
  `deleted_at` timestamp NULL DEFAULT NULL,
  PRIMARY KEY (`id`),
  KEY `assessment_form_responses_branch_id_foreign` (`branch_id`),
  KEY `assessment_form_responses_created_by_foreign` (`created_by`),
  KEY `assessment_form_responses_updated_by_foreign` (`updated_by`),
  KEY `assessment_form_responses_form_schema_id_status_index` (`form_schema_id`,`status`),
  KEY `assessment_form_responses_client_id_form_schema_id_index` (`client_id`,`form_schema_id`),
  KEY `assessment_form_responses_visit_id_status_index` (`visit_id`,`status`),
  KEY `assessment_form_responses_created_at_index` (`created_at`),
  KEY `assessment_form_responses_status_index` (`status`),
  CONSTRAINT `assessment_form_responses_branch_id_foreign` FOREIGN KEY (`branch_id`) REFERENCES `branches` (`id`),
  CONSTRAINT `assessment_form_responses_client_id_foreign` FOREIGN KEY (`client_id`) REFERENCES `clients` (`id`) ON DELETE CASCADE,
  CONSTRAINT `assessment_form_responses_created_by_foreign` FOREIGN KEY (`created_by`) REFERENCES `users` (`id`),
  CONSTRAINT `assessment_form_responses_form_schema_id_foreign` FOREIGN KEY (`form_schema_id`) REFERENCES `assessment_form_schemas` (`id`) ON DELETE CASCADE,
  CONSTRAINT `assessment_form_responses_updated_by_foreign` FOREIGN KEY (`updated_by`) REFERENCES `users` (`id`),
  CONSTRAINT `assessment_form_responses_visit_id_foreign` FOREIGN KEY (`visit_id`) REFERENCES `visits` (`id`) ON DELETE CASCADE
) ENGINE=InnoDB DEFAULT CHARSET=utf8mb4 COLLATE=utf8mb4_unicode_ci;

INSERT INTO `assessment_form_responses` (`id`, `form_schema_id`, `visit_id`, `client_id`, `branch_id`, `response_data`, `metadata`, `status`, `completion_percentage`, `started_at`, `completed_at`, `submitted_at`, `created_by`, `updated_by`, `created_at`, `updated_at`, `deleted_at`) VALUES
(1,	1,	NULL,	NULL,	1,	'{\"religion\": \"muslim\", \"county_id\": \"47\", \"has_ncpwd\": true, \"directions\": \"sfsf\", \"occupation\": \"dfdfd\", \"national_id\": \"686863186381686\", \"school_name\": \"dfdfdf\", \"school_type\": \"regular\", \"ncpwd_number\": \"NCPWD/2025/12345\", \"current_grade\": \"fdfdf\", \"payment_notes\": \"ffs\", \"phone_primary\": \"+254715882227\", \"referrer_name\": \"dfdfd\", \"consent_to_sms\": true, \"drug_allergies\": [\"penicillin\"], \"household_size\": \"32\", \"marital_status\": \"single\", \"past_surgeries\": \"dfdfd\", \"payment_method\": \"ncpwd\", \"preferred_time\": \"morning\", \"recent_illness\": \"dfdfd\", \"village_estate\": \"dfdfd\", \"allergy_details\": \"dfdf\", \"at_previous_use\": [], \"caregiver_phone\": \"425252525\", \"economic_status\": \"above_average\", \"literacy_status\": \"basic\", \"mobility_status\": \"independent\", \"phone_alternate\": \"868686\", \"referral_source\": [\"self\"], \"services_needed\": [\"educational_assessment\", \"psychological_assessment\"], \"disability_onset\": \"unknown\", \"health_insurance\": [\"sha\", \"ncpwd\"], \"nearest_landmark\": \"fsfsf\", \"next_of_kin_name\": \"fsfsfsf\", \"physical_address\": \"dfdfd\", \"primary_language\": \"english\", \"reason_for_visit\": \"fdfd\", \"referrer_contact\": \"5353535\", \"self_care_status\": \"independent\", \"service_priority\": \"routine\", \"birth_certificate\": \"868686868\", \"booking_requested\": true, \"currently_uses_at\": true, \"employment_status\": \"self_employed\", \"highest_education\": \"primary_incomplete\", \"ncpwd_card_status\": \"card_seen\", \"next_of_kin_phone\": \"353535535\", \"previous_services\": \"dfdf\", \"primary_caregiver\": \"xsfsf\", \"reaction_severity\": \"mild\", \"allergy_categories\": [\"drug\"], \"allergy_management\": \"dfdf\", \"at_devices_current\": [\"wheelchair\"], \"chronic_conditions\": [\"none\"], \"interpreter_needed\": true, \"living_arrangement\": \"parents\", \"main_income_source\": \"support_government\", \"primary_disability\": \"physical\", \"referral_documents\": [], \"social_interaction\": \"age_appropriate\", \"at_device_condition\": \"good\", \"at_needs_identified\": [\"mobility\", \"daily_living\"], \"current_medications\": \"dfdfdf\", \"currently_in_school\": true, \"disability_evidence\": [], \"disability_severity\": \"mild\", \"immunization_status\": \"up_to_date\", \"at_training_received\": true, \"communication_method\": \"verbal\", \"communication_status\": \"age_appropriate\", \"handover_note_intake\": \"dsdsdsds\", \"vocational_interests\": \"dfdfdf\", \"disability_categories\": [\"speech\"], \"caregiver_relationship\": \"father\", \"developmental_concerns\": [\"motor_delay\"], \"family_history_details\": null, \"insurance_member_number\": null, \"preferred_communication\": \"sms\", \"primary_service_posting\": \"Physiotherapy Initial Assessment\", \"next_of_kin_relationship\": \"fsfsffsf\", \"family_history_disability\": true, \"functional_screening_notes\": \"dfdfdfd\", \"preferred_appointment_date\": \"2025-11-30\", \"presenting_concerns_detailed\": \"dfdf\"}',	NULL,	'in_progress',	0,	NULL,	NULL,	NULL,	1,	NULL,	'2025-11-25 04:27:53',	'2025-11-25 04:27:53',	NULL),
(2,	1,	12,	8,	1,	'{\"ward_id\": \"1\", \"religion\": null, \"county_id\": \"47\", \"has_ncpwd\": true, \"directions\": \"Harum molestias volu\", \"occupation\": \"Distinctio Providen\", \"national_id\": \"852\", \"ncpwd_number\": \"NCPWD/2025/12345\", \"payment_notes\": \"Qui mollit et offici\", \"phone_primary\": null, \"referrer_name\": \"Troy Compton\", \"sub_county_id\": \"7\", \"consent_to_sms\": true, \"household_size\": \"7\", \"intake_summary\": \"gfdgfdg dgdg \", \"marital_status\": \"single\", \"past_surgeries\": \"Id rerum temporibus\", \"payment_method\": \"cash\", \"recent_illness\": \"Eius labore sunt do\", \"village_estate\": \"Ut tempore dignissi\", \"at_previous_use\": [], \"caregiver_phone\": \"+25478909876\", \"economic_status\": null, \"literacy_status\": \"fluent\", \"mobility_status\": \"minimal_assistance\", \"phone_alternate\": null, \"referral_source\": [\"hospital\", \"community_worker\", \"court\"], \"services_needed\": [\"psychological_assessment\", \"physiotherapy\", \"speech_language\", \"vision\", \"counselling\", \"nutrition\", \"social_work\"], \"disability_cause\": null, \"disability_onset\": \"acquired\", \"follow_up_needed\": [], \"health_insurance\": [\"employer\"], \"ncpwd_card_photo\": null, \"nearest_landmark\": \"Qui proident et sun\", \"next_of_kin_name\": \"Marah Leblanc\", \"physical_address\": \"Sed atque officia ma\", \"primary_language\": \"english\", \"reason_for_visit\": \"Ratione sapiente fac\", \"referrer_contact\": null, \"self_care_status\": \"independent\", \"service_priority\": \"routine\", \"birth_certificate\": \"325\", \"booking_requested\": false, \"currently_uses_at\": true, \"employment_status\": \"unemployed\", \"highest_education\": \"none\", \"mobility_concerns\": [], \"ncpwd_card_status\": \"pending_verification\", \"next_of_kin_phone\": \"+254789876545\", \"previous_services\": \"Aute aut elit commo\", \"primary_caregiver\": \"Alec Diaz\", \"ready_for_routing\": true, \"selected_services\": [{\"notes\": \"Et ea quis quas nece\", \"priority\": \"routine\", \"service_id\": \"1\"}], \"allergy_categories\": [\"latex\", \"herbal\", \"chemical\", \"none_known\"], \"at_devices_current\": [\"wheelchair\", \"braille_device\"], \"chronic_conditions\": [\"cerebral_palsy\", \"autism\", \"adhd\", \"mental_health\", \"none\"], \"interpreter_needed\": false, \"living_arrangement\": \"parents\", \"main_income_source\": null, \"primary_disability\": \"physical\", \"referral_documents\": [], \"social_interaction\": \"some_challenges\", \"at_device_condition\": \"good\", \"at_needs_identified\": [\"mobility\", \"hearing\", \"daily_living\"], \"current_medications\": \"Et praesentium velit\", \"currently_in_school\": false, \"disability_evidence\": [], \"disability_severity\": \"mild\", \"immunization_status\": \"up_to_date\", \"at_training_received\": true, \"communication_method\": null, \"communication_status\": \"severely_limited\", \"disability_age_onset\": null, \"handover_note_intake\": \"At dicta ut minus al\", \"vocational_interests\": \"Non et eos enim rep\", \"disability_categories\": [\"physical\", \"visual\", \"hearing\", \"intellectual\", \"speech\", \"psychosocial\"], \"caregiver_relationship\": \"mother\", \"communication_concerns\": [\"comprehension\"], \"developmental_concerns\": [\"speech_delay\", \"cognitive_delay\", \"social_delay\", \"none\"], \"preferred_communication\": \"sms\", \"primary_service_posting\": \"Physiotherapy Initial Assessment\", \"next_of_kin_relationship\": \"Rerum odit voluptate\", \"family_history_disability\": false, \"functional_screening_notes\": \"Aute nisi aliquam at\", \"feeding_swallowing_concerns\": [], \"presenting_concerns_detailed\": \"Mollit cillum distin\", \"requires_assistive_technology\": \"no\", \"intake_officer_recommendations\": \"ffhf fhfh\"}',	NULL,	'in_progress',	0,	NULL,	NULL,	NULL,	8,	NULL,	'2026-01-26 16:48:36',	'2026-01-27 13:42:35',	NULL),
(3,	1,	13,	9,	1,	'{\"ward_id\": \"2\", \"religion\": \"christian\", \"county_id\": \"47\", \"has_ncpwd\": true, \"directions\": \"dgdg\", \"occupation\": \"ghghgh ghgh\", \"national_id\": \"6789098\", \"ncpwd_number\": \"NCPWD/2025/12345\", \"payment_notes\": null, \"phone_primary\": \"0789098776\", \"referrer_name\": \"gdg dg dgd g\", \"sub_county_id\": \"7\", \"consent_to_sms\": true, \"drug_allergies\": [\"penicillin\"], \"household_size\": \"4\", \"intake_summary\": \"fefeer ffdffs\", \"marital_status\": \"single\", \"past_surgeries\": \"fgfg\", \"payment_method\": \"cash\", \"recent_illness\": \"fgfg gfgf\", \"village_estate\": \"gdgdg\", \"allergy_details\": \"hghgh\", \"at_previous_use\": [], \"caregiver_phone\": \"+25478909876\", \"economic_status\": \"above_average\", \"literacy_status\": \"fluent\", \"mobility_status\": \"independent\", \"phone_alternate\": \"789090383\", \"referral_source\": [\"other\", \"self\"], \"services_needed\": [\"educational_assessment\", \"psychological_assessment\"], \"disability_onset\": \"congenital\", \"follow_up_needed\": [], \"health_insurance\": [\"sha\", \"ncpwd\"], \"ncpwd_card_photo\": null, \"nearest_landmark\": \"dgdg\", \"next_of_kin_name\": \"gfgfg ggfg\", \"physical_address\": \"gdgdg\", \"primary_language\": \"english\", \"reason_for_visit\": \"ghgh jhjh\", \"referrer_contact\": null, \"self_care_status\": \"minimal_assistance\", \"service_priority\": \"routine\", \"birth_certificate\": \"868686868\", \"booking_requested\": false, \"currently_uses_at\": false, \"employment_status\": \"employed\", \"highest_education\": \"none\", \"mobility_concerns\": [\"walking\"], \"ncpwd_card_status\": \"pending_verification\", \"next_of_kin_phone\": \"+254789876545\", \"previous_services\": null, \"primary_caregiver\": \"vdvdvd\", \"reaction_severity\": \"mild\", \"ready_for_routing\": false, \"selected_services\": [{\"notes\": null, \"priority\": \"routine\", \"service_id\": \"1\"}], \"allergy_categories\": [\"drug\"], \"allergy_management\": \"ghghghg\", \"chronic_conditions\": [\"none\"], \"interpreter_needed\": false, \"living_arrangement\": \"parents\", \"main_income_source\": \"business\", \"primary_disability\": \"visual\", \"referral_documents\": [], \"social_interaction\": \"age_appropriate\", \"at_needs_identified\": [\"mobility\", \"vision\"], \"current_medications\": \"fgf\", \"currently_in_school\": false, \"disability_evidence\": [], \"disability_severity\": \"mild\", \"immunization_status\": \"up_to_date\", \"communication_method\": \"verbal\", \"communication_status\": \"age_appropriate\", \"handover_note_intake\": null, \"vocational_interests\": \"dfdfd\", \"disability_categories\": [\"visual\", \"physical\"], \"referral_source_other\": \"dgdgdgd dgdgdg\", \"caregiver_relationship\": \"mother\", \"communication_concerns\": [\"stuttering\"], \"developmental_concerns\": [\"speech_delay\"], \"preferred_communication\": \"sms\", \"primary_service_posting\": \"Physiotherapy Initial Assessment\", \"next_of_kin_relationship\": \"fgfg \", \"family_history_disability\": false, \"functional_screening_notes\": \"fgfg\", \"feeding_swallowing_concerns\": [\"sucking_difficulty\"], \"presenting_concerns_detailed\": null, \"requires_assistive_technology\": \"no\", \"intake_officer_recommendations\": \"fdfdf \"}',	NULL,	'in_progress',	0,	NULL,	NULL,	NULL,	8,	8,	'2026-01-27 09:41:57',	'2026-01-27 13:46:59',	NULL),
(4,	1,	5,	5,	1,	'{\"religion\": null, \"county_id\": null, \"has_ncpwd\": false, \"directions\": \"Exercitationem sit e\", \"occupation\": \"Laboris incididunt p\", \"national_id\": \"911\", \"payment_notes\": \"Ut ad reprehenderit\", \"phone_primary\": \"0789098776\", \"referrer_name\": \"Chanda Cochran\", \"consent_to_sms\": true, \"household_size\": \"55\", \"intake_summary\": \"Explicabo Autem per\", \"marital_status\": null, \"past_surgeries\": \"Dolores eiusmod simi\", \"payment_method\": \"sha\", \"recent_illness\": \"Irure aspernatur tem\", \"village_estate\": \"Non ex ut amet elig\", \"allergy_details\": \"Aliqua Et commodo d\", \"at_previous_use\": [], \"caregiver_phone\": \"0789878876\", \"economic_status\": null, \"literacy_status\": null, \"mobility_status\": \"full_assistance\", \"phone_alternate\": null, \"referral_source\": [\"self\"], \"services_needed\": [\"educational_assessment\", \"psychological_assessment\", \"physiotherapy\", \"vision\", \"counselling\"], \"disability_cause\": null, \"disability_onset\": \"acquired\", \"follow_up_needed\": [\"verify_ncpwd\", \"verify_insurance\", \"contact_sponsor\", \"arrange_transport\", \"none\"], \"health_insurance\": [\"sha\", \"employer\"], \"insurance_number\": \"001000100\", \"insurance_status\": \"active\", \"nearest_landmark\": \"Ipsam consequatur si\", \"next_of_kin_name\": \"Petra Miranda\", \"physical_address\": \"Error vel vel est a\", \"primary_language\": \"english\", \"reason_for_visit\": \"Et illo dolor lorem \", \"referrer_contact\": null, \"self_care_status\": \"minimal_assistance\", \"service_priority\": \"routine\", \"birth_certificate\": \"388\", \"booking_requested\": false, \"currently_uses_at\": false, \"employment_status\": null, \"highest_education\": null, \"mobility_concerns\": [\"walking\", \"balance\", \"stairs\", \"wheelchair\", \"none\"], \"next_of_kin_phone\": \"+25467890987\", \"previous_services\": \"Doloribus minus aut \", \"primary_caregiver\": \"Jarrod Rice\", \"reaction_severity\": null, \"ready_for_routing\": false, \"selected_services\": [{\"notes\": \"Officia autem labori\", \"priority\": \"urgent\", \"service_id\": \"3\"}], \"allergy_categories\": [\"other\"], \"allergy_management\": \"Voluptas velit dolor\", \"chronic_conditions\": [\"autism\", \"adhd\", \"diabetes\", \"asthma\", \"mental_health\", \"none\"], \"interpreter_needed\": false, \"living_arrangement\": \"parents\", \"main_income_source\": null, \"primary_disability\": \"physical\", \"referral_documents\": [], \"social_interaction\": \"not_assessed\", \"at_needs_identified\": [\"daily_living\"], \"current_medications\": \"Ab pariatur Ab accu\", \"currently_in_school\": false, \"disability_evidence\": [], \"disability_severity\": \"moderate\", \"immunization_status\": null, \"communication_method\": null, \"communication_status\": \"non_verbal\", \"disability_age_onset\": null, \"handover_note_intake\": \"Aut beatae quo et du\", \"vocational_interests\": \"Et non fugit in vol\", \"disability_categories\": [\"physical\", \"intellectual\", \"psychosocial\", \"multiple\", \"deafblind\"], \"caregiver_relationship\": null, \"communication_concerns\": [\"speech_delay\", \"comprehension\", \"expressive\", \"stuttering\", \"nonverbal\"], \"developmental_concerns\": [\"speech_delay\", \"cognitive_delay\", \"social_delay\", \"none\"], \"insurance_member_number\": \"011101110111\", \"preferred_communication\": \"sms\", \"primary_service_posting\": \"Physiotherapy Initial Assessment\", \"next_of_kin_relationship\": \"Maxime repellendus \", \"family_history_disability\": false, \"functional_screening_notes\": \"Qui aut ut qui cupid\", \"feeding_swallowing_concerns\": [\"sucking_difficulty\", \"swallowing_difficulty\", \"coughing_choking\", \"refuse_food\", \"none\"], \"presenting_concerns_detailed\": \"At impedit esse qui\", \"requires_assistive_technology\": \"no\", \"intake_officer_recommendations\": \"Modi qui soluta dolo\"}',	NULL,	'in_progress',	0,	NULL,	NULL,	NULL,	8,	NULL,	'2026-01-27 10:00:27',	'2026-01-27 18:38:32',	NULL),
(5,	1,	5,	5,	1,	'{\"ward_id\": null, \"religion\": null, \"county_id\": \"47\", \"has_ncpwd\": false, \"directions\": \"Exercitationem sit e\", \"occupation\": \"Laboris incididunt p\", \"national_id\": \"9111313131313\", \"payment_notes\": \"Ut ad reprehenderit\", \"phone_primary\": \"0789098776\", \"referrer_name\": \"Chanda Cochran\", \"sub_county_id\": \"1\", \"consent_to_sms\": true, \"household_size\": \"55\", \"intake_summary\": \"Explicabo Autem per\", \"marital_status\": null, \"past_surgeries\": \"Dolores eiusmod simi\", \"payment_method\": \"cash\", \"recent_illness\": \"Irure aspernatur tem\", \"village_estate\": \"Non ex ut amet elig\", \"allergy_details\": \"Aliqua Et commodo d\", \"at_previous_use\": [], \"caregiver_phone\": \"0789878876\", \"economic_status\": null, \"literacy_status\": null, \"mobility_status\": \"full_assistance\", \"phone_alternate\": null, \"referral_source\": [\"self\"], \"services_needed\": [\"educational_assessment\", \"psychological_assessment\", \"physiotherapy\", \"vision\", \"counselling\"], \"disability_cause\": null, \"disability_onset\": \"acquired\", \"follow_up_needed\": [\"verify_ncpwd\", \"verify_insurance\", \"contact_sponsor\", \"arrange_transport\", \"none\"], \"health_insurance\": [\"sha\", \"employer\"], \"nearest_landmark\": \"Ipsam consequatur si\", \"next_of_kin_name\": \"Petra Miranda\", \"physical_address\": \"Error vel vel est a fdfd\", \"primary_language\": \"english\", \"reason_for_visit\": \"Et illo dolor lorem \", \"referrer_contact\": null, \"self_care_status\": \"minimal_assistance\", \"service_priority\": \"routine\", \"birth_certificate\": \"388323131\", \"booking_requested\": false, \"currently_uses_at\": false, \"employment_status\": null, \"highest_education\": null, \"mobility_concerns\": [\"walking\", \"balance\", \"stairs\", \"wheelchair\", \"none\"], \"next_of_kin_phone\": \"+25467890987\", \"previous_services\": \"Doloribus minus aut \", \"primary_caregiver\": \"Jarrod Rice\", \"reaction_severity\": null, \"ready_for_routing\": false, \"selected_services\": [{\"notes\": \"Officia autem labori\", \"priority\": \"urgent\", \"service_id\": \"1\"}, {\"notes\": null, \"priority\": \"routine\", \"service_id\": \"11\"}], \"allergy_categories\": [\"other\"], \"allergy_management\": \"Voluptas velit dolor\", \"chronic_conditions\": [\"autism\", \"adhd\", \"diabetes\", \"asthma\", \"mental_health\", \"none\"], \"interpreter_needed\": false, \"living_arrangement\": \"parents\", \"main_income_source\": null, \"primary_disability\": \"physical\", \"referral_documents\": [], \"social_interaction\": \"not_assessed\", \"at_needs_identified\": [\"daily_living\"], \"current_medications\": \"Ab pariatur Ab accu\", \"currently_in_school\": false, \"disability_evidence\": [], \"disability_severity\": \"moderate\", \"immunization_status\": null, \"communication_method\": null, \"communication_status\": \"non_verbal\", \"disability_age_onset\": null, \"handover_note_intake\": \"Aut beatae quo et du\", \"vocational_interests\": \"Et non fugit in vol\", \"disability_categories\": [\"physical\", \"intellectual\", \"psychosocial\", \"multiple\", \"deafblind\"], \"caregiver_relationship\": null, \"communication_concerns\": [\"speech_delay\", \"comprehension\", \"expressive\", \"stuttering\", \"nonverbal\"], \"developmental_concerns\": [\"speech_delay\", \"cognitive_delay\", \"social_delay\", \"none\"], \"preferred_communication\": \"sms\", \"primary_service_posting\": \"Physiotherapy Initial Assessment\", \"next_of_kin_relationship\": \"Maxime repellendus \", \"family_history_disability\": false, \"functional_screening_notes\": \"Qui aut ut qui cupid\", \"feeding_swallowing_concerns\": [\"sucking_difficulty\", \"swallowing_difficulty\", \"coughing_choking\", \"refuse_food\", \"none\"], \"presenting_concerns_detailed\": \"At impedit esse qui\", \"requires_assistive_technology\": \"no\", \"intake_officer_recommendations\": \"Modi qui soluta dolo\"}',	NULL,	'completed',	0,	NULL,	NULL,	NULL,	8,	8,	'2026-01-27 10:01:20',	'2026-01-30 12:52:34',	NULL),
(6,	1,	5,	5,	1,	'{\"ward_id\": \"3\", \"religion\": null, \"county_id\": \"47\", \"has_ncpwd\": false, \"directions\": \"Aliquam quia officia\", \"occupation\": \"Eveniet eius omnis \", \"national_id\": \"856\", \"payment_notes\": \"Eos laborum Qui ve\", \"phone_primary\": \"0789098776\", \"referrer_name\": \"Flynn Winters\", \"sub_county_id\": \"7\", \"consent_to_sms\": true, \"drug_allergies\": [], \"household_size\": \"57\", \"intake_summary\": \"Deserunt nesciunt o\", \"marital_status\": null, \"past_surgeries\": \"Et quam autem in cup\", \"payment_method\": \"cash\", \"recent_illness\": \"Est qui voluptatem\", \"village_estate\": \"Consequatur ducimus\", \"at_previous_use\": [], \"caregiver_phone\": \"+25478909876\", \"economic_status\": null, \"literacy_status\": null, \"mobility_status\": \"independent\", \"phone_alternate\": \"789090383\", \"referral_source\": [\"school\", \"hospital\", \"community_worker\", \"court\", \"other\"], \"services_needed\": [\"audiology\", \"speech_language\", \"counselling\", \"nutrition\", \"other\"], \"disability_onset\": \"congenital\", \"follow_up_needed\": [\"obtain_documents\", \"contact_sponsor\", \"coordinate_services\", \"arrange_transport\"], \"health_insurance\": [\"sha\", \"ncpwd\", \"private\", \"employer\"], \"nearest_landmark\": \"Tempora qui error in\", \"next_of_kin_name\": \"Aphrodite Doyle\", \"physical_address\": \"Eveniet ipsum nece\", \"primary_language\": \"english\", \"reason_for_visit\": \"Cillum et ut sit ut \", \"referrer_contact\": null, \"self_care_status\": \"independent\", \"service_priority\": \"routine\", \"birth_certificate\": \"509\", \"booking_requested\": false, \"currently_uses_at\": false, \"employment_status\": null, \"highest_education\": null, \"mobility_concerns\": [\"stairs\", \"requires_aid\"], \"next_of_kin_phone\": null, \"previous_services\": \"Praesentium non nisi\", \"primary_caregiver\": \"Keegan Harrington\", \"ready_for_routing\": false, \"selected_services\": [{\"notes\": \"Proident omnis sunt\", \"priority\": \"high\", \"service_id\": \"1\"}], \"allergy_categories\": [\"drug\", \"insect\", \"herbal\", \"none_known\"], \"chronic_conditions\": [\"epilepsy\", \"cerebral_palsy\", \"down_syndrome\", \"adhd\", \"diabetes\", \"heart_condition\", \"mental_health\"], \"interpreter_needed\": false, \"living_arrangement\": \"parents\", \"main_income_source\": null, \"primary_disability\": \"physical\", \"referral_documents\": [], \"social_interaction\": \"minimal_interaction\", \"at_needs_identified\": [\"mobility\", \"vision\", \"daily_living\", \"none\"], \"current_medications\": \"Facilis est in quae\", \"currently_in_school\": false, \"disability_evidence\": [], \"disability_severity\": \"mild\", \"immunization_status\": null, \"communication_method\": null, \"communication_status\": \"not_assessed\", \"handover_note_intake\": \"Eu quia dicta volupt\", \"vocational_interests\": \"Natus mollitia sequi\", \"disability_categories\": [\"physical\", \"visual\", \"intellectual\", \"speech\", \"psychosocial\", \"albinism\", \"deafblind\"], \"referral_source_other\": null, \"caregiver_relationship\": null, \"communication_concerns\": [\"speech_delay\", \"comprehension\", \"expressive\", \"stuttering\", \"voice_quality\"], \"developmental_concerns\": [\"motor_delay\", \"speech_delay\"], \"preferred_communication\": \"sms\", \"primary_service_posting\": \"Physiotherapy Initial Assessment\", \"next_of_kin_relationship\": \"Quo voluptatibus qua\", \"family_history_disability\": false, \"functional_screening_notes\": \"Amet quia atque eum\", \"feeding_swallowing_concerns\": [\"sucking_difficulty\", \"swallowing_difficulty\", \"coughing_choking\", \"texture_aversion\", \"prolonged_feeding\", \"none\"], \"presenting_concerns_detailed\": \"Voluptates non asper\", \"requires_assistive_technology\": \"no\", \"intake_officer_recommendations\": \"Ex ea consequatur m\"}',	NULL,	'in_progress',	0,	NULL,	NULL,	NULL,	8,	NULL,	'2026-01-27 10:09:10',	'2026-01-27 10:09:10',	NULL),
(7,	1,	14,	10,	1,	'{\"religion\": null, \"county_id\": null, \"has_ncpwd\": true, \"directions\": \"Ut dolor nisi culpa \", \"occupation\": \"Qui itaque cillum as\", \"national_id\": \"21\", \"ncpwd_number\": \"NCPWD/2025/12345\", \"payment_notes\": \"Maxime aut quo nisi \", \"phone_primary\": \"0789098776\", \"referrer_name\": \"Rigel Hamilton\", \"consent_to_sms\": true, \"drug_allergies\": [], \"household_size\": \"54\", \"intake_summary\": \"Repellendus Omnis e\", \"marital_status\": null, \"past_surgeries\": \"Aut impedit ut sit \", \"payment_method\": \"sha\", \"recent_illness\": \"Distinctio Deserunt\", \"village_estate\": \"Minus nemo itaque et\", \"allergy_details\": \"Illum recusandae A\", \"at_previous_use\": [], \"caregiver_phone\": \"+25478909876\", \"economic_status\": null, \"literacy_status\": null, \"mobility_status\": \"not_assessed\", \"phone_alternate\": null, \"referral_source\": [\"self\", \"hospital\", \"community_worker\", \"court\", \"ngo\"], \"services_needed\": [\"physiotherapy\", \"assistive_technology\", \"nutrition\"], \"disability_onset\": \"congenital\", \"disability_other\": null, \"follow_up_needed\": [\"contact_sponsor\", \"interpreter\"], \"health_insurance\": [\"ncpwd\", \"private\"], \"insurance_number\": \"5678\", \"insurance_status\": \"active\", \"ncpwd_card_photo\": null, \"nearest_landmark\": \"Exercitation tempora\", \"next_of_kin_name\": \"Jennifer Snow\", \"physical_address\": \"Perspiciatis mollit\", \"primary_language\": \"english\", \"reason_for_visit\": \"Dolore neque volupta\", \"referrer_contact\": null, \"self_care_status\": \"full_assistance\", \"service_priority\": \"routine\", \"birth_certificate\": \"45\", \"booking_requested\": false, \"currently_uses_at\": false, \"employment_status\": null, \"highest_education\": null, \"mobility_concerns\": [\"transfers\", \"none\"], \"ncpwd_card_status\": \"pending_verification\", \"next_of_kin_phone\": null, \"previous_services\": \"Incidunt laborum no\", \"primary_caregiver\": \"Keiko Randall\", \"reaction_severity\": null, \"ready_for_routing\": false, \"selected_services\": [{\"notes\": \"Distinctio Anim neq\", \"priority\": \"high\", \"service_id\": \"1\"}, {\"notes\": null, \"priority\": \"routine\", \"service_id\": \"5\"}], \"allergy_categories\": [\"drug\", \"latex\", \"chemical\"], \"allergy_management\": \"Illo voluptatum quae\", \"chronic_conditions\": [\"cerebral_palsy\", \"adhd\", \"diabetes\", \"mental_health\"], \"interpreter_needed\": false, \"living_arrangement\": \"parents\", \"main_income_source\": null, \"primary_disability\": \"visual\", \"referral_documents\": [], \"social_interaction\": \"some_challenges\", \"at_needs_identified\": [\"mobility\", \"hearing\"], \"current_medications\": \"Consequatur Minim s\", \"currently_in_school\": false, \"disability_evidence\": [], \"disability_severity\": \"mild\", \"immunization_status\": null, \"communication_method\": null, \"communication_status\": \"severely_limited\", \"handover_note_intake\": \"Reprehenderit lorem \", \"vocational_interests\": \"Fugiat quibusdam nis\", \"disability_categories\": [\"visual\", \"physical\", \"intellectual\", \"multiple\", \"albinism\", \"deafblind\", \"other\"], \"caregiver_relationship\": null, \"communication_concerns\": [\"speech_delay\", \"articulation\", \"comprehension\", \"voice_quality\", \"nonverbal\", \"none\"], \"developmental_concerns\": [\"motor_delay\", \"behavioral\", \"none\"], \"insurance_member_number\": \"4567890\", \"preferred_communication\": \"sms\", \"primary_service_posting\": \"Physiotherapy Initial Assessment\", \"disability_other_specify\": null, \"next_of_kin_relationship\": \"Laboriosam omnis ex\", \"family_history_disability\": false, \"functional_screening_notes\": \"Dolores laborum Con\", \"feeding_swallowing_concerns\": [\"sucking_difficulty\", \"swallowing_difficulty\", \"texture_aversion\", \"prolonged_feeding\", \"none\"], \"presenting_concerns_detailed\": \"Aperiam dignissimos \", \"requires_assistive_technology\": \"no\", \"intake_officer_recommendations\": \"Ut adipisci ipsum v\"}',	NULL,	'completed',	0,	NULL,	NULL,	NULL,	8,	NULL,	'2026-01-29 14:29:24',	'2026-01-29 14:39:30',	NULL),
(8,	1,	15,	11,	1,	'{\"ward_id\": \"1\", \"religion\": \"christian\", \"county_id\": \"47\", \"has_ncpwd\": true, \"directions\": \"Quas consectetur fug\", \"occupation\": \"Quo in nesciunt ill\", \"national_id\": \"535\", \"ncpwd_number\": \"NCPWD/2025/12343\", \"payment_notes\": \"Asperiores in quibus\", \"phone_primary\": \"0789876555\", \"referrer_name\": \"Darrel Dudley\", \"sub_county_id\": \"7\", \"consent_to_sms\": true, \"drug_allergies\": [], \"food_allergies\": [], \"household_size\": \"19\", \"intake_summary\": \"Voluptatem enim eni\", \"marital_status\": \"single\", \"past_surgeries\": \"Id proident pariat\", \"payment_method\": \"sha\", \"recent_illness\": \"Non ut commodi fugia\", \"village_estate\": \"Autem sit fuga Iust\", \"allergy_details\": \"Ex magni in est tene\", \"at_previous_use\": [], \"caregiver_phone\": \"+25478909876\", \"economic_status\": \"above_average\", \"literacy_status\": null, \"mobility_status\": \"full_assistance\", \"phone_alternate\": null, \"referral_source\": [\"community_worker\", \"social_media\", \"other\"], \"services_needed\": [\"psychological_assessment\", \"occupational_therapy\", \"vision\", \"counselling\", \"other\"], \"disability_onset\": \"unknown\", \"follow_up_needed\": [\"verify_insurance\", \"arrange_transport\", \"interpreter\", \"none\"], \"health_insurance\": [\"employer\", \"ncpwd\", \"sha\"], \"insurance_number\": \"0111234567867\", \"insurance_status\": \"active\", \"ncpwd_card_photo\": null, \"nearest_landmark\": \"Id et consectetur v\", \"next_of_kin_name\": \"Veronica Higgins\", \"physical_address\": \"Minus laboriosam di\", \"primary_language\": \"english\", \"reason_for_visit\": \"Voluptate voluptatem\", \"referrer_contact\": null, \"self_care_status\": \"moderate_assistance\", \"service_priority\": \"routine\", \"birth_certificate\": \"367\", \"booking_requested\": false, \"currently_uses_at\": false, \"employment_status\": null, \"highest_education\": null, \"mobility_concerns\": [\"walking\", \"stairs\", \"requires_aid\"], \"ncpwd_card_status\": \"copy_uploaded\", \"next_of_kin_phone\": null, \"previous_services\": \"In dignissimos quasi\", \"primary_caregiver\": \"Jonah Bird\", \"reaction_severity\": \"mild\", \"ready_for_routing\": false, \"selected_services\": [{\"notes\": \"Minus quo quae at qu\", \"priority\": \"high\", \"service_id\": \"11\"}], \"allergy_categories\": [\"drug\", \"food\", \"environmental\", \"herbal\", \"chemical\", \"other\"], \"allergy_management\": \"Suscipit neque volup\", \"chronic_conditions\": [\"autism\", \"down_syndrome\", \"adhd\", \"asthma\", \"mental_health\", \"none\", \"other\"], \"current_at_devices\": null, \"interpreter_needed\": false, \"living_arrangement\": \"parents\", \"main_income_source\": \"support_government\", \"primary_disability\": \"visual\", \"referral_documents\": [], \"social_interaction\": \"some_challenges\", \"at_assessment_notes\": null, \"at_needs_identified\": [\"vision\"], \"current_medications\": \"Ut dolor quia repell\", \"currently_in_school\": false, \"disability_evidence\": [], \"disability_severity\": \"mild\", \"immunization_status\": null, \"at_categories_needed\": [], \"communication_method\": \"verbal\", \"communication_status\": \"delayed\", \"handover_note_intake\": \"Soluta velit quis vo\", \"vocational_interests\": \"Dolor laboris repell\", \"disability_categories\": [\"visual\", \"hearing\", \"intellectual\", \"speech\", \"psychosocial\", \"multiple\", \"albinism\", \"deafblind\"], \"referral_source_other\": null, \"caregiver_relationship\": \"mother\", \"communication_concerns\": [\"articulation\", \"comprehension\", \"stuttering\", \"nonverbal\", \"none\"], \"developmental_concerns\": [\"cognitive_delay\", \"social_delay\", \"none\"], \"at_previous_assessments\": null, \"insurance_member_number\": \"0012003039\", \"preferred_communication\": \"phone\", \"primary_service_posting\": \"Vision\", \"chronic_conditions_other\": null, \"next_of_kin_relationship\": \"Obcaecati ex sed ass\", \"family_history_disability\": false, \"functional_screening_notes\": \"Veritatis fugiat po\", \"feeding_swallowing_concerns\": [\"texture_aversion\", \"refuse_food\", \"none\"], \"presenting_concerns_detailed\": \"Ut cupidatat repudia\", \"requires_assistive_technology\": \"assessment_needed\", \"intake_officer_recommendations\": \"Eu minima quos qui e\"}',	'{\"form_slug\": null, \"created_via\": \"service_point\", \"provider_id\": 8, \"service_booking_id\": null}',	'completed',	100,	'2026-02-04 12:40:50',	'2026-02-04 12:55:50',	'2026-02-04 12:55:50',	8,	8,	'2026-02-04 12:55:50',	'2026-02-04 12:55:50',	NULL),
(9,	1,	16,	12,	1,	'{\"ward_id\": \"1\", \"religion\": \"christian\", \"county_id\": \"47\", \"has_ncpwd\": true, \"directions\": \"Ipsam est reprehend\", \"occupation\": \"Iure harum sint ist\", \"national_id\": \"364\", \"ncpwd_number\": \"NCPWD/2025/12345\", \"payment_notes\": \"Rerum provident qui\", \"phone_primary\": \"0789098776\", \"referrer_name\": \"Catherine Deleon\", \"sub_county_id\": \"7\", \"consent_to_sms\": true, \"drug_allergies\": [\"penicillin\", \"amoxicillin\"], \"household_size\": \"88\", \"intake_summary\": \"Vel eos sunt quis r\", \"marital_status\": \"single\", \"past_surgeries\": \"Unde a cum deserunt \", \"payment_method\": \"sha\", \"recent_illness\": \"Dolore aliquip natus\", \"village_estate\": \"Doloribus dolore vel\", \"allergy_details\": \"Ad fugit quod quia \", \"at_previous_use\": [], \"caregiver_phone\": \"+25478909876\", \"economic_status\": \"low_income\", \"literacy_status\": \"fluent\", \"mobility_status\": \"not_assessed\", \"phone_alternate\": null, \"referral_source\": [\"self\"], \"services_needed\": [\"speech_language\", \"vision\"], \"disability_onset\": \"congenital\", \"disability_other\": null, \"follow_up_needed\": [\"contact_sponsor\", \"coordinate_services\", \"urgent_review\"], \"health_insurance\": [\"ncpwd\", \"sha\"], \"insurance_number\": \"001000100\", \"insurance_status\": \"active\", \"ncpwd_card_photo\": null, \"nearest_landmark\": \"Alias harum beatae m\", \"next_of_kin_name\": \"Venus Puckett\", \"physical_address\": \"Nam libero excepteur\", \"primary_language\": \"english\", \"reason_for_visit\": \"Molestiae illo omnis\", \"referrer_contact\": null, \"self_care_status\": \"not_assessed\", \"service_priority\": \"routine\", \"birth_certificate\": \"131\", \"booking_requested\": false, \"currently_uses_at\": false, \"employment_status\": \"unable\", \"highest_education\": \"none\", \"mobility_concerns\": [\"balance\", \"transfers\"], \"ncpwd_card_status\": \"pending_verification\", \"next_of_kin_phone\": \"+254789876545\", \"previous_services\": \"Et neque incididunt \", \"primary_caregiver\": \"Alma Wooten\", \"reaction_severity\": \"mild\", \"ready_for_routing\": false, \"selected_services\": [{\"notes\": \"Nulla autem sunt hic\", \"priority\": \"high\", \"service_id\": \"11\"}], \"allergy_categories\": [\"drug\", \"environmental\", \"insect\", \"latex\", \"chemical\", \"other\"], \"allergy_management\": \"Labore fuga Reprehe\", \"chronic_conditions\": [\"cerebral_palsy\", \"autism\", \"diabetes\", \"asthma\", \"heart_condition\", \"mental_health\", \"none\"], \"interpreter_needed\": false, \"living_arrangement\": \"parents\", \"main_income_source\": \"employment\", \"primary_disability\": \"visual\", \"referral_documents\": [], \"social_interaction\": \"significant_challenges\", \"at_needs_identified\": [\"mobility\", \"hearing\", \"communication\", \"daily_living\", \"education\"], \"current_medications\": \"Aliquam est itaque p\", \"currently_in_school\": false, \"disability_evidence\": [], \"disability_severity\": \"mild\", \"immunization_status\": \"up_to_date\", \"communication_method\": \"verbal\", \"communication_status\": \"severely_limited\", \"handover_note_intake\": \"Veniam accusantium \", \"vocational_interests\": \"Neque officia sed di\", \"disability_categories\": [\"visual\", \"albinism\", \"other\"], \"caregiver_relationship\": \"mother\", \"communication_concerns\": [\"speech_delay\", \"articulation\", \"expressive\", \"stuttering\", \"nonverbal\"], \"developmental_concerns\": [\"motor_delay\", \"behavioral\", \"speech_delay\", \"social_delay\"], \"insurance_member_number\": \"SHA/123/456\", \"preferred_communication\": \"sms\", \"primary_service_posting\": \"Vision\", \"disability_other_specify\": null, \"next_of_kin_relationship\": \"Vitae enim culpa au\", \"family_history_disability\": false, \"functional_screening_notes\": \"Veniam fugiat iusto\", \"feeding_swallowing_concerns\": [\"sucking_difficulty\", \"swallowing_difficulty\", \"coughing_choking\", \"texture_aversion\", \"refuse_food\"], \"presenting_concerns_detailed\": \"Architecto sit incid\", \"requires_assistive_technology\": \"no\", \"intake_officer_recommendations\": \"Sit autem debitis l\"}',	'{\"form_slug\": null, \"created_via\": \"service_point\", \"provider_id\": 8, \"service_booking_id\": null}',	'completed',	100,	'2026-02-05 16:09:38',	'2026-02-05 16:24:38',	'2026-02-05 16:24:38',	8,	8,	'2026-02-05 16:24:38',	'2026-02-05 16:24:38',	NULL),
(10,	1,	17,	13,	1,	'{\"ward_id\": \"2\", \"religion\": \"christian\", \"county_id\": \"47\", \"has_ncpwd\": true, \"directions\": \"dssds\", \"occupation\": null, \"national_id\": \"6789098\", \"ncpwd_number\": \"NCPWD/2025/12345\", \"payment_notes\": null, \"phone_primary\": \"0789876555\", \"referrer_name\": null, \"sub_county_id\": \"7\", \"consent_to_sms\": true, \"food_allergies\": [\"milk\", \"groundnuts\"], \"household_size\": \"34\", \"intake_summary\": \"fdfdf\", \"marital_status\": \"single\", \"past_surgeries\": null, \"payment_method\": \"sha\", \"recent_illness\": null, \"village_estate\": \"hgh\", \"allergy_details\": null, \"at_previous_use\": [], \"caregiver_phone\": \"0789878876\", \"economic_status\": \"above_average\", \"literacy_status\": null, \"mobility_status\": \"independent\", \"phone_alternate\": null, \"referral_source\": [\"self\"], \"services_needed\": [\"psychological_assessment\"], \"disability_onset\": \"unknown\", \"follow_up_needed\": [\"verify_ncpwd\", \"verify_insurance\"], \"health_insurance\": [\"sha\", \"ncpwd\"], \"insurance_number\": \"123344444\", \"insurance_status\": \"active\", \"ncpwd_card_photo\": \"ncpwd-cards/01KHQKW6X6DFXEVKQ8SYGRVEFS.pdf\", \"nearest_landmark\": \"ffs\", \"next_of_kin_name\": null, \"physical_address\": null, \"primary_language\": \"english\", \"reason_for_visit\": \"fdfdfdfd\", \"referrer_contact\": null, \"self_care_status\": \"independent\", \"service_priority\": \"routine\", \"birth_certificate\": null, \"booking_requested\": false, \"currently_uses_at\": false, \"employment_status\": null, \"highest_education\": null, \"mobility_concerns\": [\"walking\", \"balance\"], \"ncpwd_card_status\": \"pending_verification\", \"next_of_kin_phone\": null, \"previous_services\": null, \"primary_caregiver\": \"dgfgd\", \"reaction_severity\": \"moderate\", \"ready_for_routing\": true, \"selected_services\": [{\"notes\": null, \"priority\": \"routine\", \"service_id\": \"7\"}], \"allergy_categories\": [\"food\"], \"allergy_management\": null, \"chronic_conditions\": [], \"current_at_devices\": null, \"interpreter_needed\": false, \"living_arrangement\": \"parents\", \"main_income_source\": \"employment\", \"primary_disability\": \"physical\", \"referral_documents\": [], \"social_interaction\": \"age_appropriate\", \"at_assessment_notes\": null, \"at_needs_identified\": [\"hearing\"], \"current_medications\": null, \"currently_in_school\": false, \"disability_evidence\": [\"disability-evidence/01KHQKW6X8P9NM8TGGJ6WW7817.pdf\"], \"disability_severity\": \"mild\", \"immunization_status\": null, \"at_categories_needed\": [], \"communication_method\": \"verbal\", \"communication_status\": \"age_appropriate\", \"handover_note_intake\": null, \"vocational_interests\": null, \"disability_categories\": [\"visual\"], \"caregiver_relationship\": \"mother\", \"communication_concerns\": [\"none\"], \"developmental_concerns\": [], \"at_previous_assessments\": null, \"insurance_member_number\": \"1223333\", \"preferred_communication\": \"sms\", \"primary_service_posting\": \"Psychological Assessment\", \"next_of_kin_relationship\": null, \"family_history_disability\": false, \"functional_screening_notes\": null, \"feeding_swallowing_concerns\": [\"prolonged_feeding\", \"swallowing_difficulty\"], \"presenting_concerns_detailed\": null, \"requires_assistive_technology\": \"assessment_needed\", \"intake_officer_recommendations\": \"fdfdfd\"}',	'{\"form_slug\": null, \"created_via\": \"service_point\", \"provider_id\": 8, \"service_booking_id\": null}',	'completed',	100,	'2026-02-18 02:19:27',	'2026-02-18 02:34:27',	'2026-02-18 02:34:27',	8,	8,	'2026-02-18 02:34:27',	'2026-02-18 02:34:27',	NULL),
(11,	1,	18,	14,	1,	'{\"ward_id\": \"2\", \"religion\": \"christian\", \"county_id\": \"47\", \"has_ncpwd\": true, \"at_urgency\": null, \"directions\": null, \"occupation\": null, \"national_id\": null, \"ncpwd_number\": \"NCPWD/2025/12345\", \"payment_notes\": null, \"phone_primary\": \"0789876555\", \"referrer_name\": null, \"sub_county_id\": \"7\", \"consent_to_sms\": true, \"household_size\": null, \"intake_summary\": \"dkkjdkjksd kdkjdkj kdjk skj kjskjds\", \"marital_status\": \"single\", \"past_surgeries\": null, \"payment_method\": \"sha\", \"recent_illness\": \"sdsf \", \"village_estate\": \"kimbo\", \"allergy_details\": null, \"at_previous_use\": [], \"caregiver_phone\": null, \"economic_status\": null, \"literacy_status\": null, \"mobility_status\": \"minimal_assistance\", \"phone_alternate\": null, \"referral_source\": [\"self\", \"community_worker\"], \"services_needed\": [\"vision\", \"psychological_assessment\"], \"disability_cause\": null, \"disability_onset\": \"acquired\", \"follow_up_needed\": [\"none\"], \"health_insurance\": [\"sha\", \"ncpwd\"], \"insurance_number\": \"dsdsdsdsd \", \"insurance_status\": \"active\", \"ncpwd_card_photo\": \"ncpwd-cards/01KHQQN6H9K027KWP6Q28A75BF.pdf\", \"nearest_landmark\": null, \"next_of_kin_name\": null, \"physical_address\": \"ggdgdgd\", \"primary_language\": \"english\", \"reason_for_visit\": \"dsdsds\", \"referrer_contact\": null, \"self_care_status\": \"moderate_assistance\", \"service_priority\": \"routine\", \"at_funding_source\": null, \"birth_certificate\": null, \"booking_requested\": false, \"currently_uses_at\": true, \"employment_status\": null, \"highest_education\": \"none\", \"mobility_concerns\": [\"balance\"], \"ncpwd_card_status\": \"card_seen\", \"next_of_kin_phone\": null, \"previous_services\": null, \"primary_caregiver\": \"James\", \"reaction_severity\": \"mild\", \"ready_for_routing\": false, \"selected_services\": [{\"notes\": null, \"priority\": \"routine\", \"service_id\": \"11\"}, {\"notes\": null, \"priority\": \"routine\", \"service_id\": \"7\"}], \"allergy_categories\": [\"insect\"], \"allergy_management\": null, \"at_devices_current\": [\"prosthetic\"], \"chronic_conditions\": [\"none\"], \"current_at_devices\": null, \"interpreter_needed\": false, \"living_arrangement\": \"parents\", \"main_income_source\": null, \"primary_disability\": \"physical\", \"referral_documents\": [], \"social_interaction\": \"some_challenges\", \"at_assessment_notes\": null, \"at_device_condition\": null, \"at_needs_identified\": [\"vision\"], \"current_medications\": null, \"currently_in_school\": false, \"disability_evidence\": [\"disability-evidence/01KHQQN6HBCKZKQYD8FV3DARHZ.pdf\"], \"disability_severity\": null, \"immunization_status\": \"up_to_date\", \"at_categories_needed\": [], \"at_training_received\": false, \"communication_method\": null, \"communication_status\": \"age_appropriate\", \"disability_age_onset\": null, \"handover_note_intake\": null, \"vocational_interests\": null, \"disability_categories\": [\"psychosocial\", \"visual\"], \"caregiver_relationship\": \"mother\", \"communication_concerns\": [\"stuttering\"], \"developmental_concerns\": [\"speech_delay\"], \"at_previous_assessments\": null, \"insurance_member_number\": \"4567890\", \"preferred_communication\": \"sms\", \"primary_service_posting\": \"Vision\", \"next_of_kin_relationship\": null, \"family_history_disability\": false, \"functional_screening_notes\": null, \"feeding_swallowing_concerns\": [\"prolonged_feeding\"], \"presenting_concerns_detailed\": null, \"requires_assistive_technology\": \"yes\", \"intake_officer_recommendations\": null}',	'{\"form_slug\": null, \"created_via\": \"service_point\", \"provider_id\": 8, \"service_booking_id\": null}',	'completed',	100,	'2026-02-18 03:25:32',	'2026-02-18 03:40:32',	'2026-02-18 03:40:32',	8,	8,	'2026-02-18 03:40:32',	'2026-02-18 03:40:32',	NULL),
(12,	1,	19,	15,	1,	'{\"ward_id\": \"1\", \"religion\": \"christian\", \"county_id\": \"47\", \"has_ncpwd\": true, \"directions\": \"ff fdf \", \"occupation\": null, \"national_id\": \"6868631\", \"school_name\": null, \"school_type\": \"regular\", \"ncpwd_number\": \"NCPWD/2025/12344\", \"current_grade\": null, \"payment_notes\": null, \"phone_primary\": \"0789098776\", \"referrer_name\": null, \"sub_county_id\": \"7\", \"consent_to_sms\": true, \"food_allergies\": [\"groundnuts\", \"wheat\"], \"household_size\": \"67\", \"intake_summary\": \" bbc\", \"marital_status\": \"single\", \"past_surgeries\": null, \"payment_method\": \"ncpwd\", \"recent_illness\": null, \"village_estate\": \"gfgfg\", \"allergy_details\": null, \"at_previous_use\": [], \"caregiver_phone\": \"+25478909876\", \"economic_status\": \"above_average\", \"literacy_status\": null, \"mobility_status\": \"independent\", \"phone_alternate\": null, \"referral_source\": [], \"services_needed\": [\"psychological_assessment\"], \"disability_onset\": \"congenital\", \"follow_up_needed\": [], \"health_insurance\": [\"ncpwd\"], \"insurance_number\": \"000808989\", \"insurance_status\": \"active\", \"ncpwd_card_photo\": \"ncpwd-cards/01KHTAXNCVRGS3VZYASZ8SHMJD.pdf\", \"nearest_landmark\": \"dfdfd grr\", \"next_of_kin_name\": \"james\", \"physical_address\": \"xcxv\", \"primary_language\": \"ksl\", \"reason_for_visit\": \"hfhhfh\", \"referrer_contact\": null, \"self_care_status\": \"independent\", \"service_priority\": \"routine\", \"birth_certificate\": null, \"booking_requested\": false, \"currently_uses_at\": false, \"employment_status\": \"unable\", \"highest_education\": \"primary_incomplete\", \"mobility_concerns\": [], \"ncpwd_card_status\": \"card_seen\", \"next_of_kin_phone\": \"+254789876545\", \"previous_services\": null, \"primary_caregiver\": \"rswsfs\", \"reaction_severity\": \"mild\", \"ready_for_routing\": false, \"selected_services\": [{\"notes\": null, \"priority\": \"routine\", \"service_id\": \"1\"}], \"allergy_categories\": [\"food\"], \"allergy_management\": null, \"chronic_conditions\": [\"none\"], \"interpreter_needed\": false, \"living_arrangement\": \"parents\", \"main_income_source\": \"employment\", \"primary_disability\": \"physical\", \"referral_documents\": [], \"social_interaction\": \"age_appropriate\", \"at_needs_identified\": [], \"current_medications\": null, \"currently_in_school\": true, \"disability_evidence\": [\"disability-evidence/01KHTAXNCX7B59Y0KPGDVWJMQ6.pdf\"], \"disability_severity\": \"mild\", \"immunization_status\": \"up_to_date\", \"communication_method\": \"sign_language\", \"communication_status\": \"delayed\", \"handover_note_intake\": null, \"vocational_interests\": null, \"disability_categories\": [\"physical\", \"visual\"], \"caregiver_relationship\": \"mother\", \"communication_concerns\": [\"speech_delay\"], \"developmental_concerns\": [], \"insurance_member_number\": \"1223333\", \"preferred_communication\": \"sms\", \"primary_service_posting\": \"Physiotherapy Initial Assessment\", \"next_of_kin_relationship\": \"Son\", \"family_history_disability\": false, \"functional_screening_notes\": null, \"feeding_swallowing_concerns\": [\"sucking_difficulty\"], \"presenting_concerns_detailed\": null, \"requires_assistive_technology\": \"no\", \"intake_officer_recommendations\": \"bccbcb\"}',	'{\"form_slug\": null, \"created_via\": \"service_point\", \"provider_id\": 8, \"service_booking_id\": null}',	'completed',	100,	'2026-02-19 03:40:41',	'2026-02-19 03:55:41',	'2026-02-19 03:55:41',	8,	8,	'2026-02-19 03:55:41',	'2026-02-19 03:55:41',	NULL);

DROP TABLE IF EXISTS `assessment_form_schemas`;
CREATE TABLE `assessment_form_schemas` (
  `id` bigint unsigned NOT NULL AUTO_INCREMENT,
  `name` varchar(255) COLLATE utf8mb4_unicode_ci NOT NULL,
  `slug` varchar(255) COLLATE utf8mb4_unicode_ci NOT NULL,
  `version` varchar(20) COLLATE utf8mb4_unicode_ci NOT NULL DEFAULT '1.0.0',
  `category` varchar(100) COLLATE utf8mb4_unicode_ci DEFAULT NULL,
  `description` text COLLATE utf8mb4_unicode_ci,
  `schema` json NOT NULL,
  `conditional_rules` json DEFAULT NULL,
  `validation_rules` json DEFAULT NULL,
  `auto_referrals` json DEFAULT NULL,
  `estimated_minutes` int DEFAULT NULL,
  `allow_draft` tinyint(1) NOT NULL DEFAULT '1',
  `allow_partial_submission` tinyint(1) NOT NULL DEFAULT '1',
  `is_active` tinyint(1) NOT NULL DEFAULT '1',
  `is_published` tinyint(1) NOT NULL DEFAULT '0',
  `created_by` bigint unsigned DEFAULT NULL,
  `updated_by` bigint unsigned DEFAULT NULL,
  `created_at` timestamp NULL DEFAULT NULL,
  `updated_at` timestamp NULL DEFAULT NULL,
  `deleted_at` timestamp NULL DEFAULT NULL,
  PRIMARY KEY (`id`),
  UNIQUE KEY `assessment_form_schemas_slug_unique` (`slug`),
  KEY `assessment_form_schemas_created_by_foreign` (`created_by`),
  KEY `assessment_form_schemas_updated_by_foreign` (`updated_by`),
  KEY `assessment_form_schemas_category_is_active_index` (`category`,`is_active`),
  KEY `assessment_form_schemas_slug_is_active_index` (`slug`,`is_active`),
  KEY `assessment_form_schemas_is_active_index` (`is_active`),
  CONSTRAINT `assessment_form_schemas_created_by_foreign` FOREIGN KEY (`created_by`) REFERENCES `users` (`id`),
  CONSTRAINT `assessment_form_schemas_updated_by_foreign` FOREIGN KEY (`updated_by`) REFERENCES `users` (`id`)
) ENGINE=InnoDB DEFAULT CHARSET=utf8mb4 COLLATE=utf8mb4_unicode_ci;

INSERT INTO `assessment_form_schemas` (`id`, `name`, `slug`, `version`, `category`, `description`, `schema`, `conditional_rules`, `validation_rules`, `auto_referrals`, `estimated_minutes`, `allow_draft`, `allow_partial_submission`, `is_active`, `is_published`, `created_by`, `updated_by`, `created_at`, `updated_at`, `deleted_at`) VALUES
(1,	'Comprehensive Intake Assessment',	'intake-assessment',	'1.0.0',	'clinical_assessment',	'Complete KISE intake capturing all 327+ fields across 12 sections',	'{\"meta\": {\"title\": \"KISE Comprehensive Intake Assessment - 100% Complete\", \"version\": \"2.0.0\", \"changelog\": \"Added: insurance_status, waiver fields, private insurance, combination payment, AT section, allergy severity, auto-referral triggers, EPI cards, guardian conditionals\", \"description\": \"Production-ready intake form with ALL specification requirements\", \"lastUpdated\": \"2026-01-27\", \"completeness\": \"100%\", \"totalSections\": 14, \"estimatedMinutes\": 40}, \"sections\": [{\"id\": \"header\", \"icon\": \"heroicon-o-information-circle\", \"order\": 1, \"title\": \"Client & Visit Information\", \"fields\": [{\"id\": \"client_uci\", \"type\": \"placeholder\", \"label\": \"UCI\", \"content\": \"Auto-loaded from client record\"}, {\"id\": \"client_name\", \"type\": \"placeholder\", \"label\": \"Client Name\", \"content\": \"Auto-loaded from client record\"}, {\"id\": \"client_age\", \"type\": \"placeholder\", \"label\": \"Age\", \"content\": \"Auto-loaded from DOB\"}, {\"id\": \"client_gender\", \"type\": \"placeholder\", \"label\": \"Sex\", \"content\": \"Auto-loaded from client record\"}, {\"id\": \"visit_number\", \"type\": \"placeholder\", \"label\": \"Visit Number\", \"content\": \"Auto-loaded from visit\"}, {\"id\": \"triage_status\", \"type\": \"placeholder\", \"label\": \"Triage Status\", \"content\": \"Auto-loaded from triage\"}], \"columns\": 3, \"collapsible\": false, \"description\": \"Auto-loaded from Reception and Triage\"}, {\"id\": \"contact_info\", \"icon\": \"heroicon-o-phone\", \"order\": 2, \"title\": \"Contact Information\", \"fields\": [{\"id\": \"national_id\", \"type\": \"text\", \"label\": \"National ID / Passport Number\", \"maxLength\": 20, \"prefixIcon\": \"heroicon-o-identification\", \"placeholder\": \"e.g., 12345678\"}, {\"id\": \"birth_certificate\", \"type\": \"text\", \"label\": \"Birth Certificate Number\", \"maxLength\": 20, \"prefixIcon\": \"heroicon-o-document-text\", \"placeholder\": \"Optional\"}, {\"id\": \"phone_primary\", \"type\": \"text\", \"label\": \"Primary Phone\", \"inputType\": \"tel\", \"helperText\": \"Kenya format: +254... or 07...\", \"prefixIcon\": \"heroicon-o-phone\", \"validation\": {\"rules\": [\"regex:/^(\\\\+254|0)[17]\\\\d{8}$/\"]}, \"placeholder\": \"0712345678 or +254712345678\"}, {\"id\": \"phone_alternate\", \"type\": \"text\", \"label\": \"Alternate Phone\", \"inputType\": \"tel\", \"prefixIcon\": \"heroicon-o-phone\", \"placeholder\": \"Optional alternate number\"}, {\"id\": \"preferred_communication\", \"live\": true, \"type\": \"select\", \"label\": \"Preferred Communication Channel\", \"default\": \"sms\", \"options\": [{\"label\": \"SMS\", \"value\": \"sms\"}, {\"label\": \"Phone Call\", \"value\": \"phone\"}, {\"label\": \"Email\", \"value\": \"email\"}, {\"label\": \"WhatsApp\", \"value\": \"whatsapp\"}], \"prefixIcon\": \"heroicon-o-chat-bubble-left-right\", \"validation\": {\"required\": true}}, {\"id\": \"email\", \"type\": \"text\", \"label\": \"Email Address\", \"inputType\": \"email\", \"prefixIcon\": \"heroicon-o-envelope\", \"validation\": {\"rules\": [\"email\"]}, \"placeholder\": \"client@example.com\", \"conditionalDisplay\": {\"field\": \"preferred_communication\", \"value\": \"email\", \"operator\": \"equals\"}}, {\"id\": \"consent_to_sms\", \"type\": \"toggle\", \"label\": \"Consent to Receive SMS\", \"default\": true, \"columnSpan\": \"full\", \"helperText\": \"Client consents to receive appointment reminders and updates via SMS\"}, {\"id\": \"physical_address\", \"rows\": 2, \"type\": \"textarea\", \"label\": \"Physical Address\", \"columnSpan\": \"full\", \"placeholder\": \"Enter complete physical address\"}, {\"id\": \"county_id\", \"live\": true, \"type\": \"select\", \"label\": \"County\", \"dataSource\": {\"model\": \"County\", \"labelField\": \"name\", \"valueField\": \"id\"}, \"prefixIcon\": \"heroicon-o-map-pin\", \"searchable\": true, \"onChangeActions\": [{\"action\": \"reset\", \"target\": \"sub_county_id\"}, {\"action\": \"reset\", \"target\": \"ward_id\"}]}, {\"id\": \"sub_county_id\", \"live\": true, \"type\": \"select\", \"label\": \"Sub-County\", \"disabled\": \"if county_id == null\", \"dataSource\": {\"model\": \"SubCounty\", \"filterBy\": {\"field\": \"county_id\", \"sourceField\": \"county_id\"}, \"labelField\": \"name\", \"valueField\": \"id\"}, \"searchable\": true, \"onChangeActions\": [{\"action\": \"reset\", \"target\": \"ward_id\"}]}, {\"id\": \"ward_id\", \"type\": \"select\", \"label\": \"Ward\", \"disabled\": \"if sub_county_id == null\", \"dataSource\": {\"model\": \"Ward\", \"filterBy\": {\"field\": \"sub_county_id\", \"sourceField\": \"sub_county_id\"}, \"labelField\": \"name\", \"valueField\": \"id\"}, \"searchable\": true}, {\"id\": \"village_estate\", \"type\": \"text\", \"label\": \"Village / Estate\", \"placeholder\": \"e.g., Kimbo Village\"}, {\"id\": \"nearest_landmark\", \"type\": \"text\", \"label\": \"Nearest Landmark\", \"helperText\": \"For home visits and follow-ups\", \"prefixIcon\": \"heroicon-o-map\", \"placeholder\": \"e.g., Near Tuskys Supermarket\"}, {\"id\": \"directions\", \"rows\": 2, \"type\": \"textarea\", \"label\": \"Directions to Home\", \"columnSpan\": \"full\", \"helperText\": \"Important for outreach visits\", \"placeholder\": \"Detailed directions from nearest landmark\"}], \"columns\": 2, \"collapsible\": true, \"description\": \"Client contact details and communication preferences\"}, {\"id\": \"disability_registration\", \"icon\": \"heroicon-o-identification\", \"order\": 3, \"title\": \"Disability & Registration Information\", \"fields\": [{\"id\": \"has_ncpwd\", \"live\": true, \"type\": \"toggle\", \"label\": \"Has NCPWD Card?\", \"default\": false, \"columnSpan\": \"full\"}, {\"id\": \"ncpwd_number\", \"type\": \"text\", \"label\": \"NCPWD Registration Number\", \"helperText\": \"Format: NCPWD/YYYY/XXXXX\", \"prefixIcon\": \"heroicon-o-identification\", \"validation\": {\"rules\": [\"regex:/^NCPWD\\\\/\\\\d{4}\\\\/\\\\d{5}$/\"]}, \"placeholder\": \"NCPWD/YYYY/XXXXX\", \"conditionalDisplay\": {\"field\": \"has_ncpwd\", \"value\": true, \"operator\": \"equals\"}}, {\"id\": \"ncpwd_card_status\", \"type\": \"select\", \"label\": \"NCPWD Card Status\", \"options\": [{\"label\": \"Card Seen & Verified\", \"value\": \"card_seen\"}, {\"label\": \"Copy Uploaded\", \"value\": \"copy_uploaded\"}, {\"label\": \"Pending Verification\", \"value\": \"pending_verification\"}], \"conditionalDisplay\": {\"field\": \"has_ncpwd\", \"value\": true, \"operator\": \"equals\"}}, {\"id\": \"ncpwd_card_photo\", \"type\": \"file\", \"label\": \"NCPWD Card Photo/Scan\", \"directory\": \"ncpwd-cards\", \"columnSpan\": \"full\", \"helperText\": \"Upload both sides of NCPWD card\", \"acceptedFileTypes\": [\"image/*\", \"application/pdf\"], \"conditionalDisplay\": {\"field\": \"has_ncpwd\", \"value\": true, \"operator\": \"equals\"}}, {\"id\": \"disability_categories\", \"live\": true, \"type\": \"checkbox_list\", \"label\": \"Disability Category (Select all that apply)\", \"columns\": 3, \"options\": [{\"label\": \"Physical Disability\", \"value\": \"physical\"}, {\"label\": \"Visual Impairment\", \"value\": \"visual\"}, {\"label\": \"Hearing Impairment\", \"value\": \"hearing\"}, {\"label\": \"Intellectual Disability\", \"value\": \"intellectual\"}, {\"label\": \"Speech & Language Disorder\", \"value\": \"speech\"}, {\"label\": \"Psychosocial Disability\", \"value\": \"psychosocial\"}, {\"label\": \"Multiple Disabilities\", \"value\": \"multiple\"}, {\"label\": \"Albinism\", \"value\": \"albinism\"}, {\"label\": \"Deafblindness\", \"value\": \"deafblind\"}, {\"label\": \"Other (specify below)\", \"value\": \"other\"}], \"columnSpan\": \"full\", \"helperText\": \"Select primary and any additional disabilities\", \"validation\": {\"required\": true}}, {\"id\": \"disability_other_specify\", \"type\": \"text\", \"label\": \"Specify Other Disability\", \"maxLength\": 100, \"columnSpan\": \"full\", \"placeholder\": \"Describe the disability\", \"conditionalDisplay\": {\"field\": \"disability_categories\", \"value\": \"other\", \"operator\": \"contains\"}}, {\"id\": \"disability_other\", \"type\": \"text\", \"label\": \"Other Disability (Please Specify)\", \"columnSpan\": \"full\", \"placeholder\": \"Describe the disability\", \"conditionalDisplay\": {\"field\": \"disability_categories\", \"value\": \"other\", \"operator\": \"contains\"}}, {\"id\": \"primary_disability\", \"type\": \"select\", \"label\": \"Primary Disability\", \"options\": [{\"label\": \"Physical Disability\", \"value\": \"physical\"}, {\"label\": \"Visual Impairment\", \"value\": \"visual\"}, {\"label\": \"Hearing Impairment\", \"value\": \"hearing\"}, {\"label\": \"Intellectual Disability\", \"value\": \"intellectual\"}, {\"label\": \"Speech & Language Disorder\", \"value\": \"speech\"}, {\"label\": \"Psychosocial Disability\", \"value\": \"psychosocial\"}, {\"label\": \"Multiple Disabilities\", \"value\": \"multiple\"}, {\"label\": \"Albinism\", \"value\": \"albinism\"}, {\"label\": \"Deafblindness\", \"value\": \"deafblind\"}], \"helperText\": \"Main disability affecting client - determines service routing\", \"prefixIcon\": \"heroicon-o-star\", \"validation\": {\"required\": true}}, {\"id\": \"disability_severity\", \"type\": \"select\", \"label\": \"Disability Severity\", \"options\": [{\"label\": \"Mild\", \"value\": \"mild\"}, {\"label\": \"Moderate\", \"value\": \"moderate\"}, {\"label\": \"Severe\", \"value\": \"severe\"}, {\"label\": \"Profound\", \"value\": \"profound\"}], \"helperText\": \"Initial assessment - will be confirmed by service provider\"}, {\"id\": \"disability_onset\", \"type\": \"radio\", \"label\": \"Onset of Disability\", \"inline\": true, \"options\": [{\"label\": \"Congenital (from birth)\", \"value\": \"congenital\"}, {\"label\": \"Acquired (after birth)\", \"value\": \"acquired\"}, {\"label\": \"Unknown\", \"value\": \"unknown\"}], \"columnSpan\": \"full\"}, {\"id\": \"disability_age_onset\", \"type\": \"text\", \"label\": \"Age at Onset (if acquired)\", \"inputType\": \"number\", \"placeholder\": \"Enter age in years\", \"conditionalDisplay\": {\"field\": \"disability_onset\", \"value\": \"acquired\", \"operator\": \"equals\"}}, {\"id\": \"disability_cause\", \"rows\": 2, \"type\": \"textarea\", \"label\": \"Known Cause of Disability\", \"placeholder\": \"e.g., Birth complications, accident, illness\", \"conditionalDisplay\": {\"field\": \"disability_onset\", \"value\": \"acquired\", \"operator\": \"equals\"}}, {\"id\": \"disability_evidence\", \"type\": \"file\", \"label\": \"Evidence Documents\", \"multiple\": true, \"directory\": \"disability-evidence\", \"columnSpan\": \"full\", \"helperText\": \"Upload ID, Birth Certificate, NCPWD Card, or medical reports\", \"acceptedFileTypes\": [\"image/*\", \"application/pdf\"]}], \"columns\": 2, \"collapsible\": true, \"description\": \"⚠️ CRITICAL for payment routing and NCPWD subsidy eligibility\"}, {\"id\": \"socio_demographic\", \"icon\": \"heroicon-o-users\", \"order\": 4, \"title\": \"Socio-Demographic Information\", \"fields\": [{\"id\": \"marital_status\", \"type\": \"select\", \"label\": \"Marital Status\", \"options\": [{\"label\": \"Single\", \"value\": \"single\"}, {\"label\": \"Married\", \"value\": \"married\"}, {\"label\": \"Divorced\", \"value\": \"divorced\"}, {\"label\": \"Separated\", \"value\": \"separated\"}, {\"label\": \"Widowed\", \"value\": \"widowed\"}], \"conditionalDisplay\": {\"ageCondition\": {\"minAge\": 18}}}, {\"id\": \"living_arrangement\", \"type\": \"select\", \"label\": \"Living Arrangement\", \"options\": [{\"label\": \"With Parents\", \"value\": \"parents\"}, {\"label\": \"With Spouse\", \"value\": \"spouse\"}, {\"label\": \"Alone\", \"value\": \"alone\"}, {\"label\": \"With Relatives\", \"value\": \"relatives\"}, {\"label\": \"Institution\", \"value\": \"institution\"}, {\"label\": \"Other\", \"value\": \"other\"}], \"validation\": {\"required\": true}}, {\"id\": \"primary_caregiver\", \"type\": \"text\", \"label\": \"Primary Caregiver Name\", \"placeholder\": \"Name of main caregiver\", \"conditionalDisplay\": {\"ageCondition\": {\"maxAge\": 18}}}, {\"id\": \"caregiver_relationship\", \"type\": \"select\", \"label\": \"Caregiver Relationship\", \"options\": [{\"label\": \"Mother\", \"value\": \"mother\"}, {\"label\": \"Father\", \"value\": \"father\"}, {\"label\": \"Guardian\", \"value\": \"guardian\"}, {\"label\": \"Sibling\", \"value\": \"sibling\"}, {\"label\": \"Other Relative\", \"value\": \"other_relative\"}, {\"label\": \"Other\", \"value\": \"other\"}], \"conditionalDisplay\": {\"ageCondition\": {\"maxAge\": 18}}}, {\"id\": \"caregiver_phone\", \"type\": \"text\", \"label\": \"Caregiver Phone\", \"inputType\": \"tel\", \"prefixIcon\": \"heroicon-o-phone\", \"placeholder\": \"0712345678\", \"conditionalDisplay\": {\"ageCondition\": {\"maxAge\": 18}}}, {\"id\": \"household_size\", \"type\": \"text\", \"label\": \"Household Size\", \"inputType\": \"number\", \"helperText\": \"Including client\", \"placeholder\": \"Total number of people\"}, {\"id\": \"primary_language\", \"type\": \"select\", \"label\": \"Primary Language\", \"options\": [{\"label\": \"English\", \"value\": \"english\"}, {\"label\": \"Kiswahili\", \"value\": \"kiswahili\"}, {\"label\": \"Kikuyu\", \"value\": \"kikuyu\"}, {\"label\": \"Luo\", \"value\": \"luo\"}, {\"label\": \"Luhya\", \"value\": \"luhya\"}, {\"label\": \"Kamba\", \"value\": \"kamba\"}, {\"label\": \"Kalenjin\", \"value\": \"kalenjin\"}, {\"label\": \"Kenya Sign Language\", \"value\": \"ksl\"}, {\"label\": \"Other\", \"value\": \"other\"}], \"searchable\": true, \"validation\": {\"required\": true}}, {\"id\": \"communication_method\", \"type\": \"select\", \"label\": \"Primary Communication Method\", \"options\": [{\"label\": \"Verbal Speech\", \"value\": \"verbal\"}, {\"label\": \"Sign Language\", \"value\": \"sign_language\"}, {\"label\": \"Gestures\", \"value\": \"gestures\"}, {\"label\": \"Picture Cards\", \"value\": \"picture_cards\"}, {\"label\": \"AAC Device\", \"value\": \"aac_device\"}, {\"label\": \"Writing\", \"value\": \"writing\"}, {\"label\": \"Other\", \"value\": \"other\"}], \"helperText\": \"How client communicates best\"}, {\"id\": \"interpreter_needed\", \"type\": \"toggle\", \"label\": \"Interpreter Needed?\", \"default\": false, \"helperText\": \"Will client need interpreter for services?\"}, {\"id\": \"economic_status\", \"type\": \"select\", \"label\": \"Economic Status (Self-Reported)\", \"options\": [{\"label\": \"Above Average\", \"value\": \"above_average\"}, {\"label\": \"Average\", \"value\": \"average\"}, {\"label\": \"Below Average\", \"value\": \"below_average\"}, {\"label\": \"Low Income\", \"value\": \"low_income\"}], \"helperText\": \"Client/family perception\"}, {\"id\": \"main_income_source\", \"type\": \"select\", \"label\": \"Main Source of Income\", \"options\": [{\"label\": \"Employment\", \"value\": \"employment\"}, {\"label\": \"Business\", \"value\": \"business\"}, {\"label\": \"Farming\", \"value\": \"farming\"}, {\"label\": \"Family Support\", \"value\": \"support_family\"}, {\"label\": \"Government Support\", \"value\": \"support_government\"}, {\"label\": \"Pension\", \"value\": \"pension\"}, {\"label\": \"None\", \"value\": \"none\"}, {\"label\": \"Other\", \"value\": \"other\"}]}, {\"id\": \"health_insurance\", \"type\": \"checkbox_list\", \"label\": \"Health Insurance Coverage\", \"columns\": 2, \"options\": [{\"label\": \"SHA (Social Health Authority)\", \"value\": \"sha\"}, {\"label\": \"NCPWD\", \"value\": \"ncpwd\"}, {\"label\": \"Private Insurance\", \"value\": \"private\"}, {\"label\": \"Employer-Based\", \"value\": \"employer\"}, {\"label\": \"None\", \"value\": \"none\"}], \"columnSpan\": \"full\"}, {\"id\": \"religion\", \"type\": \"select\", \"label\": \"Religion\", \"options\": [{\"label\": \"Christian\", \"value\": \"christian\"}, {\"label\": \"Muslim\", \"value\": \"muslim\"}, {\"label\": \"Hindu\", \"value\": \"hindu\"}, {\"label\": \"Other\", \"value\": \"other\"}, {\"label\": \"None\", \"value\": \"none\"}]}, {\"id\": \"next_of_kin_name\", \"type\": \"text\", \"label\": \"Next of Kin Name\", \"placeholder\": \"Full name\"}, {\"id\": \"next_of_kin_relationship\", \"type\": \"text\", \"label\": \"Next of Kin Relationship\", \"placeholder\": \"e.g., Mother, Brother\"}, {\"id\": \"next_of_kin_phone\", \"type\": \"text\", \"label\": \"Next of Kin Phone\", \"inputType\": \"tel\", \"prefixIcon\": \"heroicon-o-phone\", \"placeholder\": \"0712345678\"}], \"columns\": 2, \"collapsible\": true, \"description\": \"Social and demographic details\"}, {\"id\": \"medical_history\", \"icon\": \"heroicon-o-heart\", \"order\": 5, \"title\": \"Medical & Developmental History\", \"fields\": [{\"id\": \"chronic_conditions\", \"live\": true, \"type\": \"checkbox_list\", \"label\": \"Chronic Conditions (Select all that apply)\", \"columns\": 3, \"options\": [{\"label\": \"Epilepsy / Seizures\", \"value\": \"epilepsy\"}, {\"label\": \"Cerebral Palsy\", \"value\": \"cerebral_palsy\"}, {\"label\": \"Autism Spectrum Disorder\", \"value\": \"autism\"}, {\"label\": \"Down Syndrome\", \"value\": \"down_syndrome\"}, {\"label\": \"ADHD\", \"value\": \"adhd\"}, {\"label\": \"Diabetes\", \"value\": \"diabetes\"}, {\"label\": \"Asthma\", \"value\": \"asthma\"}, {\"label\": \"Heart Condition\", \"value\": \"heart_condition\"}, {\"label\": \"Mental Health Condition\", \"value\": \"mental_health\"}, {\"label\": \"None\", \"value\": \"none\"}, {\"label\": \"Other\", \"value\": \"other\"}], \"columnSpan\": \"full\"}, {\"id\": \"chronic_conditions_other\", \"type\": \"text\", \"label\": \"Other Chronic Conditions\", \"columnSpan\": \"full\", \"placeholder\": \"Specify other conditions\", \"conditionalDisplay\": {\"field\": \"chronic_conditions\", \"value\": \"other\", \"operator\": \"contains\"}}, {\"id\": \"current_medications\", \"rows\": 3, \"type\": \"textarea\", \"label\": \"Current Medications\", \"columnSpan\": \"full\", \"helperText\": \"Include traditional/herbal remedies\", \"placeholder\": \"List all medications with dosage and frequency\"}, {\"id\": \"past_surgeries\", \"rows\": 2, \"type\": \"textarea\", \"label\": \"Past Surgeries / Hospitalizations\", \"columnSpan\": \"full\", \"placeholder\": \"Description and approximate dates\"}, {\"id\": \"developmental_concerns\", \"type\": \"checkbox_list\", \"label\": \"Developmental Concerns\", \"columns\": 3, \"options\": [{\"label\": \"Motor Delay (sitting, walking)\", \"value\": \"motor_delay\"}, {\"label\": \"Speech/Language Delay\", \"value\": \"speech_delay\"}, {\"label\": \"Cognitive Delay\", \"value\": \"cognitive_delay\"}, {\"label\": \"Social Interaction Delay\", \"value\": \"social_delay\"}, {\"label\": \"Behavioral Concerns\", \"value\": \"behavioral\"}, {\"label\": \"None\", \"value\": \"none\"}], \"columnSpan\": \"full\", \"helperText\": \"Quick screening - detailed assessment follows\"}, {\"id\": \"family_history_disability\", \"type\": \"toggle\", \"label\": \"Family History of Disability?\", \"columnSpan\": \"full\", \"helperText\": \"Any disability in siblings, parents, or close relatives\"}, {\"id\": \"family_history_details\", \"rows\": 2, \"type\": \"textarea\", \"label\": \"Family History Details\", \"columnSpan\": \"full\", \"placeholder\": \"Describe family history\", \"conditionalDisplay\": {\"field\": \"family_history_disability\", \"value\": true, \"operator\": \"equals\"}}, {\"id\": \"immunization_status\", \"type\": \"select\", \"label\": \"Immunization Status\", \"options\": [{\"label\": \"Up to Date\", \"value\": \"up_to_date\"}, {\"label\": \"Partially Immunized\", \"value\": \"partially\"}, {\"label\": \"Not Immunized\", \"value\": \"not_immunized\"}, {\"label\": \"Unknown\", \"value\": \"unknown\"}], \"helperText\": \"Based on EPI schedule\"}, {\"id\": \"recent_illness\", \"rows\": 2, \"type\": \"textarea\", \"label\": \"Recent Illness / Injuries\", \"columnSpan\": \"full\", \"placeholder\": \"Any recent health issues (last 3 months)\"}], \"columns\": 2, \"collapsible\": true, \"description\": \"Medical conditions, medications, and developmental milestones\"}, {\"id\": \"allergies\", \"icon\": \"heroicon-o-exclamation-triangle\", \"order\": 6, \"title\": \"Allergies & Sensitivities\", \"fields\": [{\"id\": \"allergy_categories\", \"live\": true, \"type\": \"checkbox_list\", \"label\": \"Allergy Categories (Select all that apply)\", \"columns\": 3, \"options\": [{\"label\": \"Drug / Medication\", \"value\": \"drug\"}, {\"label\": \"Food\", \"value\": \"food\"}, {\"label\": \"Environmental\", \"value\": \"environmental\"}, {\"label\": \"Insect Bites/Stings\", \"value\": \"insect\"}, {\"label\": \"Latex\", \"value\": \"latex\"}, {\"label\": \"Herbal/Traditional Medicine\", \"value\": \"herbal\"}, {\"label\": \"Chemical\", \"value\": \"chemical\"}, {\"label\": \"No Known Allergies\", \"value\": \"none_known\"}, {\"label\": \"Other\", \"value\": \"other\"}], \"columnSpan\": \"full\"}, {\"id\": \"drug_allergies\", \"type\": \"checkbox_list\", \"label\": \"Drug Allergies (Select all)\", \"columns\": 3, \"options\": [{\"label\": \"Penicillin\", \"value\": \"penicillin\"}, {\"label\": \"Amoxicillin\", \"value\": \"amoxicillin\"}, {\"label\": \"Cotrimoxazole (Septrin)\", \"value\": \"cotrimoxazole\"}, {\"label\": \"Artemether-Lumefantrine (AL/Coartem)\", \"value\": \"artemether\"}, {\"label\": \"Ibuprofen\", \"value\": \"ibuprofen\"}, {\"label\": \"Aspirin\", \"value\": \"aspirin\"}, {\"label\": \"Other\", \"value\": \"other\"}], \"columnSpan\": \"full\", \"conditionalDisplay\": {\"field\": \"allergy_categories\", \"value\": \"drug\", \"operator\": \"contains\"}}, {\"id\": \"drug_allergies_other\", \"type\": \"text\", \"label\": \"Other Drug Allergies\", \"placeholder\": \"Specify\", \"conditionalDisplay\": {\"field\": \"drug_allergies\", \"value\": \"other\", \"operator\": \"contains\"}}, {\"id\": \"food_allergies\", \"type\": \"checkbox_list\", \"label\": \"Food Allergies (Select all)\", \"columns\": 3, \"options\": [{\"label\": \"Milk / Dairy\", \"value\": \"milk\"}, {\"label\": \"Eggs\", \"value\": \"eggs\"}, {\"label\": \"Groundnuts (Peanuts)\", \"value\": \"groundnuts\"}, {\"label\": \"Maize\", \"value\": \"maize\"}, {\"label\": \"Wheat\", \"value\": \"wheat\"}, {\"label\": \"Fish\", \"value\": \"fish\"}, {\"label\": \"Other\", \"value\": \"other\"}], \"columnSpan\": \"full\", \"conditionalDisplay\": {\"field\": \"allergy_categories\", \"value\": \"food\", \"operator\": \"contains\"}}, {\"id\": \"food_allergies_other\", \"type\": \"text\", \"label\": \"Other Food Allergies\", \"placeholder\": \"Specify\", \"conditionalDisplay\": {\"field\": \"food_allergies\", \"value\": \"other\", \"operator\": \"contains\"}}, {\"id\": \"reaction_severity\", \"type\": \"select\", \"label\": \"Worst Reaction Severity\", \"options\": [{\"label\": \"Mild (rash, itching)\", \"value\": \"mild\"}, {\"label\": \"Moderate (swelling, difficulty breathing)\", \"value\": \"moderate\"}, {\"label\": \"Severe (hospitalization required)\", \"value\": \"severe\"}, {\"label\": \"Life-Threatening (anaphylaxis)\", \"value\": \"life_threatening\"}], \"conditionalDisplay\": {\"field\": \"allergy_categories\", \"value\": \"none_known\", \"operator\": \"not_contains\"}}, {\"id\": \"allergy_management\", \"rows\": 2, \"type\": \"textarea\", \"label\": \"Allergy Management\", \"columnSpan\": \"full\", \"helperText\": \"How allergies are currently managed\", \"placeholder\": \"EpiPen, antihistamines, avoidance measures, etc.\", \"conditionalDisplay\": {\"field\": \"allergy_categories\", \"value\": \"none_known\", \"operator\": \"not_contains\"}}, {\"id\": \"allergy_details\", \"rows\": 2, \"type\": \"textarea\", \"label\": \"Additional Allergy Information\", \"columnSpan\": \"full\", \"placeholder\": \"Any other details about allergies\", \"conditionalDisplay\": {\"field\": \"allergy_categories\", \"value\": \"none_known\", \"operator\": \"not_contains\"}}], \"columns\": 2, \"collapsible\": true, \"description\": \"All known allergies - Kenya-specific options\"}, {\"id\": \"assistive_technology\", \"icon\": \"heroicon-o-wrench-screwdriver\", \"order\": 7, \"title\": \"Assistive Technology Assessment\", \"fields\": [{\"id\": \"currently_uses_at\", \"live\": true, \"type\": \"toggle\", \"label\": \"Currently Uses Assistive Technology?\", \"columnSpan\": \"full\"}, {\"id\": \"at_devices_current\", \"live\": true, \"type\": \"checkbox_list\", \"label\": \"Current AT Devices (Select all)\", \"columns\": 3, \"options\": [{\"label\": \"Wheelchair\", \"value\": \"wheelchair\"}, {\"label\": \"Walker / Crutches\", \"value\": \"walker\"}, {\"label\": \"Hearing Aid\", \"value\": \"hearing_aid\"}, {\"label\": \"Glasses / Low Vision Aids\", \"value\": \"glasses\"}, {\"label\": \"White Cane\", \"value\": \"white_cane\"}, {\"label\": \"Braille Device\", \"value\": \"braille_device\"}, {\"label\": \"Communication Device (AAC)\", \"value\": \"communication_device\"}, {\"label\": \"Prosthetic Limb\", \"value\": \"prosthetic\"}, {\"label\": \"Orthotic Device\", \"value\": \"orthotic\"}, {\"label\": \"Other\", \"value\": \"other\"}], \"columnSpan\": \"full\", \"conditionalDisplay\": {\"field\": \"currently_uses_at\", \"value\": true, \"operator\": \"equals\"}}, {\"id\": \"at_devices_other\", \"type\": \"text\", \"label\": \"Other AT Devices\", \"columnSpan\": \"full\", \"placeholder\": \"Specify\", \"conditionalDisplay\": {\"field\": \"at_devices_current\", \"value\": \"other\", \"operator\": \"contains\"}}, {\"id\": \"at_device_condition\", \"type\": \"select\", \"label\": \"Overall Device Condition\", \"options\": [{\"label\": \"Good (functioning well)\", \"value\": \"good\"}, {\"label\": \"Fair (needs minor repairs)\", \"value\": \"fair\"}, {\"label\": \"Poor (needs major repairs/replacement)\", \"value\": \"poor\"}], \"conditionalDisplay\": {\"field\": \"currently_uses_at\", \"value\": true, \"operator\": \"equals\"}}, {\"id\": \"at_training_received\", \"type\": \"toggle\", \"label\": \"Training on AT Use Received?\", \"conditionalDisplay\": {\"field\": \"currently_uses_at\", \"value\": true, \"operator\": \"equals\"}}, {\"id\": \"at_needs_identified\", \"type\": \"checkbox_list\", \"label\": \"AT Needs Identified (Select all)\", \"columns\": 3, \"options\": [{\"label\": \"Mobility Devices\", \"value\": \"mobility\"}, {\"label\": \"Hearing Devices\", \"value\": \"hearing\"}, {\"label\": \"Vision Devices\", \"value\": \"vision\"}, {\"label\": \"Communication Devices\", \"value\": \"communication\"}, {\"label\": \"Daily Living Aids\", \"value\": \"daily_living\"}, {\"label\": \"Educational Tools\", \"value\": \"education\"}, {\"label\": \"No Additional Needs\", \"value\": \"none\"}], \"columnSpan\": \"full\"}, {\"id\": \"at_previous_use\", \"type\": \"repeater\", \"label\": \"Previous AT Use History\", \"columnSpan\": \"full\", \"helperText\": \"Add each device previously used\", \"collapsible\": true, \"defaultItems\": 0}], \"columns\": 2, \"collapsible\": true, \"description\": \"Current AT use and needs - 18 fields\"}, {\"id\": \"education_occupation\", \"icon\": \"heroicon-o-academic-cap\", \"order\": 8, \"title\": \"Education & Occupation\", \"fields\": [{\"id\": \"currently_in_school\", \"live\": true, \"type\": \"toggle\", \"label\": \"Currently in School?\"}, {\"id\": \"school_name\", \"type\": \"text\", \"label\": \"School Name\", \"placeholder\": \"Current school\", \"conditionalDisplay\": {\"field\": \"currently_in_school\", \"value\": true, \"operator\": \"equals\"}}, {\"id\": \"school_type\", \"type\": \"select\", \"label\": \"School Type\", \"options\": [{\"label\": \"Regular School\", \"value\": \"regular\"}, {\"label\": \"Special School\", \"value\": \"special\"}, {\"label\": \"Integrated Unit\", \"value\": \"integrated\"}, {\"label\": \"Home-Based Education\", \"value\": \"home_based\"}], \"conditionalDisplay\": {\"field\": \"currently_in_school\", \"value\": true, \"operator\": \"equals\"}}, {\"id\": \"current_grade\", \"type\": \"text\", \"label\": \"Current Grade / Class\", \"placeholder\": \"e.g., Grade 5\", \"conditionalDisplay\": {\"field\": \"currently_in_school\", \"value\": true, \"operator\": \"equals\"}}, {\"id\": \"highest_education\", \"type\": \"select\", \"label\": \"Highest Education Level\", \"options\": [{\"label\": \"None\", \"value\": \"none\"}, {\"label\": \"Primary (incomplete)\", \"value\": \"primary_incomplete\"}, {\"label\": \"Primary (complete)\", \"value\": \"primary_complete\"}, {\"label\": \"Secondary (incomplete)\", \"value\": \"secondary_incomplete\"}, {\"label\": \"Secondary (complete)\", \"value\": \"secondary_complete\"}, {\"label\": \"Tertiary / University\", \"value\": \"tertiary\"}, {\"label\": \"Vocational Training\", \"value\": \"vocational\"}]}, {\"id\": \"literacy_status\", \"type\": \"select\", \"label\": \"Literacy Status\", \"options\": [{\"label\": \"Fluent\", \"value\": \"fluent\"}, {\"label\": \"Basic\", \"value\": \"basic\"}, {\"label\": \"Minimal\", \"value\": \"minimal\"}, {\"label\": \"None\", \"value\": \"none\"}]}, {\"id\": \"employment_status\", \"type\": \"select\", \"label\": \"Employment Status\", \"options\": [{\"label\": \"Employed\", \"value\": \"employed\"}, {\"label\": \"Self-Employed\", \"value\": \"self_employed\"}, {\"label\": \"Unemployed\", \"value\": \"unemployed\"}, {\"label\": \"Student\", \"value\": \"student\"}, {\"label\": \"Retired\", \"value\": \"retired\"}, {\"label\": \"Unable to Work\", \"value\": \"unable\"}], \"conditionalDisplay\": {\"ageCondition\": {\"minAge\": 18}}}, {\"id\": \"occupation\", \"type\": \"text\", \"label\": \"Occupation / Job Title\", \"placeholder\": \"Current or previous occupation\", \"conditionalDisplay\": {\"ageCondition\": {\"minAge\": 18}}}, {\"id\": \"vocational_interests\", \"rows\": 2, \"type\": \"textarea\", \"label\": \"Vocational Interests / Skills\", \"columnSpan\": \"full\", \"placeholder\": \"Areas of interest for training or employment\", \"conditionalDisplay\": {\"ageCondition\": {\"minAge\": 15}}}], \"columns\": 2, \"collapsible\": true, \"description\": \"Educational history and employment status\"}, {\"id\": \"functional_screening\", \"icon\": \"heroicon-o-clipboard-document-check\", \"order\": 9, \"title\": \"Functional Screening\", \"fields\": [{\"id\": \"mobility_status\", \"type\": \"radio\", \"label\": \"Mobility\", \"inline\": false, \"options\": [{\"label\": \"Independent\", \"value\": \"independent\"}, {\"label\": \"Minimal Assistance\", \"value\": \"minimal_assistance\"}, {\"label\": \"Moderate Assistance\", \"value\": \"moderate_assistance\"}, {\"label\": \"Full Assistance\", \"value\": \"full_assistance\"}, {\"label\": \"Not Assessed\", \"value\": \"not_assessed\"}], \"columnSpan\": \"full\"}, {\"id\": \"self_care_status\", \"type\": \"radio\", \"label\": \"Self-Care (eating, dressing, hygiene)\", \"inline\": false, \"options\": [{\"label\": \"Independent\", \"value\": \"independent\"}, {\"label\": \"Minimal Assistance\", \"value\": \"minimal_assistance\"}, {\"label\": \"Moderate Assistance\", \"value\": \"moderate_assistance\"}, {\"label\": \"Full Assistance\", \"value\": \"full_assistance\"}, {\"label\": \"Not Assessed\", \"value\": \"not_assessed\"}], \"columnSpan\": \"full\"}, {\"id\": \"communication_status\", \"type\": \"radio\", \"label\": \"Communication\", \"inline\": false, \"options\": [{\"label\": \"Age-Appropriate\", \"value\": \"age_appropriate\"}, {\"label\": \"Delayed\", \"value\": \"delayed\"}, {\"label\": \"Severely Limited\", \"value\": \"severely_limited\"}, {\"label\": \"Non-Verbal\", \"value\": \"non_verbal\"}, {\"label\": \"Not Assessed\", \"value\": \"not_assessed\"}], \"columnSpan\": \"full\"}, {\"id\": \"social_interaction\", \"type\": \"radio\", \"label\": \"Social Interaction\", \"inline\": false, \"options\": [{\"label\": \"Age-Appropriate\", \"value\": \"age_appropriate\"}, {\"label\": \"Some Challenges\", \"value\": \"some_challenges\"}, {\"label\": \"Significant Challenges\", \"value\": \"significant_challenges\"}, {\"label\": \"Minimal Interaction\", \"value\": \"minimal_interaction\"}, {\"label\": \"Not Assessed\", \"value\": \"not_assessed\"}], \"columnSpan\": \"full\"}, {\"id\": \"functional_screening_notes\", \"rows\": 3, \"type\": \"textarea\", \"label\": \"Screening Notes\", \"columnSpan\": \"full\", \"helperText\": \"Detailed functional assessment will be conducted separately\", \"placeholder\": \"Any observations from quick screening\"}, {\"id\": \"feeding_swallowing_concerns\", \"type\": \"checkbox_list\", \"label\": \"Feeding/Swallowing Concerns\", \"columns\": 2, \"options\": [{\"label\": \"Sucking Difficulty\", \"value\": \"sucking_difficulty\"}, {\"label\": \"Swallowing Difficulty\", \"value\": \"swallowing_difficulty\"}, {\"label\": \"Coughing/Choking\", \"value\": \"coughing_choking\"}, {\"label\": \"Texture Aversion\", \"value\": \"texture_aversion\"}, {\"label\": \"Prolonged Feeding\", \"value\": \"prolonged_feeding\"}, {\"label\": \"Refuses Food\", \"value\": \"refuse_food\"}, {\"label\": \"None\", \"value\": \"none\"}], \"columnSpan\": \"full\", \"helperText\": \"⚠️ AUTO-REFERRAL: Triggers SLT + Nutrition\"}, {\"id\": \"mobility_concerns\", \"type\": \"checkbox_list\", \"label\": \"Mobility Concerns\", \"columns\": 2, \"options\": [{\"label\": \"Walking Difficulty\", \"value\": \"walking\"}, {\"label\": \"Balance Issues\", \"value\": \"balance\"}, {\"label\": \"Transfer Difficulty\", \"value\": \"transfers\"}, {\"label\": \"Cannot Use Stairs\", \"value\": \"stairs\"}, {\"label\": \"Requires Mobility Aid\", \"value\": \"requires_aid\"}, {\"label\": \"Wheelchair User\", \"value\": \"wheelchair\"}, {\"label\": \"None\", \"value\": \"none\"}], \"columnSpan\": \"full\", \"helperText\": \"⚠️ AUTO-REFERRAL: Triggers Physiotherapy\"}, {\"id\": \"communication_concerns\", \"type\": \"checkbox_list\", \"label\": \"Communication Concerns\", \"columns\": 2, \"options\": [{\"label\": \"Speech Delay\", \"value\": \"speech_delay\"}, {\"label\": \"Articulation Issues\", \"value\": \"articulation\"}, {\"label\": \"Comprehension Difficulty\", \"value\": \"comprehension\"}, {\"label\": \"Expressive Language Issues\", \"value\": \"expressive\"}, {\"label\": \"Stuttering\", \"value\": \"stuttering\"}, {\"label\": \"Voice Quality Issues\", \"value\": \"voice_quality\"}, {\"label\": \"Nonverbal\", \"value\": \"nonverbal\"}, {\"label\": \"None\", \"value\": \"none\"}], \"columnSpan\": \"full\", \"helperText\": \"⚠️ AUTO-REFERRAL: Triggers SLT\"}], \"columns\": 1, \"collapsible\": true, \"description\": \"Quick functional assessment - detailed assessment separate\"}, {\"id\": \"referral_info\", \"icon\": \"heroicon-o-arrow-right-circle\", \"order\": 10, \"title\": \"Referral Information\", \"fields\": [{\"id\": \"referral_source\", \"live\": true, \"type\": \"checkbox_list\", \"label\": \"Referral Source (Select all that apply)\", \"columns\": 3, \"options\": [{\"label\": \"Self / Walk-in\", \"value\": \"self\"}, {\"label\": \"School\", \"value\": \"school\"}, {\"label\": \"Hospital / Clinic\", \"value\": \"hospital\"}, {\"label\": \"Community Health Worker\", \"value\": \"community_worker\"}, {\"label\": \"Social Media / Online\", \"value\": \"social_media\"}, {\"label\": \"Court Order\", \"value\": \"court\"}, {\"label\": \"NGO / CBO\", \"value\": \"ngo\"}, {\"label\": \"Other\", \"value\": \"other\"}], \"columnSpan\": \"full\"}, {\"id\": \"referral_source_other\", \"type\": \"text\", \"label\": \"Other Referral Source\", \"columnSpan\": \"full\", \"placeholder\": \"Specify\", \"conditionalDisplay\": {\"field\": \"referral_source\", \"value\": \"other\", \"operator\": \"contains\"}}, {\"id\": \"referrer_name\", \"type\": \"text\", \"label\": \"Referrer Name\", \"placeholder\": \"Name of person/organization who referred\"}, {\"id\": \"referrer_contact\", \"type\": \"text\", \"label\": \"Referrer Contact\", \"inputType\": \"tel\", \"prefixIcon\": \"heroicon-o-phone\", \"placeholder\": \"Phone or email\"}, {\"id\": \"reason_for_visit\", \"rows\": 3, \"type\": \"textarea\", \"label\": \"Chief Complaint / Reason for Visit\", \"maxLength\": 250, \"columnSpan\": \"full\", \"helperText\": \"Keep brief and concise - max 250 characters\", \"validation\": {\"required\": true}, \"placeholder\": \"Brief description of main concern (max 250 characters)\"}, {\"id\": \"presenting_concerns_detailed\", \"rows\": 4, \"type\": \"textarea\", \"label\": \"Detailed Presenting Concerns\", \"columnSpan\": \"full\", \"helperText\": \"More detailed information about concerns\", \"placeholder\": \"Detailed description of concerns, symptoms, behaviors, timeline\"}, {\"id\": \"previous_services\", \"rows\": 3, \"type\": \"textarea\", \"label\": \"Previous Services / Interventions\", \"columnSpan\": \"full\", \"placeholder\": \"Any previous therapy, assessments, or interventions received elsewhere\"}, {\"id\": \"referral_documents\", \"type\": \"file\", \"label\": \"Referral Documents\", \"multiple\": true, \"directory\": \"referral-documents\", \"columnSpan\": \"full\", \"helperText\": \"Upload referral letters, previous reports, medical records\", \"acceptedFileTypes\": [\"image/*\", \"application/pdf\"]}], \"columns\": 2, \"collapsible\": true, \"description\": \"How client came to KISE and presenting concerns\"}, {\"id\": \"assistive_technology\", \"icon\": \"heroicon-o-wrench-screwdriver\", \"order\": 11, \"title\": \"Assistive Technology & Devices\", \"fields\": [{\"id\": \"requires_assistive_technology\", \"live\": true, \"type\": \"radio\", \"label\": \"Requires AT/Devices?\", \"options\": [{\"label\": \"Yes - Definitely needed\", \"value\": \"yes\"}, {\"label\": \"No\", \"value\": \"no\"}, {\"label\": \"Assessment Needed\", \"value\": \"assessment_needed\"}], \"columnSpan\": \"full\", \"helperText\": \"⚠️ Affects billing and service routing\", \"validation\": {\"required\": true}}, {\"id\": \"at_categories_needed\", \"live\": true, \"type\": \"checkbox_list\", \"label\": \"AT Categories (select all)\", \"columns\": 3, \"options\": [{\"label\": \"Mobility Aids\", \"value\": \"mobility\"}, {\"label\": \"Hearing Aids\", \"value\": \"hearing\"}, {\"label\": \"Vision Aids\", \"value\": \"vision\"}, {\"label\": \"Communication Devices\", \"value\": \"communication\"}, {\"label\": \"Seating/Positioning\", \"value\": \"seating\"}, {\"label\": \"Daily Living Aids\", \"value\": \"daily_living\"}, {\"label\": \"Learning Aids\", \"value\": \"learning\"}, {\"label\": \"Orthotics/Prosthetics\", \"value\": \"orthotics\"}, {\"label\": \"Sensory Equipment\", \"value\": \"sensory\"}, {\"label\": \"Computer Access\", \"value\": \"computer\"}, {\"label\": \"Other\", \"value\": \"other\"}], \"columnSpan\": \"full\", \"conditionalDisplay\": {\"field\": \"requires_assistive_technology\", \"value\": [\"yes\", \"assessment_needed\"], \"operator\": \"in\"}}, {\"id\": \"at_other_specify\", \"type\": \"text\", \"label\": \"Specify Other AT\", \"maxLength\": 150, \"columnSpan\": \"full\", \"placeholder\": \"Describe the device needed\", \"conditionalDisplay\": {\"field\": \"at_categories_needed\", \"value\": \"other\", \"operator\": \"contains\"}}, {\"id\": \"current_at_devices\", \"rows\": 3, \"type\": \"textarea\", \"label\": \"Current AT in Use\", \"columnSpan\": \"full\", \"placeholder\": \"List current devices, age, condition, issues\", \"conditionalDisplay\": {\"field\": \"requires_assistive_technology\", \"value\": [\"yes\", \"assessment_needed\"], \"operator\": \"in\"}}, {\"id\": \"at_urgency\", \"type\": \"select\", \"label\": \"AT Urgency\", \"options\": [{\"label\": \"Urgent - Critical need\", \"value\": \"urgent\"}, {\"label\": \"High - Needed soon\", \"value\": \"high\"}, {\"label\": \"Moderate\", \"value\": \"moderate\"}, {\"label\": \"Low - Enhancement\", \"value\": \"low\"}], \"prefixIcon\": \"heroicon-o-clock\", \"conditionalDisplay\": {\"field\": \"requires_assistive_technology\", \"value\": \"yes\", \"operator\": \"equals\"}}, {\"id\": \"at_funding_source\", \"type\": \"select\", \"label\": \"AT Funding Source\", \"options\": [{\"label\": \"NCPWD\", \"value\": \"ncpwd\"}, {\"label\": \"Client/Family\", \"value\": \"client\"}, {\"label\": \"Sponsor/NGO\", \"value\": \"sponsor\"}, {\"label\": \"SHA\", \"value\": \"sha\"}, {\"label\": \"Insurance\", \"value\": \"insurance\"}, {\"label\": \"Waiver\", \"value\": \"waiver\"}, {\"label\": \"Combination\", \"value\": \"combination\"}, {\"label\": \"Unknown\", \"value\": \"unknown\"}], \"helperText\": \"⚠️ Important for billing\", \"prefixIcon\": \"heroicon-o-currency-dollar\", \"conditionalDisplay\": {\"field\": \"requires_assistive_technology\", \"value\": \"yes\", \"operator\": \"equals\"}}, {\"id\": \"at_previous_assessments\", \"rows\": 2, \"type\": \"textarea\", \"label\": \"Previous AT Assessments\", \"columnSpan\": \"full\", \"placeholder\": \"Previous evaluations or prescriptions\", \"conditionalDisplay\": {\"field\": \"requires_assistive_technology\", \"value\": [\"yes\", \"assessment_needed\"], \"operator\": \"in\"}}, {\"id\": \"at_assessment_notes\", \"rows\": 4, \"type\": \"textarea\", \"label\": \"AT Assessment Notes\", \"columnSpan\": \"full\", \"placeholder\": \"Observations, measurements, preferences, next steps\", \"conditionalDisplay\": {\"field\": \"requires_assistive_technology\", \"value\": [\"yes\", \"assessment_needed\"], \"operator\": \"in\"}}], \"columns\": 2, \"collapsed\": true, \"collapsible\": true, \"description\": \"⚠️ CRITICAL for device billing and funding\"}, {\"id\": \"service_posting\", \"icon\": \"heroicon-o-building-office-2\", \"order\": 11, \"title\": \"Service Screening & Posting\", \"fields\": [{\"id\": \"services_needed\", \"type\": \"checkbox_list\", \"label\": \"Services Needed (Select all)\", \"columns\": 3, \"options\": [{\"label\": \"Educational Assessment\", \"value\": \"educational_assessment\"}, {\"label\": \"Psychological Assessment\", \"value\": \"psychological_assessment\"}, {\"label\": \"Audiology\", \"value\": \"audiology\"}, {\"label\": \"Physiotherapy\", \"value\": \"physiotherapy\"}, {\"label\": \"Occupational Therapy\", \"value\": \"occupational_therapy\"}, {\"label\": \"Speech & Language Therapy\", \"value\": \"speech_language\"}, {\"label\": \"Vision Services\", \"value\": \"vision\"}, {\"label\": \"Counselling\", \"value\": \"counselling\"}, {\"label\": \"Assistive Technology\", \"value\": \"assistive_technology\"}, {\"label\": \"Nutrition\", \"value\": \"nutrition\"}, {\"label\": \"Social Work\", \"value\": \"social_work\"}, {\"label\": \"Other\", \"value\": \"other\"}], \"columnSpan\": \"full\", \"helperText\": \"Based on presenting concerns and screening\", \"validation\": {\"required\": true}}, {\"id\": \"primary_service_posting\", \"type\": \"select\", \"label\": \"Primary Service Posting\", \"dataSource\": {\"model\": \"Service\", \"labelField\": \"name\", \"valueField\": \"name\"}, \"helperText\": \"Main service point where client will start\", \"prefixIcon\": \"heroicon-o-star\", \"searchable\": true, \"validation\": {\"required\": true}}, {\"id\": \"service_priority\", \"type\": \"select\", \"label\": \"Service Priority\", \"default\": \"routine\", \"options\": [{\"label\": \"Routine\", \"value\": \"routine\"}, {\"label\": \"High Priority\", \"value\": \"high\"}, {\"label\": \"Urgent\", \"value\": \"urgent\"}], \"helperText\": \"Based on triage and assessment\"}, {\"id\": \"handover_note_intake\", \"rows\": 2, \"type\": \"textarea\", \"label\": \"Handover Note to Service Point\", \"maxLength\": 200, \"columnSpan\": \"full\", \"helperText\": \"Keep brief - max 200 characters\", \"placeholder\": \"Brief note for service provider (1-2 lines max)\"}, {\"id\": \"booking_requested\", \"type\": \"toggle\", \"label\": \"Create Booking Request?\", \"default\": false, \"columnSpan\": \"full\", \"helperText\": \"Request Customer Care to schedule appointment\"}, {\"id\": \"preferred_appointment_date\", \"type\": \"date\", \"label\": \"Preferred Appointment Date\", \"minDate\": \"today\", \"conditionalDisplay\": {\"field\": \"booking_requested\", \"value\": true, \"operator\": \"equals\"}}, {\"id\": \"preferred_time\", \"type\": \"select\", \"label\": \"Preferred Time\", \"options\": [{\"label\": \"Morning (8AM - 12PM)\", \"value\": \"morning\"}, {\"label\": \"Afternoon (12PM - 5PM)\", \"value\": \"afternoon\"}, {\"label\": \"Any Time\", \"value\": \"any\"}], \"conditionalDisplay\": {\"field\": \"booking_requested\", \"value\": true, \"operator\": \"equals\"}}], \"columns\": 2, \"collapsible\": true, \"description\": \"Services needed and routing to departments\"}, {\"id\": \"payment_insurance\", \"icon\": \"heroicon-o-credit-card\", \"order\": 13, \"title\": \"Payment Method & Insurance\", \"fields\": [{\"id\": \"payment_method\", \"live\": true, \"type\": \"select\", \"label\": \"Payment Method\", \"options\": [{\"label\": \"Cash\", \"value\": \"cash\"}, {\"label\": \"M-PESA\", \"value\": \"mpesa\"}, {\"label\": \"SHA (Social Health Authority)\", \"value\": \"sha\"}, {\"label\": \"NCPWD (Persons with Disabilities)\", \"value\": \"ncpwd\"}, {\"label\": \"Private Insurance\", \"value\": \"insurance_private\"}, {\"label\": \"Waiver / Pro Bono\", \"value\": \"waiver\"}, {\"label\": \"Combination (SHA + Co-pay, etc.)\", \"value\": \"combination\"}], \"columnSpan\": \"full\", \"helperText\": \"⚠️ Cash/M-PESA → Cashier | SHA/NCPWD/Insurance/Waiver → Billing Admin\", \"prefixIcon\": \"heroicon-o-banknotes\", \"validation\": {\"required\": true}}, {\"id\": \"insurance_member_number\", \"type\": \"text\", \"label\": \"Insurance/Member Number\", \"helperText\": \"⚠️ Required for Billing Admin verification\", \"prefixIcon\": \"heroicon-o-hashtag\", \"validation\": {\"required\": true}, \"placeholder\": \"Enter number\", \"conditionalDisplay\": {\"field\": \"payment_method\", \"value\": [\"sha\", \"ncpwd\", \"insurance_private\", \"combination\"], \"operator\": \"in\"}}, {\"id\": \"insurance_status\", \"type\": \"select\", \"label\": \"Insurance/Coverage Status\", \"options\": [{\"label\": \"Active\", \"value\": \"active\"}, {\"label\": \"Expired\", \"value\": \"expired\"}, {\"label\": \"Pending\", \"value\": \"pending_verification\"}, {\"label\": \"Unknown\", \"value\": \"unknown\"}], \"helperText\": \"⚠️ CRITICAL - Billing Admin verifies\", \"prefixIcon\": \"heroicon-o-check-circle\", \"conditionalDisplay\": {\"field\": \"payment_method\", \"value\": [\"sha\", \"ncpwd\", \"insurance_private\", \"combination\"], \"operator\": \"in\"}}, {\"id\": \"insurance_provider_name\", \"type\": \"text\", \"label\": \"Insurance Provider\", \"placeholder\": \"E.g., AAR, Jubilee, Madison\", \"conditionalDisplay\": {\"field\": \"payment_method\", \"value\": [\"insurance_private\", \"combination\"], \"operator\": \"in\"}}, {\"id\": \"waiver_type\", \"type\": \"select\", \"label\": \"Waiver Type\", \"options\": [{\"label\": \"NCPWD Full (100%)\", \"value\": \"ncpwd_full\"}, {\"label\": \"NCPWD Partial\", \"value\": \"ncpwd_partial\"}, {\"label\": \"Social Work Exemption\", \"value\": \"social_work\"}, {\"label\": \"KISE Internal\", \"value\": \"kise_internal\"}, {\"label\": \"Vulnerable Child\", \"value\": \"vulnerable_child\"}, {\"label\": \"Orphan & Vulnerable\", \"value\": \"ovc\"}, {\"label\": \"Extreme Poverty\", \"value\": \"extreme_poverty\"}, {\"label\": \"Community/Chief Referral\", \"value\": \"community\"}, {\"label\": \"Other\", \"value\": \"other\"}], \"helperText\": \"⚠️ Requires Billing Admin approval\", \"prefixIcon\": \"heroicon-o-gift\", \"validation\": {\"required\": true}, \"conditionalDisplay\": {\"field\": \"payment_method\", \"value\": \"waiver\", \"operator\": \"equals\"}}, {\"id\": \"waiver_other_specify\", \"type\": \"text\", \"label\": \"Specify Waiver Type\", \"maxLength\": 100, \"conditionalDisplay\": {\"field\": \"waiver_type\", \"value\": \"other\", \"operator\": \"equals\"}}, {\"id\": \"waiver_justification\", \"rows\": 5, \"type\": \"textarea\", \"label\": \"Waiver Justification (REQUIRED)\", \"columnSpan\": \"full\", \"helperText\": \"⚠️ Billing Admin reviews for approval\", \"validation\": {\"required\": true}, \"placeholder\": \"Detailed justification:\\n1. Financial situation\\n2. Why cannot pay\\n3. Evidence available\\n4. Recommendation\", \"conditionalDisplay\": {\"field\": \"payment_method\", \"value\": \"waiver\", \"operator\": \"equals\"}}, {\"id\": \"waiver_supporting_documents\", \"type\": \"file\", \"label\": \"Waiver Supporting Documents\", \"multiple\": true, \"directory\": \"waivers\", \"columnSpan\": \"full\", \"helperText\": \"Upload: NCPWD card, letter from chief, social worker report, etc.\", \"acceptedFileTypes\": [\"image/*\", \"application/pdf\"], \"conditionalDisplay\": {\"field\": \"payment_method\", \"value\": \"waiver\", \"operator\": \"equals\"}}, {\"id\": \"combination_details\", \"rows\": 3, \"type\": \"textarea\", \"label\": \"Combination Payment Details\", \"columnSpan\": \"full\", \"helperText\": \"Explain payment split\", \"placeholder\": \"E.g., \'SHA covers assessment, client pays for hearing aid\'\", \"conditionalDisplay\": {\"field\": \"payment_method\", \"value\": \"combination\", \"operator\": \"equals\"}}, {\"id\": \"estimated_cost_preview\", \"type\": \"placeholder\", \"label\": \"Estimated Cost\", \"content\": \"Calculated based on services and payment method\", \"columnSpan\": \"full\"}, {\"id\": \"payment_notes\", \"rows\": 3, \"type\": \"textarea\", \"label\": \"Payment Notes\", \"columnSpan\": \"full\", \"placeholder\": \"Payment plans, sponsor info, special arrangements\"}], \"columns\": 2, \"collapsed\": false, \"collapsible\": false, \"description\": \"⚠️ CRITICAL - Routes to Cashier or Billing Admin\"}, {\"id\": \"intake_completion\", \"icon\": \"heroicon-o-check-circle\", \"order\": 14, \"title\": \"Intake Completion & Routing\", \"fields\": [{\"id\": \"intake_summary\", \"rows\": 5, \"type\": \"textarea\", \"label\": \"Intake Summary\", \"columnSpan\": \"full\", \"validation\": {\"required\": true}, \"placeholder\": \"Key findings:\\n• Main concerns\\n• Disability/NCPWD status\\n• Services recommended\\n• Payment pathway\\n• Urgent needs\"}, {\"id\": \"intake_officer_recommendations\", \"rows\": 3, \"type\": \"textarea\", \"label\": \"Recommendations\", \"columnSpan\": \"full\", \"placeholder\": \"Priority sequencing, follow-up, cautions\"}, {\"id\": \"follow_up_needed\", \"type\": \"checkbox_list\", \"label\": \"Follow-up Actions\", \"columns\": 2, \"options\": [{\"label\": \"Verify NCPWD\", \"value\": \"verify_ncpwd\"}, {\"label\": \"Verify Insurance\", \"value\": \"verify_insurance\"}, {\"label\": \"Obtain Documents\", \"value\": \"obtain_documents\"}, {\"label\": \"Contact Sponsor\", \"value\": \"contact_sponsor\"}, {\"label\": \"Coordinate Services\", \"value\": \"coordinate_services\"}, {\"label\": \"Arrange Transport\", \"value\": \"arrange_transport\"}, {\"label\": \"Interpreter Needed\", \"value\": \"interpreter\"}, {\"label\": \"Urgent Team Review\", \"value\": \"urgent_review\"}, {\"label\": \"None - Ready\", \"value\": \"none\"}], \"columnSpan\": \"full\"}, {\"id\": \"ready_for_routing\", \"type\": \"toggle\", \"label\": \"✓ Complete - Ready to Route\", \"default\": false, \"columnSpan\": \"full\", \"helperText\": \"Check when ready to send to payment\", \"validation\": {\"required\": true}}, {\"id\": \"routing_preview\", \"type\": \"placeholder\", \"label\": \"Routing Destination\", \"content\": \"Cash/M-PESA → Cashier | SHA/NCPWD/Insurance/Waiver → Billing Admin\", \"columnSpan\": \"full\"}], \"columns\": 1, \"collapsed\": false, \"collapsible\": false, \"description\": \"Final review before routing\"}]}',	NULL,	NULL,	NULL,	30,	1,	1,	1,	1,	1,	1,	'2025-11-25 06:47:09',	'2025-11-25 06:47:09',	NULL),
(2,	'Client Satisfaction Survey',	'satisfaction-survey',	'1.0.0',	'survey',	'Quick satisfaction survey for service feedback',	'{\"meta\": {\"title\": \"Client Satisfaction Survey\", \"version\": \"1.0.0\", \"description\": \"Quick feedback survey\", \"estimatedMinutes\": 5}, \"sections\": [{\"id\": \"satisfaction\", \"icon\": \"heroicon-o-star\", \"order\": 1, \"title\": \"Service Experience\", \"fields\": [{\"id\": \"overall_rating\", \"type\": \"radio\", \"label\": \"How would you rate your overall experience?\", \"inline\": false, \"options\": [{\"label\": \"⭐⭐⭐⭐⭐ Excellent\", \"value\": \"5\"}, {\"label\": \"⭐⭐⭐⭐ Good\", \"value\": \"4\"}, {\"label\": \"⭐⭐⭐ Average\", \"value\": \"3\"}, {\"label\": \"⭐⭐ Poor\", \"value\": \"2\"}, {\"label\": \"⭐ Very Poor\", \"value\": \"1\"}], \"validation\": {\"required\": true}}, {\"id\": \"staff_professionalism\", \"type\": \"radio\", \"label\": \"How would you rate staff professionalism?\", \"inline\": false, \"options\": [{\"label\": \"Excellent\", \"value\": \"5\"}, {\"label\": \"Good\", \"value\": \"4\"}, {\"label\": \"Average\", \"value\": \"3\"}, {\"label\": \"Poor\", \"value\": \"2\"}, {\"label\": \"Very Poor\", \"value\": \"1\"}], \"validation\": {\"required\": true}}, {\"id\": \"wait_time_satisfaction\", \"type\": \"radio\", \"label\": \"How satisfied were you with wait times?\", \"inline\": false, \"options\": [{\"label\": \"Very Satisfied\", \"value\": \"5\"}, {\"label\": \"Satisfied\", \"value\": \"4\"}, {\"label\": \"Neutral\", \"value\": \"3\"}, {\"label\": \"Dissatisfied\", \"value\": \"2\"}, {\"label\": \"Very Dissatisfied\", \"value\": \"1\"}], \"validation\": {\"required\": true}}, {\"id\": \"facility_cleanliness\", \"type\": \"radio\", \"label\": \"How would you rate facility cleanliness?\", \"inline\": false, \"options\": [{\"label\": \"Excellent\", \"value\": \"5\"}, {\"label\": \"Good\", \"value\": \"4\"}, {\"label\": \"Average\", \"value\": \"3\"}, {\"label\": \"Poor\", \"value\": \"2\"}, {\"label\": \"Very Poor\", \"value\": \"1\"}], \"validation\": {\"required\": true}}, {\"id\": \"would_recommend\", \"type\": \"toggle\", \"label\": \"Would you recommend our services to others?\", \"default\": true, \"validation\": {\"required\": true}}, {\"id\": \"most_satisfied_aspect\", \"rows\": 3, \"type\": \"textarea\", \"label\": \"What did you like most about our service?\", \"placeholder\": \"Share what you appreciated most\"}, {\"id\": \"improvement_suggestions\", \"rows\": 3, \"type\": \"textarea\", \"label\": \"How can we improve our services?\", \"placeholder\": \"Your suggestions help us serve you better\"}, {\"id\": \"additional_comments\", \"rows\": 4, \"type\": \"textarea\", \"label\": \"Additional Comments\", \"placeholder\": \"Any other feedback you would like to share\"}], \"columns\": 1, \"collapsible\": false, \"description\": \"Tell us about your experience\"}]}',	NULL,	NULL,	NULL,	5,	1,	0,	1,	1,	1,	1,	'2025-11-25 06:45:15',	'2025-11-25 06:45:15',	NULL),
(3,	'Basic Eye Assessment',	'vision-basic-eye',	'1',	'vision',	'Initial screening for visual acuity and presenting complaints',	'{\"sections\": [{\"icon\": \"heroicon-o-user\", \"title\": \"Client Information\", \"fields\": [{\"id\": \"client_name\", \"type\": \"placeholder\", \"label\": \"Client Name\", \"columnSpan\": 1}, {\"id\": \"client_age\", \"type\": \"placeholder\", \"label\": \"Age\", \"columnSpan\": 1}, {\"id\": \"client_uci\", \"type\": \"placeholder\", \"label\": \"UCI\", \"columnSpan\": 1}, {\"id\": \"contact\", \"type\": \"text\", \"label\": \"Contact\", \"inputType\": \"tel\", \"columnSpan\": 1, \"validation\": {\"required\": false}}], \"columns\": 2}, {\"icon\": \"heroicon-o-chat-bubble-left-right\", \"title\": \"Presenting Complaints\", \"fields\": [{\"id\": \"presenting_complaints\", \"rows\": 4, \"type\": \"textarea\", \"label\": \"Main Complaints\", \"validation\": {\"required\": true}, \"placeholder\": \"e.g., blurred vision, pain, redness\"}], \"columns\": 1}, {\"icon\": \"heroicon-o-eye\", \"title\": \"Visual Acuity\", \"fields\": [{\"id\": \"va_right_distance\", \"type\": \"select\", \"label\": \"Right Eye - Distance VA\", \"options\": [{\"label\": \"6/6\", \"value\": \"6/6\"}, {\"label\": \"6/9\", \"value\": \"6/9\"}, {\"label\": \"6/12\", \"value\": \"6/12\"}, {\"label\": \"6/18\", \"value\": \"6/18\"}, {\"label\": \"6/24\", \"value\": \"6/24\"}, {\"label\": \"6/60\", \"value\": \"6/60\"}, {\"label\": \"CF\", \"value\": \"CF\"}, {\"label\": \"HM\", \"value\": \"HM\"}, {\"label\": \"PL\", \"value\": \"PL\"}, {\"label\": \"NPL\", \"value\": \"NPL\"}], \"columnSpan\": 1, \"searchable\": true, \"validation\": {\"required\": true}}, {\"id\": \"va_left_distance\", \"type\": \"select\", \"label\": \"Left Eye - Distance VA\", \"options\": [{\"label\": \"6/6\", \"value\": \"6/6\"}, {\"label\": \"6/9\", \"value\": \"6/9\"}, {\"label\": \"6/12\", \"value\": \"6/12\"}, {\"label\": \"6/18\", \"value\": \"6/18\"}, {\"label\": \"6/24\", \"value\": \"6/24\"}, {\"label\": \"6/60\", \"value\": \"6/60\"}, {\"label\": \"CF\", \"value\": \"CF\"}, {\"label\": \"HM\", \"value\": \"HM\"}, {\"label\": \"PL\", \"value\": \"PL\"}, {\"label\": \"NPL\", \"value\": \"NPL\"}], \"columnSpan\": 1, \"searchable\": true, \"validation\": {\"required\": true}}], \"columns\": 2}, {\"icon\": \"heroicon-o-document-text\", \"title\": \"Observations\", \"fields\": [{\"id\": \"other_observations\", \"rows\": 5, \"type\": \"textarea\", \"label\": \"Clinical Observations\", \"validation\": {\"required\": false}}], \"columns\": 1}]}',	NULL,	NULL,	'[{\"action\": {\"reason\": \"Severe vision impairment\", \"priority\": \"high\", \"service_point\": \"ophthalmology\"}, \"condition\": {\"field\": \"va_right_distance\", \"value\": [\"CF\", \"HM\", \"PL\", \"NPL\"], \"operator\": \"in\"}}]',	15,	1,	0,	1,	1,	1,	NULL,	'2026-01-30 02:40:09',	'2026-01-30 02:40:09',	NULL),
(4,	'Functional Educational Vision Assessment (FEVA)',	'vision-feva',	'1',	'vision',	'Comprehensive functional vision assessment for educational settings',	'{\"sections\": [{\"icon\": \"heroicon-o-user-circle\", \"title\": \"Part A: Client Information\", \"fields\": [{\"id\": \"student_name\", \"type\": \"placeholder\", \"label\": \"Student Name\", \"columnSpan\": 1}, {\"id\": \"client_age\", \"type\": \"placeholder\", \"label\": \"Age\", \"columnSpan\": 1}, {\"id\": \"school_class\", \"type\": \"text\", \"label\": \"School / Class\", \"columnSpan\": 1, \"validation\": {\"required\": false}}, {\"id\": \"primary_visual_condition\", \"type\": \"text\", \"label\": \"Primary Visual Condition\", \"columnSpan\": 1, \"validation\": {\"required\": true}}], \"columns\": 2}, {\"icon\": \"heroicon-o-clipboard-document-list\", \"title\": \"Part B: Medical Background\", \"fields\": [{\"id\": \"medical_history\", \"rows\": 3, \"type\": \"textarea\", \"label\": \"Medical History\", \"columnSpan\": 2, \"validation\": {\"required\": false}}, {\"id\": \"contrast_sensitivity\", \"type\": \"radio\", \"label\": \"Contrast Sensitivity\", \"options\": [{\"label\": \"Normal\", \"value\": \"normal\"}, {\"label\": \"Mild Difficulty\", \"value\": \"mild\"}, {\"label\": \"Marked Difficulty\", \"value\": \"marked\"}], \"columnSpan\": 1, \"validation\": {\"required\": true}}], \"columns\": 2, \"collapsible\": true}]}',	NULL,	NULL,	NULL,	45,	1,	1,	1,	1,	1,	NULL,	'2026-01-30 02:40:09',	'2026-01-30 02:40:09',	NULL),
(5,	'Clinical Vision Screening',	'vision-clinical',	'1',	'vision',	'Clinical assessment with slit lamp, refraction, and diagnostics',	'{\"sections\": [{\"icon\": \"heroicon-o-identification\", \"title\": \"Patient Information\", \"fields\": [{\"id\": \"patient_name\", \"type\": \"placeholder\", \"label\": \"Name\", \"columnSpan\": 1}, {\"id\": \"client_age\", \"type\": \"placeholder\", \"label\": \"Age\", \"columnSpan\": 1}, {\"id\": \"client_uci\", \"type\": \"placeholder\", \"label\": \"UCI\", \"columnSpan\": 1}], \"columns\": 3}, {\"icon\": \"heroicon-o-chat-bubble-left\", \"title\": \"Chief Complaint\", \"fields\": [{\"id\": \"chief_complaint\", \"rows\": 3, \"type\": \"textarea\", \"label\": \"Chief Complaint\", \"validation\": {\"required\": true}}, {\"id\": \"history\", \"rows\": 4, \"type\": \"textarea\", \"label\": \"History\", \"validation\": {\"required\": true}}], \"columns\": 1}, {\"icon\": \"heroicon-o-adjustments-horizontal\", \"title\": \"Refraction\", \"fields\": [{\"id\": \"sph_re\", \"type\": \"text\", \"label\": \"SPH - RE\", \"columnSpan\": 1, \"validation\": {\"required\": false}}, {\"id\": \"sph_le\", \"type\": \"text\", \"label\": \"SPH - LE\", \"columnSpan\": 1, \"validation\": {\"required\": false}}], \"columns\": 2, \"collapsible\": true}, {\"icon\": \"heroicon-o-clipboard-document-check\", \"title\": \"Diagnosis\", \"fields\": [{\"id\": \"diagnosis\", \"rows\": 3, \"type\": \"textarea\", \"label\": \"Diagnosis\", \"validation\": {\"required\": true}}, {\"id\": \"plan\", \"rows\": 3, \"type\": \"textarea\", \"label\": \"Treatment Plan\", \"validation\": {\"required\": false}}], \"columns\": 1}]}',	NULL,	NULL,	NULL,	45,	1,	1,	1,	1,	1,	NULL,	'2026-01-30 02:40:09',	'2026-01-30 02:40:09',	NULL),
(6,	'Optical Inventory & Dispensing',	'vision-optical',	'1',	'vision',	'Frame selection, lens prescription, and dispensing',	'{\"sections\": [{\"icon\": \"heroicon-o-user\", \"title\": \"Client Information\", \"fields\": [{\"id\": \"client_name\", \"type\": \"placeholder\", \"label\": \"Name\", \"columnSpan\": 1}, {\"id\": \"phone_no\", \"type\": \"text\", \"label\": \"Phone\", \"inputType\": \"tel\", \"columnSpan\": 1, \"validation\": {\"required\": false}}], \"columns\": 2}, {\"icon\": \"heroicon-o-squares-plus\", \"title\": \"Frames Selection\", \"fields\": [{\"id\": \"frames_selected\", \"type\": \"radio\", \"label\": \"Frames Selected?\", \"options\": [{\"label\": \"Yes\", \"value\": \"yes\"}, {\"label\": \"No\", \"value\": \"no\"}], \"columnSpan\": 2, \"validation\": {\"required\": true}}, {\"id\": \"frame_type\", \"type\": \"select\", \"label\": \"Frame Type\", \"options\": [{\"label\": \"Full Frame\", \"value\": \"full\"}, {\"label\": \"Rimless\", \"value\": \"rimless\"}], \"columnSpan\": 1, \"validation\": {\"required\": false}}], \"columns\": 2}, {\"icon\": \"heroicon-o-circle-stack\", \"title\": \"Lenses\", \"fields\": [{\"id\": \"lens_type\", \"type\": \"select\", \"label\": \"Lens Type\", \"options\": [{\"label\": \"Single Vision\", \"value\": \"single\"}, {\"label\": \"Bifocal\", \"value\": \"bifocal\"}, {\"label\": \"Progressive\", \"value\": \"progressive\"}], \"columnSpan\": 2, \"validation\": {\"required\": false}}], \"columns\": 2, \"collapsible\": true}, {\"icon\": \"heroicon-o-calendar-days\", \"title\": \"Dispensing\", \"fields\": [{\"id\": \"pick_up_date\", \"type\": \"date\", \"label\": \"Pick-up Date\", \"columnSpan\": 1, \"validation\": {\"required\": false}}], \"columns\": 2}]}',	NULL,	NULL,	NULL,	30,	1,	0,	1,	1,	1,	NULL,	'2026-01-30 02:40:09',	'2026-01-30 02:40:09',	NULL);

DROP TABLE IF EXISTS `assessment_form_versions`;
CREATE TABLE `assessment_form_versions` (
  `id` bigint unsigned NOT NULL AUTO_INCREMENT,
  `form_schema_id` bigint unsigned NOT NULL,
  `version` varchar(20) COLLATE utf8mb4_unicode_ci NOT NULL,
  `schema_snapshot` json NOT NULL,
  `change_notes` text COLLATE utf8mb4_unicode_ci,
  `created_by` bigint unsigned NOT NULL,
  `created_at` timestamp NULL DEFAULT NULL,
  `updated_at` timestamp NULL DEFAULT NULL,
  PRIMARY KEY (`id`),
  KEY `assessment_form_versions_created_by_foreign` (`created_by`),
  KEY `assessment_form_versions_form_schema_id_version_index` (`form_schema_id`,`version`),
  CONSTRAINT `assessment_form_versions_created_by_foreign` FOREIGN KEY (`created_by`) REFERENCES `users` (`id`),
  CONSTRAINT `assessment_form_versions_form_schema_id_foreign` FOREIGN KEY (`form_schema_id`) REFERENCES `assessment_form_schemas` (`id`) ON DELETE CASCADE
) ENGINE=InnoDB DEFAULT CHARSET=utf8mb4 COLLATE=utf8mb4_unicode_ci;


DROP TABLE IF EXISTS `batch_invoice_items`;
CREATE TABLE `batch_invoice_items` (
  `id` bigint unsigned NOT NULL AUTO_INCREMENT,
  `insurance_batch_invoice_id` bigint unsigned NOT NULL,
  `insurance_claim_id` bigint unsigned NOT NULL,
  `claim_number` varchar(50) COLLATE utf8mb4_unicode_ci NOT NULL,
  `service_date` date NOT NULL,
  `client_name` varchar(255) COLLATE utf8mb4_unicode_ci NOT NULL,
  `client_uci` varchar(50) COLLATE utf8mb4_unicode_ci DEFAULT NULL,
  `claimed_amount` decimal(10,2) NOT NULL,
  `approved_amount` decimal(10,2) NOT NULL DEFAULT '0.00',
  `paid_amount` decimal(10,2) NOT NULL DEFAULT '0.00',
  `created_at` timestamp NULL DEFAULT CURRENT_TIMESTAMP,
  `updated_at` timestamp NULL DEFAULT CURRENT_TIMESTAMP ON UPDATE CURRENT_TIMESTAMP,
  PRIMARY KEY (`id`),
  KEY `idx_batch_items_invoice` (`insurance_batch_invoice_id`),
  KEY `idx_batch_items_claim` (`insurance_claim_id`),
  CONSTRAINT `fk_batch_items_claim` FOREIGN KEY (`insurance_claim_id`) REFERENCES `insurance_claims` (`id`) ON DELETE CASCADE,
  CONSTRAINT `fk_batch_items_invoice` FOREIGN KEY (`insurance_batch_invoice_id`) REFERENCES `insurance_batch_invoices` (`id`) ON DELETE CASCADE
) ENGINE=InnoDB DEFAULT CHARSET=utf8mb4 COLLATE=utf8mb4_unicode_ci;


DROP TABLE IF EXISTS `branches`;
CREATE TABLE `branches` (
  `id` bigint unsigned NOT NULL AUTO_INCREMENT,
  `code` varchar(10) COLLATE utf8mb4_unicode_ci NOT NULL COMMENT 'Branch code for UCI (e.g., KS, SL, MK)',
  `name` varchar(150) COLLATE utf8mb4_unicode_ci NOT NULL COMMENT 'Branch full name (e.g., Kasarani Branch)',
  `type` enum('main','satellite','outreach') COLLATE utf8mb4_unicode_ci NOT NULL DEFAULT 'main' COMMENT 'Branch type: main (HQ), satellite (permanent), outreach (temporary)',
  `phone` varchar(20) COLLATE utf8mb4_unicode_ci DEFAULT NULL COMMENT 'Primary contact number',
  `email` varchar(100) COLLATE utf8mb4_unicode_ci DEFAULT NULL COMMENT 'Branch email address',
  `address` varchar(255) COLLATE utf8mb4_unicode_ci DEFAULT NULL COMMENT 'Physical address',
  `county_id` bigint unsigned DEFAULT NULL,
  `sub_county_id` bigint unsigned DEFAULT NULL,
  `ward_id` bigint unsigned DEFAULT NULL,
  `latitude` decimal(10,8) DEFAULT NULL COMMENT 'GPS latitude for mapping',
  `longitude` decimal(11,8) DEFAULT NULL COMMENT 'GPS longitude for mapping',
  `is_active` tinyint(1) NOT NULL DEFAULT '1' COMMENT 'Branch operational status',
  `opened_at` date DEFAULT NULL COMMENT 'Branch opening date',
  `closed_at` date DEFAULT NULL COMMENT 'Branch closure date (if applicable)',
  `operating_hours_start` time NOT NULL DEFAULT '08:00:00' COMMENT 'Daily opening time',
  `operating_hours_end` time NOT NULL DEFAULT '17:00:00' COMMENT 'Daily closing time',
  `operating_days` json DEFAULT NULL COMMENT 'Operating days: [1=Monday, 2=Tuesday, etc.]',
  `max_daily_clients` int NOT NULL DEFAULT '100' COMMENT 'Maximum clients per day',
  `current_daily_clients` int NOT NULL DEFAULT '0' COMMENT 'Counter for today''s clients',
  `last_client_reset_date` date DEFAULT NULL COMMENT 'Last date daily counter was reset',
  `manager_id` bigint unsigned DEFAULT NULL,
  `settings` json DEFAULT NULL COMMENT 'Branch-specific settings (JSON)',
  `notes` text COLLATE utf8mb4_unicode_ci COMMENT 'Administrative notes',
  `created_at` timestamp NULL DEFAULT NULL,
  `updated_at` timestamp NULL DEFAULT NULL,
  `deleted_at` timestamp NULL DEFAULT NULL COMMENT 'Soft delete for historical data preservation',
  PRIMARY KEY (`id`),
  UNIQUE KEY `branches_code_unique` (`code`),
  KEY `branches_manager_id_foreign` (`manager_id`),
  KEY `idx_branches_code` (`code`),
  KEY `idx_branches_type` (`type`),
  KEY `idx_branches_active` (`is_active`),
  KEY `idx_branches_created` (`created_at`),
  KEY `branches_county_id_index` (`county_id`),
  KEY `branches_sub_county_id_index` (`sub_county_id`),
  KEY `branches_ward_id_index` (`ward_id`),
  CONSTRAINT `branches_county_id_foreign` FOREIGN KEY (`county_id`) REFERENCES `counties` (`id`) ON DELETE SET NULL,
  CONSTRAINT `branches_manager_id_foreign` FOREIGN KEY (`manager_id`) REFERENCES `users` (`id`) ON DELETE SET NULL,
  CONSTRAINT `branches_sub_county_id_foreign` FOREIGN KEY (`sub_county_id`) REFERENCES `sub_counties` (`id`) ON DELETE SET NULL,
  CONSTRAINT `branches_ward_id_foreign` FOREIGN KEY (`ward_id`) REFERENCES `wards` (`id`) ON DELETE SET NULL
) ENGINE=InnoDB DEFAULT CHARSET=utf8mb4 COLLATE=utf8mb4_unicode_ci COMMENT='Multi-tenant branch management for KISE centers';

INSERT INTO `branches` (`id`, `code`, `name`, `type`, `phone`, `email`, `address`, `county_id`, `sub_county_id`, `ward_id`, `latitude`, `longitude`, `is_active`, `opened_at`, `closed_at`, `operating_hours_start`, `operating_hours_end`, `operating_days`, `max_daily_clients`, `current_daily_clients`, `last_client_reset_date`, `manager_id`, `settings`, `notes`, `created_at`, `updated_at`, `deleted_at`) VALUES
(1,	'KS',	'KISE Kasarani Main Branch',	'main',	'+254712345678',	'kasarani@kise.ac.ke',	'Along Thika Road, Kasarani',	47,	7,	NULL,	-1.22170000,	36.89770000,	1,	'2010-01-15',	NULL,	'08:00:00',	'17:00:00',	'[1, 2, 3, 4, 5]',	150,	0,	NULL,	5,	'{\"currency\": \"KES\", \"allow_walk_ins\": true, \"default_language\": \"en\", \"enable_queue_sms\": true, \"require_referral\": false}',	NULL,	'2025-11-13 03:22:04',	'2025-11-13 03:22:05',	NULL),
(2,	'LG',	'KISE Langata Satellite',	'satellite',	'+254723456789',	'langata@kise.ac.ke',	'Langata Road, Nairobi',	47,	NULL,	NULL,	NULL,	NULL,	1,	'2018-06-01',	NULL,	'08:00:00',	'17:00:00',	'[1, 2, 3, 4, 5]',	50,	0,	NULL,	NULL,	'{\"allow_walk_ins\": true, \"require_referral\": false}',	NULL,	'2025-11-13 03:22:04',	'2026-02-19 02:37:48',	'2026-02-19 02:37:48'),
(3,	'MK-OUT',	'Makueni Outreach Program',	'outreach',	NULL,	NULL,	NULL,	17,	NULL,	NULL,	NULL,	NULL,	1,	NULL,	NULL,	'08:00:00',	'17:00:00',	'[1, 3, 5]',	30,	0,	NULL,	NULL,	'{\"mobile_clinic\": true, \"allow_walk_ins\": true}',	NULL,	'2025-11-13 03:22:04',	'2026-02-19 02:37:48',	'2026-02-19 02:37:48');

DROP TABLE IF EXISTS `cache`;
CREATE TABLE `cache` (
  `key` varchar(255) COLLATE utf8mb4_unicode_ci NOT NULL,
  `value` mediumtext COLLATE utf8mb4_unicode_ci NOT NULL,
  `expiration` int NOT NULL,
  PRIMARY KEY (`key`)
) ENGINE=InnoDB DEFAULT CHARSET=utf8mb4 COLLATE=utf8mb4_unicode_ci;

INSERT INTO `cache` (`key`, `value`, `expiration`) VALUES
('kise-hmis-cache-356a192b7913b04c54574d18c28d46e6395428ab',	'i:1;',	1764055582),
('kise-hmis-cache-356a192b7913b04c54574d18c28d46e6395428ab:timer',	'i:1764055582;',	1764055582),
('kise-hmis-cache-fe5dbbcea5ce7e2988b8c69bcfdfde8904aabc1f',	'i:1;',	1771482192),
('kise-hmis-cache-fe5dbbcea5ce7e2988b8c69bcfdfde8904aabc1f:timer',	'i:1771482192;',	1771482192),
('kise-hmis-cache-livewire-rate-limiter:16d36dff9abd246c67dfac3e63b993a169af77e6',	'i:1;',	1763142096),
('kise-hmis-cache-livewire-rate-limiter:16d36dff9abd246c67dfac3e63b993a169af77e6:timer',	'i:1763142096;',	1763142096),
('kise-hmis-cache-livewire-rate-limiter:a17961fa74e9275d529f489537f179c05d50c2f3',	'i:1;',	1773907397),
('kise-hmis-cache-livewire-rate-limiter:a17961fa74e9275d529f489537f179c05d50c2f3:timer',	'i:1773907397;',	1773907397),
('kise-hmis-cache-spatie.permission.cache',	'a:3:{s:5:\"alias\";a:4:{s:1:\"a\";s:2:\"id\";s:1:\"b\";s:4:\"name\";s:1:\"c\";s:10:\"guard_name\";s:1:\"r\";s:5:\"roles\";}s:11:\"permissions\";a:321:{i:0;a:3:{s:1:\"a\";i:1;s:1:\"b\";s:12:\"ViewAny:Role\";s:1:\"c\";s:3:\"web\";}i:1;a:3:{s:1:\"a\";i:2;s:1:\"b\";s:9:\"View:Role\";s:1:\"c\";s:3:\"web\";}i:2;a:3:{s:1:\"a\";i:3;s:1:\"b\";s:11:\"Create:Role\";s:1:\"c\";s:3:\"web\";}i:3;a:3:{s:1:\"a\";i:4;s:1:\"b\";s:11:\"Update:Role\";s:1:\"c\";s:3:\"web\";}i:4;a:3:{s:1:\"a\";i:5;s:1:\"b\";s:11:\"Delete:Role\";s:1:\"c\";s:3:\"web\";}i:5;a:3:{s:1:\"a\";i:6;s:1:\"b\";s:12:\"Restore:Role\";s:1:\"c\";s:3:\"web\";}i:6;a:3:{s:1:\"a\";i:7;s:1:\"b\";s:16:\"ForceDelete:Role\";s:1:\"c\";s:3:\"web\";}i:7;a:3:{s:1:\"a\";i:8;s:1:\"b\";s:19:\"ForceDeleteAny:Role\";s:1:\"c\";s:3:\"web\";}i:8;a:3:{s:1:\"a\";i:9;s:1:\"b\";s:15:\"RestoreAny:Role\";s:1:\"c\";s:3:\"web\";}i:9;a:3:{s:1:\"a\";i:10;s:1:\"b\";s:14:\"Replicate:Role\";s:1:\"c\";s:3:\"web\";}i:10;a:3:{s:1:\"a\";i:11;s:1:\"b\";s:12:\"Reorder:Role\";s:1:\"c\";s:3:\"web\";}i:11;a:4:{s:1:\"a\";i:12;s:1:\"b\";s:12:\"view_clients\";s:1:\"c\";s:3:\"web\";s:1:\"r\";a:5:{i:0;i:2;i:1;i:4;i:2;i:5;i:3;i:6;i:4;i:7;}}i:12;a:4:{s:1:\"a\";i:13;s:1:\"b\";s:14:\"create_clients\";s:1:\"c\";s:3:\"web\";s:1:\"r\";a:2:{i:0;i:2;i:1;i:4;}}i:13;a:4:{s:1:\"a\";i:14;s:1:\"b\";s:12:\"edit_clients\";s:1:\"c\";s:3:\"web\";s:1:\"r\";a:3:{i:0;i:2;i:1;i:4;i:2;i:6;}}i:14;a:3:{s:1:\"a\";i:15;s:1:\"b\";s:14:\"delete_clients\";s:1:\"c\";s:3:\"web\";}i:15;a:4:{s:1:\"a\";i:16;s:1:\"b\";s:11:\"view_visits\";s:1:\"c\";s:3:\"web\";s:1:\"r\";a:5:{i:0;i:2;i:1;i:4;i:2;i:5;i:3;i:6;i:4;i:7;}}i:16;a:4:{s:1:\"a\";i:17;s:1:\"b\";s:13:\"create_visits\";s:1:\"c\";s:3:\"web\";s:1:\"r\";a:2:{i:0;i:2;i:1;i:4;}}i:17;a:4:{s:1:\"a\";i:18;s:1:\"b\";s:11:\"edit_visits\";s:1:\"c\";s:3:\"web\";s:1:\"r\";a:1:{i:0;i:2;}}i:18;a:3:{s:1:\"a\";i:19;s:1:\"b\";s:13:\"delete_visits\";s:1:\"c\";s:3:\"web\";}i:19;a:4:{s:1:\"a\";i:20;s:1:\"b\";s:11:\"view_triage\";s:1:\"c\";s:3:\"web\";s:1:\"r\";a:2:{i:0;i:1;i:1;i:5;}}i:20;a:4:{s:1:\"a\";i:21;s:1:\"b\";s:13:\"create_triage\";s:1:\"c\";s:3:\"web\";s:1:\"r\";a:2:{i:0;i:1;i:1;i:5;}}i:21;a:4:{s:1:\"a\";i:22;s:1:\"b\";s:11:\"edit_triage\";s:1:\"c\";s:3:\"web\";s:1:\"r\";a:1:{i:0;i:5;}}i:22;a:4:{s:1:\"a\";i:23;s:1:\"b\";s:11:\"view_intake\";s:1:\"c\";s:3:\"web\";s:1:\"r\";a:1:{i:0;i:6;}}i:23;a:4:{s:1:\"a\";i:24;s:1:\"b\";s:13:\"create_intake\";s:1:\"c\";s:3:\"web\";s:1:\"r\";a:1:{i:0;i:6;}}i:24;a:4:{s:1:\"a\";i:25;s:1:\"b\";s:11:\"edit_intake\";s:1:\"c\";s:3:\"web\";s:1:\"r\";a:1:{i:0;i:6;}}i:25;a:4:{s:1:\"a\";i:26;s:1:\"b\";s:13:\"view_services\";s:1:\"c\";s:3:\"web\";s:1:\"r\";a:3:{i:0;i:2;i:1;i:6;i:2;i:7;}}i:26;a:4:{s:1:\"a\";i:27;s:1:\"b\";s:15:\"create_services\";s:1:\"c\";s:3:\"web\";s:1:\"r\";a:1:{i:0;i:2;}}i:27;a:4:{s:1:\"a\";i:28;s:1:\"b\";s:13:\"edit_services\";s:1:\"c\";s:3:\"web\";s:1:\"r\";a:1:{i:0;i:2;}}i:28;a:4:{s:1:\"a\";i:29;s:1:\"b\";s:13:\"view_invoices\";s:1:\"c\";s:3:\"web\";s:1:\"r\";a:2:{i:0;i:2;i:1;i:7;}}i:29;a:4:{s:1:\"a\";i:30;s:1:\"b\";s:15:\"create_invoices\";s:1:\"c\";s:3:\"web\";s:1:\"r\";a:2:{i:0;i:2;i:1;i:7;}}i:30;a:4:{s:1:\"a\";i:31;s:1:\"b\";s:16:\"approve_invoices\";s:1:\"c\";s:3:\"web\";s:1:\"r\";a:2:{i:0;i:2;i:1;i:7;}}i:31;a:4:{s:1:\"a\";i:32;s:1:\"b\";s:13:\"view_payments\";s:1:\"c\";s:3:\"web\";s:1:\"r\";a:2:{i:0;i:2;i:1;i:7;}}i:32;a:4:{s:1:\"a\";i:33;s:1:\"b\";s:15:\"create_payments\";s:1:\"c\";s:3:\"web\";s:1:\"r\";a:2:{i:0;i:2;i:1;i:7;}}i:33;a:3:{s:1:\"a\";i:34;s:1:\"b\";s:15:\"refund_payments\";s:1:\"c\";s:3:\"web\";}i:34;a:4:{s:1:\"a\";i:35;s:1:\"b\";s:11:\"view_queues\";s:1:\"c\";s:3:\"web\";s:1:\"r\";a:3:{i:0;i:2;i:1;i:4;i:2;i:5;}}i:35;a:4:{s:1:\"a\";i:36;s:1:\"b\";s:13:\"manage_queues\";s:1:\"c\";s:3:\"web\";s:1:\"r\";a:1:{i:0;i:2;}}i:36;a:4:{s:1:\"a\";i:37;s:1:\"b\";s:12:\"view_reports\";s:1:\"c\";s:3:\"web\";s:1:\"r\";a:1:{i:0;i:2;}}i:37;a:4:{s:1:\"a\";i:38;s:1:\"b\";s:14:\"view_analytics\";s:1:\"c\";s:3:\"web\";s:1:\"r\";a:1:{i:0;i:2;}}i:38;a:3:{s:1:\"a\";i:39;s:1:\"b\";s:15:\"manage_settings\";s:1:\"c\";s:3:\"web\";}i:39;a:4:{s:1:\"a\";i:40;s:1:\"b\";s:12:\"manage_users\";s:1:\"c\";s:3:\"web\";s:1:\"r\";a:1:{i:0;i:2;}}i:40;a:4:{s:1:\"a\";i:41;s:1:\"b\";s:9:\"view_role\";s:1:\"c\";s:3:\"web\";s:1:\"r\";a:1:{i:0;i:1;}}i:41;a:4:{s:1:\"a\";i:42;s:1:\"b\";s:13:\"view_any_role\";s:1:\"c\";s:3:\"web\";s:1:\"r\";a:1:{i:0;i:1;}}i:42;a:4:{s:1:\"a\";i:43;s:1:\"b\";s:11:\"create_role\";s:1:\"c\";s:3:\"web\";s:1:\"r\";a:1:{i:0;i:1;}}i:43;a:4:{s:1:\"a\";i:44;s:1:\"b\";s:11:\"update_role\";s:1:\"c\";s:3:\"web\";s:1:\"r\";a:1:{i:0;i:1;}}i:44;a:4:{s:1:\"a\";i:45;s:1:\"b\";s:11:\"delete_role\";s:1:\"c\";s:3:\"web\";s:1:\"r\";a:1:{i:0;i:1;}}i:45;a:4:{s:1:\"a\";i:46;s:1:\"b\";s:15:\"delete_any_role\";s:1:\"c\";s:3:\"web\";s:1:\"r\";a:1:{i:0;i:1;}}i:46;a:4:{s:1:\"a\";i:47;s:1:\"b\";s:12:\"view_billing\";s:1:\"c\";s:3:\"web\";s:1:\"r\";a:1:{i:0;i:1;}}i:47;a:4:{s:1:\"a\";i:48;s:1:\"b\";s:16:\"view_any_billing\";s:1:\"c\";s:3:\"web\";s:1:\"r\";a:1:{i:0;i:1;}}i:48;a:4:{s:1:\"a\";i:49;s:1:\"b\";s:14:\"create_billing\";s:1:\"c\";s:3:\"web\";s:1:\"r\";a:1:{i:0;i:1;}}i:49;a:4:{s:1:\"a\";i:50;s:1:\"b\";s:14:\"update_billing\";s:1:\"c\";s:3:\"web\";s:1:\"r\";a:1:{i:0;i:1;}}i:50;a:4:{s:1:\"a\";i:51;s:1:\"b\";s:15:\"restore_billing\";s:1:\"c\";s:3:\"web\";s:1:\"r\";a:1:{i:0;i:1;}}i:51;a:4:{s:1:\"a\";i:52;s:1:\"b\";s:19:\"restore_any_billing\";s:1:\"c\";s:3:\"web\";s:1:\"r\";a:1:{i:0;i:1;}}i:52;a:4:{s:1:\"a\";i:53;s:1:\"b\";s:17:\"replicate_billing\";s:1:\"c\";s:3:\"web\";s:1:\"r\";a:1:{i:0;i:1;}}i:53;a:4:{s:1:\"a\";i:54;s:1:\"b\";s:15:\"reorder_billing\";s:1:\"c\";s:3:\"web\";s:1:\"r\";a:1:{i:0;i:1;}}i:54;a:4:{s:1:\"a\";i:55;s:1:\"b\";s:14:\"delete_billing\";s:1:\"c\";s:3:\"web\";s:1:\"r\";a:1:{i:0;i:1;}}i:55;a:4:{s:1:\"a\";i:56;s:1:\"b\";s:18:\"delete_any_billing\";s:1:\"c\";s:3:\"web\";s:1:\"r\";a:1:{i:0;i:1;}}i:56;a:4:{s:1:\"a\";i:57;s:1:\"b\";s:20:\"force_delete_billing\";s:1:\"c\";s:3:\"web\";s:1:\"r\";a:1:{i:0;i:1;}}i:57;a:4:{s:1:\"a\";i:58;s:1:\"b\";s:24:\"force_delete_any_billing\";s:1:\"c\";s:3:\"web\";s:1:\"r\";a:1:{i:0;i:1;}}i:58;a:4:{s:1:\"a\";i:59;s:1:\"b\";s:11:\"view_branch\";s:1:\"c\";s:3:\"web\";s:1:\"r\";a:1:{i:0;i:1;}}i:59;a:4:{s:1:\"a\";i:60;s:1:\"b\";s:15:\"view_any_branch\";s:1:\"c\";s:3:\"web\";s:1:\"r\";a:1:{i:0;i:1;}}i:60;a:4:{s:1:\"a\";i:61;s:1:\"b\";s:13:\"create_branch\";s:1:\"c\";s:3:\"web\";s:1:\"r\";a:1:{i:0;i:1;}}i:61;a:4:{s:1:\"a\";i:62;s:1:\"b\";s:13:\"update_branch\";s:1:\"c\";s:3:\"web\";s:1:\"r\";a:1:{i:0;i:1;}}i:62;a:4:{s:1:\"a\";i:63;s:1:\"b\";s:14:\"restore_branch\";s:1:\"c\";s:3:\"web\";s:1:\"r\";a:1:{i:0;i:1;}}i:63;a:4:{s:1:\"a\";i:64;s:1:\"b\";s:18:\"restore_any_branch\";s:1:\"c\";s:3:\"web\";s:1:\"r\";a:1:{i:0;i:1;}}i:64;a:4:{s:1:\"a\";i:65;s:1:\"b\";s:16:\"replicate_branch\";s:1:\"c\";s:3:\"web\";s:1:\"r\";a:1:{i:0;i:1;}}i:65;a:4:{s:1:\"a\";i:66;s:1:\"b\";s:14:\"reorder_branch\";s:1:\"c\";s:3:\"web\";s:1:\"r\";a:1:{i:0;i:1;}}i:66;a:4:{s:1:\"a\";i:67;s:1:\"b\";s:13:\"delete_branch\";s:1:\"c\";s:3:\"web\";s:1:\"r\";a:1:{i:0;i:1;}}i:67;a:4:{s:1:\"a\";i:68;s:1:\"b\";s:17:\"delete_any_branch\";s:1:\"c\";s:3:\"web\";s:1:\"r\";a:1:{i:0;i:1;}}i:68;a:4:{s:1:\"a\";i:69;s:1:\"b\";s:19:\"force_delete_branch\";s:1:\"c\";s:3:\"web\";s:1:\"r\";a:1:{i:0;i:1;}}i:69;a:4:{s:1:\"a\";i:70;s:1:\"b\";s:23:\"force_delete_any_branch\";s:1:\"c\";s:3:\"web\";s:1:\"r\";a:1:{i:0;i:1;}}i:70;a:4:{s:1:\"a\";i:71;s:1:\"b\";s:19:\"view_cashier::queue\";s:1:\"c\";s:3:\"web\";s:1:\"r\";a:1:{i:0;i:1;}}i:71;a:4:{s:1:\"a\";i:72;s:1:\"b\";s:23:\"view_any_cashier::queue\";s:1:\"c\";s:3:\"web\";s:1:\"r\";a:1:{i:0;i:1;}}i:72;a:4:{s:1:\"a\";i:73;s:1:\"b\";s:21:\"create_cashier::queue\";s:1:\"c\";s:3:\"web\";s:1:\"r\";a:1:{i:0;i:1;}}i:73;a:4:{s:1:\"a\";i:74;s:1:\"b\";s:21:\"update_cashier::queue\";s:1:\"c\";s:3:\"web\";s:1:\"r\";a:1:{i:0;i:1;}}i:74;a:4:{s:1:\"a\";i:75;s:1:\"b\";s:22:\"restore_cashier::queue\";s:1:\"c\";s:3:\"web\";s:1:\"r\";a:1:{i:0;i:1;}}i:75;a:4:{s:1:\"a\";i:76;s:1:\"b\";s:26:\"restore_any_cashier::queue\";s:1:\"c\";s:3:\"web\";s:1:\"r\";a:1:{i:0;i:1;}}i:76;a:4:{s:1:\"a\";i:77;s:1:\"b\";s:24:\"replicate_cashier::queue\";s:1:\"c\";s:3:\"web\";s:1:\"r\";a:1:{i:0;i:1;}}i:77;a:4:{s:1:\"a\";i:78;s:1:\"b\";s:22:\"reorder_cashier::queue\";s:1:\"c\";s:3:\"web\";s:1:\"r\";a:1:{i:0;i:1;}}i:78;a:4:{s:1:\"a\";i:79;s:1:\"b\";s:21:\"delete_cashier::queue\";s:1:\"c\";s:3:\"web\";s:1:\"r\";a:1:{i:0;i:1;}}i:79;a:4:{s:1:\"a\";i:80;s:1:\"b\";s:25:\"delete_any_cashier::queue\";s:1:\"c\";s:3:\"web\";s:1:\"r\";a:1:{i:0;i:1;}}i:80;a:4:{s:1:\"a\";i:81;s:1:\"b\";s:27:\"force_delete_cashier::queue\";s:1:\"c\";s:3:\"web\";s:1:\"r\";a:1:{i:0;i:1;}}i:81;a:4:{s:1:\"a\";i:82;s:1:\"b\";s:31:\"force_delete_any_cashier::queue\";s:1:\"c\";s:3:\"web\";s:1:\"r\";a:1:{i:0;i:1;}}i:82;a:4:{s:1:\"a\";i:83;s:1:\"b\";s:11:\"view_client\";s:1:\"c\";s:3:\"web\";s:1:\"r\";a:1:{i:0;i:1;}}i:83;a:4:{s:1:\"a\";i:84;s:1:\"b\";s:15:\"view_any_client\";s:1:\"c\";s:3:\"web\";s:1:\"r\";a:1:{i:0;i:1;}}i:84;a:4:{s:1:\"a\";i:85;s:1:\"b\";s:13:\"create_client\";s:1:\"c\";s:3:\"web\";s:1:\"r\";a:1:{i:0;i:1;}}i:85;a:4:{s:1:\"a\";i:86;s:1:\"b\";s:13:\"update_client\";s:1:\"c\";s:3:\"web\";s:1:\"r\";a:1:{i:0;i:1;}}i:86;a:4:{s:1:\"a\";i:87;s:1:\"b\";s:14:\"restore_client\";s:1:\"c\";s:3:\"web\";s:1:\"r\";a:1:{i:0;i:1;}}i:87;a:4:{s:1:\"a\";i:88;s:1:\"b\";s:18:\"restore_any_client\";s:1:\"c\";s:3:\"web\";s:1:\"r\";a:1:{i:0;i:1;}}i:88;a:4:{s:1:\"a\";i:89;s:1:\"b\";s:16:\"replicate_client\";s:1:\"c\";s:3:\"web\";s:1:\"r\";a:1:{i:0;i:1;}}i:89;a:4:{s:1:\"a\";i:90;s:1:\"b\";s:14:\"reorder_client\";s:1:\"c\";s:3:\"web\";s:1:\"r\";a:1:{i:0;i:1;}}i:90;a:4:{s:1:\"a\";i:91;s:1:\"b\";s:13:\"delete_client\";s:1:\"c\";s:3:\"web\";s:1:\"r\";a:1:{i:0;i:1;}}i:91;a:4:{s:1:\"a\";i:92;s:1:\"b\";s:17:\"delete_any_client\";s:1:\"c\";s:3:\"web\";s:1:\"r\";a:1:{i:0;i:1;}}i:92;a:4:{s:1:\"a\";i:93;s:1:\"b\";s:19:\"force_delete_client\";s:1:\"c\";s:3:\"web\";s:1:\"r\";a:1:{i:0;i:1;}}i:93;a:4:{s:1:\"a\";i:94;s:1:\"b\";s:23:\"force_delete_any_client\";s:1:\"c\";s:3:\"web\";s:1:\"r\";a:1:{i:0;i:1;}}i:94;a:4:{s:1:\"a\";i:95;s:1:\"b\";s:11:\"view_county\";s:1:\"c\";s:3:\"web\";s:1:\"r\";a:1:{i:0;i:1;}}i:95;a:4:{s:1:\"a\";i:96;s:1:\"b\";s:15:\"view_any_county\";s:1:\"c\";s:3:\"web\";s:1:\"r\";a:1:{i:0;i:1;}}i:96;a:4:{s:1:\"a\";i:97;s:1:\"b\";s:13:\"create_county\";s:1:\"c\";s:3:\"web\";s:1:\"r\";a:1:{i:0;i:1;}}i:97;a:4:{s:1:\"a\";i:98;s:1:\"b\";s:13:\"update_county\";s:1:\"c\";s:3:\"web\";s:1:\"r\";a:1:{i:0;i:1;}}i:98;a:4:{s:1:\"a\";i:99;s:1:\"b\";s:14:\"restore_county\";s:1:\"c\";s:3:\"web\";s:1:\"r\";a:1:{i:0;i:1;}}i:99;a:4:{s:1:\"a\";i:100;s:1:\"b\";s:18:\"restore_any_county\";s:1:\"c\";s:3:\"web\";s:1:\"r\";a:1:{i:0;i:1;}}i:100;a:4:{s:1:\"a\";i:101;s:1:\"b\";s:16:\"replicate_county\";s:1:\"c\";s:3:\"web\";s:1:\"r\";a:1:{i:0;i:1;}}i:101;a:4:{s:1:\"a\";i:102;s:1:\"b\";s:14:\"reorder_county\";s:1:\"c\";s:3:\"web\";s:1:\"r\";a:1:{i:0;i:1;}}i:102;a:4:{s:1:\"a\";i:103;s:1:\"b\";s:13:\"delete_county\";s:1:\"c\";s:3:\"web\";s:1:\"r\";a:1:{i:0;i:1;}}i:103;a:4:{s:1:\"a\";i:104;s:1:\"b\";s:17:\"delete_any_county\";s:1:\"c\";s:3:\"web\";s:1:\"r\";a:1:{i:0;i:1;}}i:104;a:4:{s:1:\"a\";i:105;s:1:\"b\";s:19:\"force_delete_county\";s:1:\"c\";s:3:\"web\";s:1:\"r\";a:1:{i:0;i:1;}}i:105;a:4:{s:1:\"a\";i:106;s:1:\"b\";s:23:\"force_delete_any_county\";s:1:\"c\";s:3:\"web\";s:1:\"r\";a:1:{i:0;i:1;}}i:106;a:4:{s:1:\"a\";i:107;s:1:\"b\";s:15:\"view_department\";s:1:\"c\";s:3:\"web\";s:1:\"r\";a:1:{i:0;i:1;}}i:107;a:4:{s:1:\"a\";i:108;s:1:\"b\";s:19:\"view_any_department\";s:1:\"c\";s:3:\"web\";s:1:\"r\";a:1:{i:0;i:1;}}i:108;a:4:{s:1:\"a\";i:109;s:1:\"b\";s:17:\"create_department\";s:1:\"c\";s:3:\"web\";s:1:\"r\";a:1:{i:0;i:1;}}i:109;a:4:{s:1:\"a\";i:110;s:1:\"b\";s:17:\"update_department\";s:1:\"c\";s:3:\"web\";s:1:\"r\";a:1:{i:0;i:1;}}i:110;a:4:{s:1:\"a\";i:111;s:1:\"b\";s:18:\"restore_department\";s:1:\"c\";s:3:\"web\";s:1:\"r\";a:1:{i:0;i:1;}}i:111;a:4:{s:1:\"a\";i:112;s:1:\"b\";s:22:\"restore_any_department\";s:1:\"c\";s:3:\"web\";s:1:\"r\";a:1:{i:0;i:1;}}i:112;a:4:{s:1:\"a\";i:113;s:1:\"b\";s:20:\"replicate_department\";s:1:\"c\";s:3:\"web\";s:1:\"r\";a:1:{i:0;i:1;}}i:113;a:4:{s:1:\"a\";i:114;s:1:\"b\";s:18:\"reorder_department\";s:1:\"c\";s:3:\"web\";s:1:\"r\";a:1:{i:0;i:1;}}i:114;a:4:{s:1:\"a\";i:115;s:1:\"b\";s:17:\"delete_department\";s:1:\"c\";s:3:\"web\";s:1:\"r\";a:1:{i:0;i:1;}}i:115;a:4:{s:1:\"a\";i:116;s:1:\"b\";s:21:\"delete_any_department\";s:1:\"c\";s:3:\"web\";s:1:\"r\";a:1:{i:0;i:1;}}i:116;a:4:{s:1:\"a\";i:117;s:1:\"b\";s:23:\"force_delete_department\";s:1:\"c\";s:3:\"web\";s:1:\"r\";a:1:{i:0;i:1;}}i:117;a:4:{s:1:\"a\";i:118;s:1:\"b\";s:27:\"force_delete_any_department\";s:1:\"c\";s:3:\"web\";s:1:\"r\";a:1:{i:0;i:1;}}i:118;a:4:{s:1:\"a\";i:119;s:1:\"b\";s:24:\"view_dynamic::assessment\";s:1:\"c\";s:3:\"web\";s:1:\"r\";a:1:{i:0;i:1;}}i:119;a:4:{s:1:\"a\";i:120;s:1:\"b\";s:28:\"view_any_dynamic::assessment\";s:1:\"c\";s:3:\"web\";s:1:\"r\";a:1:{i:0;i:1;}}i:120;a:4:{s:1:\"a\";i:121;s:1:\"b\";s:26:\"create_dynamic::assessment\";s:1:\"c\";s:3:\"web\";s:1:\"r\";a:1:{i:0;i:1;}}i:121;a:4:{s:1:\"a\";i:122;s:1:\"b\";s:26:\"update_dynamic::assessment\";s:1:\"c\";s:3:\"web\";s:1:\"r\";a:1:{i:0;i:1;}}i:122;a:4:{s:1:\"a\";i:123;s:1:\"b\";s:27:\"restore_dynamic::assessment\";s:1:\"c\";s:3:\"web\";s:1:\"r\";a:1:{i:0;i:1;}}i:123;a:4:{s:1:\"a\";i:124;s:1:\"b\";s:31:\"restore_any_dynamic::assessment\";s:1:\"c\";s:3:\"web\";s:1:\"r\";a:1:{i:0;i:1;}}i:124;a:4:{s:1:\"a\";i:125;s:1:\"b\";s:29:\"replicate_dynamic::assessment\";s:1:\"c\";s:3:\"web\";s:1:\"r\";a:1:{i:0;i:1;}}i:125;a:4:{s:1:\"a\";i:126;s:1:\"b\";s:27:\"reorder_dynamic::assessment\";s:1:\"c\";s:3:\"web\";s:1:\"r\";a:1:{i:0;i:1;}}i:126;a:4:{s:1:\"a\";i:127;s:1:\"b\";s:26:\"delete_dynamic::assessment\";s:1:\"c\";s:3:\"web\";s:1:\"r\";a:1:{i:0;i:1;}}i:127;a:4:{s:1:\"a\";i:128;s:1:\"b\";s:30:\"delete_any_dynamic::assessment\";s:1:\"c\";s:3:\"web\";s:1:\"r\";a:1:{i:0;i:1;}}i:128;a:4:{s:1:\"a\";i:129;s:1:\"b\";s:32:\"force_delete_dynamic::assessment\";s:1:\"c\";s:3:\"web\";s:1:\"r\";a:1:{i:0;i:1;}}i:129;a:4:{s:1:\"a\";i:130;s:1:\"b\";s:36:\"force_delete_any_dynamic::assessment\";s:1:\"c\";s:3:\"web\";s:1:\"r\";a:1:{i:0;i:1;}}i:130;a:4:{s:1:\"a\";i:131;s:1:\"b\";s:30:\"view_insurance::batch::invoice\";s:1:\"c\";s:3:\"web\";s:1:\"r\";a:1:{i:0;i:1;}}i:131;a:4:{s:1:\"a\";i:132;s:1:\"b\";s:34:\"view_any_insurance::batch::invoice\";s:1:\"c\";s:3:\"web\";s:1:\"r\";a:1:{i:0;i:1;}}i:132;a:4:{s:1:\"a\";i:133;s:1:\"b\";s:32:\"create_insurance::batch::invoice\";s:1:\"c\";s:3:\"web\";s:1:\"r\";a:1:{i:0;i:1;}}i:133;a:4:{s:1:\"a\";i:134;s:1:\"b\";s:32:\"update_insurance::batch::invoice\";s:1:\"c\";s:3:\"web\";s:1:\"r\";a:1:{i:0;i:1;}}i:134;a:4:{s:1:\"a\";i:135;s:1:\"b\";s:33:\"restore_insurance::batch::invoice\";s:1:\"c\";s:3:\"web\";s:1:\"r\";a:1:{i:0;i:1;}}i:135;a:4:{s:1:\"a\";i:136;s:1:\"b\";s:37:\"restore_any_insurance::batch::invoice\";s:1:\"c\";s:3:\"web\";s:1:\"r\";a:1:{i:0;i:1;}}i:136;a:4:{s:1:\"a\";i:137;s:1:\"b\";s:35:\"replicate_insurance::batch::invoice\";s:1:\"c\";s:3:\"web\";s:1:\"r\";a:1:{i:0;i:1;}}i:137;a:4:{s:1:\"a\";i:138;s:1:\"b\";s:33:\"reorder_insurance::batch::invoice\";s:1:\"c\";s:3:\"web\";s:1:\"r\";a:1:{i:0;i:1;}}i:138;a:4:{s:1:\"a\";i:139;s:1:\"b\";s:32:\"delete_insurance::batch::invoice\";s:1:\"c\";s:3:\"web\";s:1:\"r\";a:1:{i:0;i:1;}}i:139;a:4:{s:1:\"a\";i:140;s:1:\"b\";s:36:\"delete_any_insurance::batch::invoice\";s:1:\"c\";s:3:\"web\";s:1:\"r\";a:1:{i:0;i:1;}}i:140;a:4:{s:1:\"a\";i:141;s:1:\"b\";s:38:\"force_delete_insurance::batch::invoice\";s:1:\"c\";s:3:\"web\";s:1:\"r\";a:1:{i:0;i:1;}}i:141;a:4:{s:1:\"a\";i:142;s:1:\"b\";s:42:\"force_delete_any_insurance::batch::invoice\";s:1:\"c\";s:3:\"web\";s:1:\"r\";a:1:{i:0;i:1;}}i:142;a:4:{s:1:\"a\";i:143;s:1:\"b\";s:21:\"view_insurance::claim\";s:1:\"c\";s:3:\"web\";s:1:\"r\";a:1:{i:0;i:1;}}i:143;a:4:{s:1:\"a\";i:144;s:1:\"b\";s:25:\"view_any_insurance::claim\";s:1:\"c\";s:3:\"web\";s:1:\"r\";a:1:{i:0;i:1;}}i:144;a:4:{s:1:\"a\";i:145;s:1:\"b\";s:23:\"create_insurance::claim\";s:1:\"c\";s:3:\"web\";s:1:\"r\";a:1:{i:0;i:1;}}i:145;a:4:{s:1:\"a\";i:146;s:1:\"b\";s:23:\"update_insurance::claim\";s:1:\"c\";s:3:\"web\";s:1:\"r\";a:1:{i:0;i:1;}}i:146;a:4:{s:1:\"a\";i:147;s:1:\"b\";s:24:\"restore_insurance::claim\";s:1:\"c\";s:3:\"web\";s:1:\"r\";a:1:{i:0;i:1;}}i:147;a:4:{s:1:\"a\";i:148;s:1:\"b\";s:28:\"restore_any_insurance::claim\";s:1:\"c\";s:3:\"web\";s:1:\"r\";a:1:{i:0;i:1;}}i:148;a:4:{s:1:\"a\";i:149;s:1:\"b\";s:26:\"replicate_insurance::claim\";s:1:\"c\";s:3:\"web\";s:1:\"r\";a:1:{i:0;i:1;}}i:149;a:4:{s:1:\"a\";i:150;s:1:\"b\";s:24:\"reorder_insurance::claim\";s:1:\"c\";s:3:\"web\";s:1:\"r\";a:1:{i:0;i:1;}}i:150;a:4:{s:1:\"a\";i:151;s:1:\"b\";s:23:\"delete_insurance::claim\";s:1:\"c\";s:3:\"web\";s:1:\"r\";a:1:{i:0;i:1;}}i:151;a:4:{s:1:\"a\";i:152;s:1:\"b\";s:27:\"delete_any_insurance::claim\";s:1:\"c\";s:3:\"web\";s:1:\"r\";a:1:{i:0;i:1;}}i:152;a:4:{s:1:\"a\";i:153;s:1:\"b\";s:29:\"force_delete_insurance::claim\";s:1:\"c\";s:3:\"web\";s:1:\"r\";a:1:{i:0;i:1;}}i:153;a:4:{s:1:\"a\";i:154;s:1:\"b\";s:33:\"force_delete_any_insurance::claim\";s:1:\"c\";s:3:\"web\";s:1:\"r\";a:1:{i:0;i:1;}}i:154;a:4:{s:1:\"a\";i:155;s:1:\"b\";s:24:\"view_insurance::provider\";s:1:\"c\";s:3:\"web\";s:1:\"r\";a:1:{i:0;i:1;}}i:155;a:4:{s:1:\"a\";i:156;s:1:\"b\";s:28:\"view_any_insurance::provider\";s:1:\"c\";s:3:\"web\";s:1:\"r\";a:1:{i:0;i:1;}}i:156;a:4:{s:1:\"a\";i:157;s:1:\"b\";s:26:\"create_insurance::provider\";s:1:\"c\";s:3:\"web\";s:1:\"r\";a:1:{i:0;i:1;}}i:157;a:4:{s:1:\"a\";i:158;s:1:\"b\";s:26:\"update_insurance::provider\";s:1:\"c\";s:3:\"web\";s:1:\"r\";a:1:{i:0;i:1;}}i:158;a:4:{s:1:\"a\";i:159;s:1:\"b\";s:27:\"restore_insurance::provider\";s:1:\"c\";s:3:\"web\";s:1:\"r\";a:1:{i:0;i:1;}}i:159;a:4:{s:1:\"a\";i:160;s:1:\"b\";s:31:\"restore_any_insurance::provider\";s:1:\"c\";s:3:\"web\";s:1:\"r\";a:1:{i:0;i:1;}}i:160;a:4:{s:1:\"a\";i:161;s:1:\"b\";s:29:\"replicate_insurance::provider\";s:1:\"c\";s:3:\"web\";s:1:\"r\";a:1:{i:0;i:1;}}i:161;a:4:{s:1:\"a\";i:162;s:1:\"b\";s:27:\"reorder_insurance::provider\";s:1:\"c\";s:3:\"web\";s:1:\"r\";a:1:{i:0;i:1;}}i:162;a:4:{s:1:\"a\";i:163;s:1:\"b\";s:26:\"delete_insurance::provider\";s:1:\"c\";s:3:\"web\";s:1:\"r\";a:1:{i:0;i:1;}}i:163;a:4:{s:1:\"a\";i:164;s:1:\"b\";s:30:\"delete_any_insurance::provider\";s:1:\"c\";s:3:\"web\";s:1:\"r\";a:1:{i:0;i:1;}}i:164;a:4:{s:1:\"a\";i:165;s:1:\"b\";s:32:\"force_delete_insurance::provider\";s:1:\"c\";s:3:\"web\";s:1:\"r\";a:1:{i:0;i:1;}}i:165;a:4:{s:1:\"a\";i:166;s:1:\"b\";s:36:\"force_delete_any_insurance::provider\";s:1:\"c\";s:3:\"web\";s:1:\"r\";a:1:{i:0;i:1;}}i:166;a:4:{s:1:\"a\";i:167;s:1:\"b\";s:23:\"view_intake::assessment\";s:1:\"c\";s:3:\"web\";s:1:\"r\";a:1:{i:0;i:1;}}i:167;a:4:{s:1:\"a\";i:168;s:1:\"b\";s:27:\"view_any_intake::assessment\";s:1:\"c\";s:3:\"web\";s:1:\"r\";a:1:{i:0;i:1;}}i:168;a:4:{s:1:\"a\";i:169;s:1:\"b\";s:25:\"create_intake::assessment\";s:1:\"c\";s:3:\"web\";s:1:\"r\";a:1:{i:0;i:1;}}i:169;a:4:{s:1:\"a\";i:170;s:1:\"b\";s:25:\"update_intake::assessment\";s:1:\"c\";s:3:\"web\";s:1:\"r\";a:1:{i:0;i:1;}}i:170;a:4:{s:1:\"a\";i:171;s:1:\"b\";s:26:\"restore_intake::assessment\";s:1:\"c\";s:3:\"web\";s:1:\"r\";a:1:{i:0;i:1;}}i:171;a:4:{s:1:\"a\";i:172;s:1:\"b\";s:30:\"restore_any_intake::assessment\";s:1:\"c\";s:3:\"web\";s:1:\"r\";a:1:{i:0;i:1;}}i:172;a:4:{s:1:\"a\";i:173;s:1:\"b\";s:28:\"replicate_intake::assessment\";s:1:\"c\";s:3:\"web\";s:1:\"r\";a:1:{i:0;i:1;}}i:173;a:4:{s:1:\"a\";i:174;s:1:\"b\";s:26:\"reorder_intake::assessment\";s:1:\"c\";s:3:\"web\";s:1:\"r\";a:1:{i:0;i:1;}}i:174;a:4:{s:1:\"a\";i:175;s:1:\"b\";s:25:\"delete_intake::assessment\";s:1:\"c\";s:3:\"web\";s:1:\"r\";a:1:{i:0;i:1;}}i:175;a:4:{s:1:\"a\";i:176;s:1:\"b\";s:29:\"delete_any_intake::assessment\";s:1:\"c\";s:3:\"web\";s:1:\"r\";a:1:{i:0;i:1;}}i:176;a:4:{s:1:\"a\";i:177;s:1:\"b\";s:31:\"force_delete_intake::assessment\";s:1:\"c\";s:3:\"web\";s:1:\"r\";a:1:{i:0;i:1;}}i:177;a:4:{s:1:\"a\";i:178;s:1:\"b\";s:35:\"force_delete_any_intake::assessment\";s:1:\"c\";s:3:\"web\";s:1:\"r\";a:1:{i:0;i:1;}}i:178;a:4:{s:1:\"a\";i:179;s:1:\"b\";s:18:\"view_intake::queue\";s:1:\"c\";s:3:\"web\";s:1:\"r\";a:1:{i:0;i:1;}}i:179;a:4:{s:1:\"a\";i:180;s:1:\"b\";s:22:\"view_any_intake::queue\";s:1:\"c\";s:3:\"web\";s:1:\"r\";a:1:{i:0;i:1;}}i:180;a:4:{s:1:\"a\";i:181;s:1:\"b\";s:20:\"create_intake::queue\";s:1:\"c\";s:3:\"web\";s:1:\"r\";a:1:{i:0;i:1;}}i:181;a:4:{s:1:\"a\";i:182;s:1:\"b\";s:20:\"update_intake::queue\";s:1:\"c\";s:3:\"web\";s:1:\"r\";a:1:{i:0;i:1;}}i:182;a:4:{s:1:\"a\";i:183;s:1:\"b\";s:21:\"restore_intake::queue\";s:1:\"c\";s:3:\"web\";s:1:\"r\";a:1:{i:0;i:1;}}i:183;a:4:{s:1:\"a\";i:184;s:1:\"b\";s:25:\"restore_any_intake::queue\";s:1:\"c\";s:3:\"web\";s:1:\"r\";a:1:{i:0;i:1;}}i:184;a:4:{s:1:\"a\";i:185;s:1:\"b\";s:23:\"replicate_intake::queue\";s:1:\"c\";s:3:\"web\";s:1:\"r\";a:1:{i:0;i:1;}}i:185;a:4:{s:1:\"a\";i:186;s:1:\"b\";s:21:\"reorder_intake::queue\";s:1:\"c\";s:3:\"web\";s:1:\"r\";a:1:{i:0;i:1;}}i:186;a:4:{s:1:\"a\";i:187;s:1:\"b\";s:20:\"delete_intake::queue\";s:1:\"c\";s:3:\"web\";s:1:\"r\";a:1:{i:0;i:1;}}i:187;a:4:{s:1:\"a\";i:188;s:1:\"b\";s:24:\"delete_any_intake::queue\";s:1:\"c\";s:3:\"web\";s:1:\"r\";a:1:{i:0;i:1;}}i:188;a:4:{s:1:\"a\";i:189;s:1:\"b\";s:26:\"force_delete_intake::queue\";s:1:\"c\";s:3:\"web\";s:1:\"r\";a:1:{i:0;i:1;}}i:189;a:4:{s:1:\"a\";i:190;s:1:\"b\";s:30:\"force_delete_any_intake::queue\";s:1:\"c\";s:3:\"web\";s:1:\"r\";a:1:{i:0;i:1;}}i:190;a:4:{s:1:\"a\";i:191;s:1:\"b\";s:12:\"view_payment\";s:1:\"c\";s:3:\"web\";s:1:\"r\";a:1:{i:0;i:1;}}i:191;a:4:{s:1:\"a\";i:192;s:1:\"b\";s:16:\"view_any_payment\";s:1:\"c\";s:3:\"web\";s:1:\"r\";a:1:{i:0;i:1;}}i:192;a:4:{s:1:\"a\";i:193;s:1:\"b\";s:14:\"create_payment\";s:1:\"c\";s:3:\"web\";s:1:\"r\";a:1:{i:0;i:1;}}i:193;a:4:{s:1:\"a\";i:194;s:1:\"b\";s:14:\"update_payment\";s:1:\"c\";s:3:\"web\";s:1:\"r\";a:1:{i:0;i:1;}}i:194;a:4:{s:1:\"a\";i:195;s:1:\"b\";s:15:\"restore_payment\";s:1:\"c\";s:3:\"web\";s:1:\"r\";a:1:{i:0;i:1;}}i:195;a:4:{s:1:\"a\";i:196;s:1:\"b\";s:19:\"restore_any_payment\";s:1:\"c\";s:3:\"web\";s:1:\"r\";a:1:{i:0;i:1;}}i:196;a:4:{s:1:\"a\";i:197;s:1:\"b\";s:17:\"replicate_payment\";s:1:\"c\";s:3:\"web\";s:1:\"r\";a:1:{i:0;i:1;}}i:197;a:4:{s:1:\"a\";i:198;s:1:\"b\";s:15:\"reorder_payment\";s:1:\"c\";s:3:\"web\";s:1:\"r\";a:1:{i:0;i:1;}}i:198;a:4:{s:1:\"a\";i:199;s:1:\"b\";s:14:\"delete_payment\";s:1:\"c\";s:3:\"web\";s:1:\"r\";a:1:{i:0;i:1;}}i:199;a:4:{s:1:\"a\";i:200;s:1:\"b\";s:18:\"delete_any_payment\";s:1:\"c\";s:3:\"web\";s:1:\"r\";a:1:{i:0;i:1;}}i:200;a:4:{s:1:\"a\";i:201;s:1:\"b\";s:20:\"force_delete_payment\";s:1:\"c\";s:3:\"web\";s:1:\"r\";a:1:{i:0;i:1;}}i:201;a:4:{s:1:\"a\";i:202;s:1:\"b\";s:24:\"force_delete_any_payment\";s:1:\"c\";s:3:\"web\";s:1:\"r\";a:1:{i:0;i:1;}}i:202;a:4:{s:1:\"a\";i:203;s:1:\"b\";s:14:\"view_reception\";s:1:\"c\";s:3:\"web\";s:1:\"r\";a:1:{i:0;i:1;}}i:203;a:4:{s:1:\"a\";i:204;s:1:\"b\";s:18:\"view_any_reception\";s:1:\"c\";s:3:\"web\";s:1:\"r\";a:1:{i:0;i:1;}}i:204;a:4:{s:1:\"a\";i:205;s:1:\"b\";s:16:\"create_reception\";s:1:\"c\";s:3:\"web\";s:1:\"r\";a:1:{i:0;i:1;}}i:205;a:4:{s:1:\"a\";i:206;s:1:\"b\";s:16:\"update_reception\";s:1:\"c\";s:3:\"web\";s:1:\"r\";a:1:{i:0;i:1;}}i:206;a:4:{s:1:\"a\";i:207;s:1:\"b\";s:17:\"restore_reception\";s:1:\"c\";s:3:\"web\";s:1:\"r\";a:1:{i:0;i:1;}}i:207;a:4:{s:1:\"a\";i:208;s:1:\"b\";s:21:\"restore_any_reception\";s:1:\"c\";s:3:\"web\";s:1:\"r\";a:1:{i:0;i:1;}}i:208;a:4:{s:1:\"a\";i:209;s:1:\"b\";s:19:\"replicate_reception\";s:1:\"c\";s:3:\"web\";s:1:\"r\";a:1:{i:0;i:1;}}i:209;a:4:{s:1:\"a\";i:210;s:1:\"b\";s:17:\"reorder_reception\";s:1:\"c\";s:3:\"web\";s:1:\"r\";a:1:{i:0;i:1;}}i:210;a:4:{s:1:\"a\";i:211;s:1:\"b\";s:16:\"delete_reception\";s:1:\"c\";s:3:\"web\";s:1:\"r\";a:1:{i:0;i:1;}}i:211;a:4:{s:1:\"a\";i:212;s:1:\"b\";s:20:\"delete_any_reception\";s:1:\"c\";s:3:\"web\";s:1:\"r\";a:1:{i:0;i:1;}}i:212;a:4:{s:1:\"a\";i:213;s:1:\"b\";s:22:\"force_delete_reception\";s:1:\"c\";s:3:\"web\";s:1:\"r\";a:1:{i:0;i:1;}}i:213;a:4:{s:1:\"a\";i:214;s:1:\"b\";s:26:\"force_delete_any_reception\";s:1:\"c\";s:3:\"web\";s:1:\"r\";a:1:{i:0;i:1;}}i:214;a:4:{s:1:\"a\";i:215;s:1:\"b\";s:12:\"view_service\";s:1:\"c\";s:3:\"web\";s:1:\"r\";a:1:{i:0;i:1;}}i:215;a:4:{s:1:\"a\";i:216;s:1:\"b\";s:16:\"view_any_service\";s:1:\"c\";s:3:\"web\";s:1:\"r\";a:1:{i:0;i:1;}}i:216;a:4:{s:1:\"a\";i:217;s:1:\"b\";s:14:\"create_service\";s:1:\"c\";s:3:\"web\";s:1:\"r\";a:1:{i:0;i:1;}}i:217;a:4:{s:1:\"a\";i:218;s:1:\"b\";s:14:\"update_service\";s:1:\"c\";s:3:\"web\";s:1:\"r\";a:1:{i:0;i:1;}}i:218;a:4:{s:1:\"a\";i:219;s:1:\"b\";s:15:\"restore_service\";s:1:\"c\";s:3:\"web\";s:1:\"r\";a:1:{i:0;i:1;}}i:219;a:4:{s:1:\"a\";i:220;s:1:\"b\";s:19:\"restore_any_service\";s:1:\"c\";s:3:\"web\";s:1:\"r\";a:1:{i:0;i:1;}}i:220;a:4:{s:1:\"a\";i:221;s:1:\"b\";s:17:\"replicate_service\";s:1:\"c\";s:3:\"web\";s:1:\"r\";a:1:{i:0;i:1;}}i:221;a:4:{s:1:\"a\";i:222;s:1:\"b\";s:15:\"reorder_service\";s:1:\"c\";s:3:\"web\";s:1:\"r\";a:1:{i:0;i:1;}}i:222;a:4:{s:1:\"a\";i:223;s:1:\"b\";s:14:\"delete_service\";s:1:\"c\";s:3:\"web\";s:1:\"r\";a:1:{i:0;i:1;}}i:223;a:4:{s:1:\"a\";i:224;s:1:\"b\";s:18:\"delete_any_service\";s:1:\"c\";s:3:\"web\";s:1:\"r\";a:1:{i:0;i:1;}}i:224;a:4:{s:1:\"a\";i:225;s:1:\"b\";s:20:\"force_delete_service\";s:1:\"c\";s:3:\"web\";s:1:\"r\";a:1:{i:0;i:1;}}i:225;a:4:{s:1:\"a\";i:226;s:1:\"b\";s:24:\"force_delete_any_service\";s:1:\"c\";s:3:\"web\";s:1:\"r\";a:1:{i:0;i:1;}}i:226;a:4:{s:1:\"a\";i:227;s:1:\"b\";s:30:\"view_service::point::dashboard\";s:1:\"c\";s:3:\"web\";s:1:\"r\";a:1:{i:0;i:1;}}i:227;a:4:{s:1:\"a\";i:228;s:1:\"b\";s:34:\"view_any_service::point::dashboard\";s:1:\"c\";s:3:\"web\";s:1:\"r\";a:1:{i:0;i:1;}}i:228;a:4:{s:1:\"a\";i:229;s:1:\"b\";s:32:\"create_service::point::dashboard\";s:1:\"c\";s:3:\"web\";s:1:\"r\";a:1:{i:0;i:1;}}i:229;a:4:{s:1:\"a\";i:230;s:1:\"b\";s:32:\"update_service::point::dashboard\";s:1:\"c\";s:3:\"web\";s:1:\"r\";a:1:{i:0;i:1;}}i:230;a:4:{s:1:\"a\";i:231;s:1:\"b\";s:33:\"restore_service::point::dashboard\";s:1:\"c\";s:3:\"web\";s:1:\"r\";a:1:{i:0;i:1;}}i:231;a:4:{s:1:\"a\";i:232;s:1:\"b\";s:37:\"restore_any_service::point::dashboard\";s:1:\"c\";s:3:\"web\";s:1:\"r\";a:1:{i:0;i:1;}}i:232;a:4:{s:1:\"a\";i:233;s:1:\"b\";s:35:\"replicate_service::point::dashboard\";s:1:\"c\";s:3:\"web\";s:1:\"r\";a:1:{i:0;i:1;}}i:233;a:4:{s:1:\"a\";i:234;s:1:\"b\";s:33:\"reorder_service::point::dashboard\";s:1:\"c\";s:3:\"web\";s:1:\"r\";a:1:{i:0;i:1;}}i:234;a:4:{s:1:\"a\";i:235;s:1:\"b\";s:32:\"delete_service::point::dashboard\";s:1:\"c\";s:3:\"web\";s:1:\"r\";a:1:{i:0;i:1;}}i:235;a:4:{s:1:\"a\";i:236;s:1:\"b\";s:36:\"delete_any_service::point::dashboard\";s:1:\"c\";s:3:\"web\";s:1:\"r\";a:1:{i:0;i:1;}}i:236;a:4:{s:1:\"a\";i:237;s:1:\"b\";s:38:\"force_delete_service::point::dashboard\";s:1:\"c\";s:3:\"web\";s:1:\"r\";a:1:{i:0;i:1;}}i:237;a:4:{s:1:\"a\";i:238;s:1:\"b\";s:42:\"force_delete_any_service::point::dashboard\";s:1:\"c\";s:3:\"web\";s:1:\"r\";a:1:{i:0;i:1;}}i:238;a:4:{s:1:\"a\";i:239;s:1:\"b\";s:19:\"view_service::queue\";s:1:\"c\";s:3:\"web\";s:1:\"r\";a:1:{i:0;i:1;}}i:239;a:4:{s:1:\"a\";i:240;s:1:\"b\";s:23:\"view_any_service::queue\";s:1:\"c\";s:3:\"web\";s:1:\"r\";a:1:{i:0;i:1;}}i:240;a:4:{s:1:\"a\";i:241;s:1:\"b\";s:21:\"create_service::queue\";s:1:\"c\";s:3:\"web\";s:1:\"r\";a:1:{i:0;i:1;}}i:241;a:4:{s:1:\"a\";i:242;s:1:\"b\";s:21:\"update_service::queue\";s:1:\"c\";s:3:\"web\";s:1:\"r\";a:1:{i:0;i:1;}}i:242;a:4:{s:1:\"a\";i:243;s:1:\"b\";s:22:\"restore_service::queue\";s:1:\"c\";s:3:\"web\";s:1:\"r\";a:1:{i:0;i:1;}}i:243;a:4:{s:1:\"a\";i:244;s:1:\"b\";s:26:\"restore_any_service::queue\";s:1:\"c\";s:3:\"web\";s:1:\"r\";a:1:{i:0;i:1;}}i:244;a:4:{s:1:\"a\";i:245;s:1:\"b\";s:24:\"replicate_service::queue\";s:1:\"c\";s:3:\"web\";s:1:\"r\";a:1:{i:0;i:1;}}i:245;a:4:{s:1:\"a\";i:246;s:1:\"b\";s:22:\"reorder_service::queue\";s:1:\"c\";s:3:\"web\";s:1:\"r\";a:1:{i:0;i:1;}}i:246;a:4:{s:1:\"a\";i:247;s:1:\"b\";s:21:\"delete_service::queue\";s:1:\"c\";s:3:\"web\";s:1:\"r\";a:1:{i:0;i:1;}}i:247;a:4:{s:1:\"a\";i:248;s:1:\"b\";s:25:\"delete_any_service::queue\";s:1:\"c\";s:3:\"web\";s:1:\"r\";a:1:{i:0;i:1;}}i:248;a:4:{s:1:\"a\";i:249;s:1:\"b\";s:27:\"force_delete_service::queue\";s:1:\"c\";s:3:\"web\";s:1:\"r\";a:1:{i:0;i:1;}}i:249;a:4:{s:1:\"a\";i:250;s:1:\"b\";s:31:\"force_delete_any_service::queue\";s:1:\"c\";s:3:\"web\";s:1:\"r\";a:1:{i:0;i:1;}}i:250;a:4:{s:1:\"a\";i:251;s:1:\"b\";s:16:\"view_sub::county\";s:1:\"c\";s:3:\"web\";s:1:\"r\";a:1:{i:0;i:1;}}i:251;a:4:{s:1:\"a\";i:252;s:1:\"b\";s:20:\"view_any_sub::county\";s:1:\"c\";s:3:\"web\";s:1:\"r\";a:1:{i:0;i:1;}}i:252;a:4:{s:1:\"a\";i:253;s:1:\"b\";s:18:\"create_sub::county\";s:1:\"c\";s:3:\"web\";s:1:\"r\";a:1:{i:0;i:1;}}i:253;a:4:{s:1:\"a\";i:254;s:1:\"b\";s:18:\"update_sub::county\";s:1:\"c\";s:3:\"web\";s:1:\"r\";a:1:{i:0;i:1;}}i:254;a:4:{s:1:\"a\";i:255;s:1:\"b\";s:19:\"restore_sub::county\";s:1:\"c\";s:3:\"web\";s:1:\"r\";a:1:{i:0;i:1;}}i:255;a:4:{s:1:\"a\";i:256;s:1:\"b\";s:23:\"restore_any_sub::county\";s:1:\"c\";s:3:\"web\";s:1:\"r\";a:1:{i:0;i:1;}}i:256;a:4:{s:1:\"a\";i:257;s:1:\"b\";s:21:\"replicate_sub::county\";s:1:\"c\";s:3:\"web\";s:1:\"r\";a:1:{i:0;i:1;}}i:257;a:4:{s:1:\"a\";i:258;s:1:\"b\";s:19:\"reorder_sub::county\";s:1:\"c\";s:3:\"web\";s:1:\"r\";a:1:{i:0;i:1;}}i:258;a:4:{s:1:\"a\";i:259;s:1:\"b\";s:18:\"delete_sub::county\";s:1:\"c\";s:3:\"web\";s:1:\"r\";a:1:{i:0;i:1;}}i:259;a:4:{s:1:\"a\";i:260;s:1:\"b\";s:22:\"delete_any_sub::county\";s:1:\"c\";s:3:\"web\";s:1:\"r\";a:1:{i:0;i:1;}}i:260;a:4:{s:1:\"a\";i:261;s:1:\"b\";s:24:\"force_delete_sub::county\";s:1:\"c\";s:3:\"web\";s:1:\"r\";a:1:{i:0;i:1;}}i:261;a:4:{s:1:\"a\";i:262;s:1:\"b\";s:28:\"force_delete_any_sub::county\";s:1:\"c\";s:3:\"web\";s:1:\"r\";a:1:{i:0;i:1;}}i:262;a:4:{s:1:\"a\";i:263;s:1:\"b\";s:15:\"view_any_triage\";s:1:\"c\";s:3:\"web\";s:1:\"r\";a:1:{i:0;i:1;}}i:263;a:4:{s:1:\"a\";i:264;s:1:\"b\";s:13:\"update_triage\";s:1:\"c\";s:3:\"web\";s:1:\"r\";a:1:{i:0;i:1;}}i:264;a:4:{s:1:\"a\";i:265;s:1:\"b\";s:14:\"restore_triage\";s:1:\"c\";s:3:\"web\";s:1:\"r\";a:1:{i:0;i:1;}}i:265;a:4:{s:1:\"a\";i:266;s:1:\"b\";s:18:\"restore_any_triage\";s:1:\"c\";s:3:\"web\";s:1:\"r\";a:1:{i:0;i:1;}}i:266;a:4:{s:1:\"a\";i:267;s:1:\"b\";s:16:\"replicate_triage\";s:1:\"c\";s:3:\"web\";s:1:\"r\";a:1:{i:0;i:1;}}i:267;a:4:{s:1:\"a\";i:268;s:1:\"b\";s:14:\"reorder_triage\";s:1:\"c\";s:3:\"web\";s:1:\"r\";a:1:{i:0;i:1;}}i:268;a:4:{s:1:\"a\";i:269;s:1:\"b\";s:13:\"delete_triage\";s:1:\"c\";s:3:\"web\";s:1:\"r\";a:1:{i:0;i:1;}}i:269;a:4:{s:1:\"a\";i:270;s:1:\"b\";s:17:\"delete_any_triage\";s:1:\"c\";s:3:\"web\";s:1:\"r\";a:1:{i:0;i:1;}}i:270;a:4:{s:1:\"a\";i:271;s:1:\"b\";s:19:\"force_delete_triage\";s:1:\"c\";s:3:\"web\";s:1:\"r\";a:1:{i:0;i:1;}}i:271;a:4:{s:1:\"a\";i:272;s:1:\"b\";s:23:\"force_delete_any_triage\";s:1:\"c\";s:3:\"web\";s:1:\"r\";a:1:{i:0;i:1;}}i:272;a:4:{s:1:\"a\";i:273;s:1:\"b\";s:18:\"view_triage::queue\";s:1:\"c\";s:3:\"web\";s:1:\"r\";a:1:{i:0;i:1;}}i:273;a:4:{s:1:\"a\";i:274;s:1:\"b\";s:22:\"view_any_triage::queue\";s:1:\"c\";s:3:\"web\";s:1:\"r\";a:1:{i:0;i:1;}}i:274;a:4:{s:1:\"a\";i:275;s:1:\"b\";s:20:\"create_triage::queue\";s:1:\"c\";s:3:\"web\";s:1:\"r\";a:1:{i:0;i:1;}}i:275;a:4:{s:1:\"a\";i:276;s:1:\"b\";s:20:\"update_triage::queue\";s:1:\"c\";s:3:\"web\";s:1:\"r\";a:1:{i:0;i:1;}}i:276;a:4:{s:1:\"a\";i:277;s:1:\"b\";s:21:\"restore_triage::queue\";s:1:\"c\";s:3:\"web\";s:1:\"r\";a:1:{i:0;i:1;}}i:277;a:4:{s:1:\"a\";i:278;s:1:\"b\";s:25:\"restore_any_triage::queue\";s:1:\"c\";s:3:\"web\";s:1:\"r\";a:1:{i:0;i:1;}}i:278;a:4:{s:1:\"a\";i:279;s:1:\"b\";s:23:\"replicate_triage::queue\";s:1:\"c\";s:3:\"web\";s:1:\"r\";a:1:{i:0;i:1;}}i:279;a:4:{s:1:\"a\";i:280;s:1:\"b\";s:21:\"reorder_triage::queue\";s:1:\"c\";s:3:\"web\";s:1:\"r\";a:1:{i:0;i:1;}}i:280;a:4:{s:1:\"a\";i:281;s:1:\"b\";s:20:\"delete_triage::queue\";s:1:\"c\";s:3:\"web\";s:1:\"r\";a:1:{i:0;i:1;}}i:281;a:4:{s:1:\"a\";i:282;s:1:\"b\";s:24:\"delete_any_triage::queue\";s:1:\"c\";s:3:\"web\";s:1:\"r\";a:1:{i:0;i:1;}}i:282;a:4:{s:1:\"a\";i:283;s:1:\"b\";s:26:\"force_delete_triage::queue\";s:1:\"c\";s:3:\"web\";s:1:\"r\";a:1:{i:0;i:1;}}i:283;a:4:{s:1:\"a\";i:284;s:1:\"b\";s:30:\"force_delete_any_triage::queue\";s:1:\"c\";s:3:\"web\";s:1:\"r\";a:1:{i:0;i:1;}}i:284;a:4:{s:1:\"a\";i:285;s:1:\"b\";s:9:\"view_user\";s:1:\"c\";s:3:\"web\";s:1:\"r\";a:1:{i:0;i:1;}}i:285;a:4:{s:1:\"a\";i:286;s:1:\"b\";s:13:\"view_any_user\";s:1:\"c\";s:3:\"web\";s:1:\"r\";a:1:{i:0;i:1;}}i:286;a:4:{s:1:\"a\";i:287;s:1:\"b\";s:11:\"create_user\";s:1:\"c\";s:3:\"web\";s:1:\"r\";a:1:{i:0;i:1;}}i:287;a:4:{s:1:\"a\";i:288;s:1:\"b\";s:11:\"update_user\";s:1:\"c\";s:3:\"web\";s:1:\"r\";a:1:{i:0;i:1;}}i:288;a:4:{s:1:\"a\";i:289;s:1:\"b\";s:12:\"restore_user\";s:1:\"c\";s:3:\"web\";s:1:\"r\";a:1:{i:0;i:1;}}i:289;a:4:{s:1:\"a\";i:290;s:1:\"b\";s:16:\"restore_any_user\";s:1:\"c\";s:3:\"web\";s:1:\"r\";a:1:{i:0;i:1;}}i:290;a:4:{s:1:\"a\";i:291;s:1:\"b\";s:14:\"replicate_user\";s:1:\"c\";s:3:\"web\";s:1:\"r\";a:1:{i:0;i:1;}}i:291;a:4:{s:1:\"a\";i:292;s:1:\"b\";s:12:\"reorder_user\";s:1:\"c\";s:3:\"web\";s:1:\"r\";a:1:{i:0;i:1;}}i:292;a:4:{s:1:\"a\";i:293;s:1:\"b\";s:11:\"delete_user\";s:1:\"c\";s:3:\"web\";s:1:\"r\";a:1:{i:0;i:1;}}i:293;a:4:{s:1:\"a\";i:294;s:1:\"b\";s:15:\"delete_any_user\";s:1:\"c\";s:3:\"web\";s:1:\"r\";a:1:{i:0;i:1;}}i:294;a:4:{s:1:\"a\";i:295;s:1:\"b\";s:17:\"force_delete_user\";s:1:\"c\";s:3:\"web\";s:1:\"r\";a:1:{i:0;i:1;}}i:295;a:4:{s:1:\"a\";i:296;s:1:\"b\";s:21:\"force_delete_any_user\";s:1:\"c\";s:3:\"web\";s:1:\"r\";a:1:{i:0;i:1;}}i:296;a:4:{s:1:\"a\";i:297;s:1:\"b\";s:10:\"view_visit\";s:1:\"c\";s:3:\"web\";s:1:\"r\";a:1:{i:0;i:1;}}i:297;a:4:{s:1:\"a\";i:298;s:1:\"b\";s:14:\"view_any_visit\";s:1:\"c\";s:3:\"web\";s:1:\"r\";a:1:{i:0;i:1;}}i:298;a:4:{s:1:\"a\";i:299;s:1:\"b\";s:12:\"create_visit\";s:1:\"c\";s:3:\"web\";s:1:\"r\";a:1:{i:0;i:1;}}i:299;a:4:{s:1:\"a\";i:300;s:1:\"b\";s:12:\"update_visit\";s:1:\"c\";s:3:\"web\";s:1:\"r\";a:1:{i:0;i:1;}}i:300;a:4:{s:1:\"a\";i:301;s:1:\"b\";s:13:\"restore_visit\";s:1:\"c\";s:3:\"web\";s:1:\"r\";a:1:{i:0;i:1;}}i:301;a:4:{s:1:\"a\";i:302;s:1:\"b\";s:17:\"restore_any_visit\";s:1:\"c\";s:3:\"web\";s:1:\"r\";a:1:{i:0;i:1;}}i:302;a:4:{s:1:\"a\";i:303;s:1:\"b\";s:15:\"replicate_visit\";s:1:\"c\";s:3:\"web\";s:1:\"r\";a:1:{i:0;i:1;}}i:303;a:4:{s:1:\"a\";i:304;s:1:\"b\";s:13:\"reorder_visit\";s:1:\"c\";s:3:\"web\";s:1:\"r\";a:1:{i:0;i:1;}}i:304;a:4:{s:1:\"a\";i:305;s:1:\"b\";s:12:\"delete_visit\";s:1:\"c\";s:3:\"web\";s:1:\"r\";a:1:{i:0;i:1;}}i:305;a:4:{s:1:\"a\";i:306;s:1:\"b\";s:16:\"delete_any_visit\";s:1:\"c\";s:3:\"web\";s:1:\"r\";a:1:{i:0;i:1;}}i:306;a:4:{s:1:\"a\";i:307;s:1:\"b\";s:18:\"force_delete_visit\";s:1:\"c\";s:3:\"web\";s:1:\"r\";a:1:{i:0;i:1;}}i:307;a:4:{s:1:\"a\";i:308;s:1:\"b\";s:22:\"force_delete_any_visit\";s:1:\"c\";s:3:\"web\";s:1:\"r\";a:1:{i:0;i:1;}}i:308;a:4:{s:1:\"a\";i:309;s:1:\"b\";s:9:\"view_ward\";s:1:\"c\";s:3:\"web\";s:1:\"r\";a:1:{i:0;i:1;}}i:309;a:4:{s:1:\"a\";i:310;s:1:\"b\";s:13:\"view_any_ward\";s:1:\"c\";s:3:\"web\";s:1:\"r\";a:1:{i:0;i:1;}}i:310;a:4:{s:1:\"a\";i:311;s:1:\"b\";s:11:\"create_ward\";s:1:\"c\";s:3:\"web\";s:1:\"r\";a:1:{i:0;i:1;}}i:311;a:4:{s:1:\"a\";i:312;s:1:\"b\";s:11:\"update_ward\";s:1:\"c\";s:3:\"web\";s:1:\"r\";a:1:{i:0;i:1;}}i:312;a:4:{s:1:\"a\";i:313;s:1:\"b\";s:12:\"restore_ward\";s:1:\"c\";s:3:\"web\";s:1:\"r\";a:1:{i:0;i:1;}}i:313;a:4:{s:1:\"a\";i:314;s:1:\"b\";s:16:\"restore_any_ward\";s:1:\"c\";s:3:\"web\";s:1:\"r\";a:1:{i:0;i:1;}}i:314;a:4:{s:1:\"a\";i:315;s:1:\"b\";s:14:\"replicate_ward\";s:1:\"c\";s:3:\"web\";s:1:\"r\";a:1:{i:0;i:1;}}i:315;a:4:{s:1:\"a\";i:316;s:1:\"b\";s:12:\"reorder_ward\";s:1:\"c\";s:3:\"web\";s:1:\"r\";a:1:{i:0;i:1;}}i:316;a:4:{s:1:\"a\";i:317;s:1:\"b\";s:11:\"delete_ward\";s:1:\"c\";s:3:\"web\";s:1:\"r\";a:1:{i:0;i:1;}}i:317;a:4:{s:1:\"a\";i:318;s:1:\"b\";s:15:\"delete_any_ward\";s:1:\"c\";s:3:\"web\";s:1:\"r\";a:1:{i:0;i:1;}}i:318;a:4:{s:1:\"a\";i:319;s:1:\"b\";s:17:\"force_delete_ward\";s:1:\"c\";s:3:\"web\";s:1:\"r\";a:1:{i:0;i:1;}}i:319;a:4:{s:1:\"a\";i:320;s:1:\"b\";s:21:\"force_delete_any_ward\";s:1:\"c\";s:3:\"web\";s:1:\"r\";a:1:{i:0;i:1;}}i:320;a:4:{s:1:\"a\";i:321;s:1:\"b\";s:21:\"page_ClientProfileHub\";s:1:\"c\";s:3:\"web\";s:1:\"r\";a:1:{i:0;i:1;}}}s:5:\"roles\";a:6:{i:0;a:3:{s:1:\"a\";i:2;s:1:\"b\";s:5:\"admin\";s:1:\"c\";s:3:\"web\";}i:1;a:3:{s:1:\"a\";i:4;s:1:\"b\";s:12:\"receptionist\";s:1:\"c\";s:3:\"web\";}i:2;a:3:{s:1:\"a\";i:5;s:1:\"b\";s:12:\"triage_nurse\";s:1:\"c\";s:3:\"web\";}i:3;a:3:{s:1:\"a\";i:6;s:1:\"b\";s:14:\"intake_officer\";s:1:\"c\";s:3:\"web\";}i:4;a:3:{s:1:\"a\";i:7;s:1:\"b\";s:15:\"billing_officer\";s:1:\"c\";s:3:\"web\";}i:5;a:3:{s:1:\"a\";i:1;s:1:\"b\";s:11:\"super_admin\";s:1:\"c\";s:3:\"web\";}}}',	1773993737);

DROP TABLE IF EXISTS `cache_locks`;
CREATE TABLE `cache_locks` (
  `key` varchar(255) COLLATE utf8mb4_unicode_ci NOT NULL,
  `owner` varchar(255) COLLATE utf8mb4_unicode_ci NOT NULL,
  `expiration` int NOT NULL,
  PRIMARY KEY (`key`)
) ENGINE=InnoDB DEFAULT CHARSET=utf8mb4 COLLATE=utf8mb4_unicode_ci;


DROP TABLE IF EXISTS `claim_items`;
CREATE TABLE `claim_items` (
  `id` bigint unsigned NOT NULL AUTO_INCREMENT,
  `claim_id` bigint unsigned DEFAULT NULL,
  `invoice_item_id` bigint unsigned DEFAULT NULL,
  `service_id` bigint unsigned DEFAULT NULL,
  `service_name` varchar(255) CHARACTER SET utf8mb4 COLLATE utf8mb4_0900_ai_ci DEFAULT NULL,
  `quantity` int DEFAULT '1',
  `unit_price` decimal(10,2) DEFAULT NULL,
  `total_amount` decimal(10,2) DEFAULT NULL,
  `sponsor_percentage` decimal(5,2) DEFAULT NULL,
  `sponsor_amount` decimal(10,2) DEFAULT NULL,
  `client_amount` decimal(10,2) DEFAULT NULL,
  `claimed_amount` decimal(10,2) DEFAULT NULL,
  `approved_amount` decimal(10,2) DEFAULT NULL,
  `status` varchar(20) CHARACTER SET utf8mb4 COLLATE utf8mb4_0900_ai_ci DEFAULT 'pending',
  `rejection_reason` text,
  `created_at` timestamp NULL DEFAULT NULL,
  `updated_at` timestamp NULL DEFAULT NULL,
  PRIMARY KEY (`id`),
  KEY `idx_claim_id` (`claim_id`),
  KEY `idx_invoice_item_id` (`invoice_item_id`),
  CONSTRAINT `fk_claim_items_claim` FOREIGN KEY (`claim_id`) REFERENCES `insurance_claims` (`id`) ON DELETE CASCADE,
  CONSTRAINT `fk_claim_items_invoice_item` FOREIGN KEY (`invoice_item_id`) REFERENCES `invoice_items` (`id`) ON DELETE CASCADE
) ENGINE=InnoDB DEFAULT CHARSET=utf8mb4 COLLATE=utf8mb4_0900_ai_ci;

INSERT INTO `claim_items` (`id`, `claim_id`, `invoice_item_id`, `service_id`, `service_name`, `quantity`, `unit_price`, `total_amount`, `sponsor_percentage`, `sponsor_amount`, `client_amount`, `claimed_amount`, `approved_amount`, `status`, `rejection_reason`, `created_at`, `updated_at`) VALUES
(3,	3,	7,	1,	'Physiotherapy Initial Assessment',	1,	2000.00,	2000.00,	75.00,	1500.00,	500.00,	1500.00,	0.00,	'pending',	NULL,	'2026-01-29 15:44:20',	'2026-01-29 15:44:20'),
(4,	3,	8,	5,	'Speech & Language Assessment',	1,	3000.00,	3000.00,	76.67,	2300.00,	700.00,	2300.00,	0.00,	'pending',	NULL,	'2026-01-29 15:44:20',	'2026-01-29 15:44:20'),
(5,	4,	12,	11,	'Vision',	1,	2000.00,	2000.00,	50.00,	1000.00,	1000.00,	1000.00,	0.00,	'pending',	NULL,	'2026-02-05 16:25:22',	'2026-02-05 16:25:22'),
(6,	5,	13,	7,	'Psychological Assessment',	1,	4000.00,	4000.00,	80.00,	3200.00,	800.00,	3200.00,	0.00,	'pending',	NULL,	'2026-02-18 02:44:13',	'2026-02-18 02:44:13'),
(7,	6,	14,	11,	'Vision',	1,	2000.00,	2000.00,	50.00,	1000.00,	1000.00,	1000.00,	0.00,	'pending',	NULL,	'2026-02-18 03:47:07',	'2026-02-18 03:47:07'),
(8,	6,	15,	7,	'Psychological Assessment',	1,	4000.00,	4000.00,	80.00,	3200.00,	800.00,	3200.00,	0.00,	'pending',	NULL,	'2026-02-18 03:47:07',	'2026-02-18 03:47:07'),
(9,	7,	16,	1,	'Physiotherapy Initial Assessment',	1,	2000.00,	2000.00,	50.00,	1000.00,	1000.00,	1000.00,	0.00,	'pending',	NULL,	'2026-02-19 04:03:45',	'2026-02-19 04:03:45');

DROP TABLE IF EXISTS `client_addresses`;
CREATE TABLE `client_addresses` (
  `id` bigint unsigned NOT NULL AUTO_INCREMENT,
  `client_id` bigint unsigned NOT NULL,
  `type` enum('physical','postal','temporary') COLLATE utf8mb4_unicode_ci NOT NULL DEFAULT 'physical' COMMENT 'Address type',
  `is_primary` tinyint(1) NOT NULL DEFAULT '0' COMMENT 'Primary address flag',
  `address_line_1` text COLLATE utf8mb4_unicode_ci COMMENT 'Street address line 1',
  `address_line_2` text COLLATE utf8mb4_unicode_ci COMMENT 'Street address line 2',
  `city` varchar(100) COLLATE utf8mb4_unicode_ci DEFAULT NULL COMMENT 'City/town',
  `county_id` bigint unsigned DEFAULT NULL,
  `sub_county_id` bigint unsigned DEFAULT NULL,
  `ward_id` bigint unsigned DEFAULT NULL,
  `postal_code` varchar(20) COLLATE utf8mb4_unicode_ci DEFAULT NULL COMMENT 'Postal code',
  `country` varchar(50) COLLATE utf8mb4_unicode_ci NOT NULL DEFAULT 'Kenya' COMMENT 'Country',
  `latitude` decimal(10,8) DEFAULT NULL COMMENT 'GPS latitude',
  `longitude` decimal(11,8) DEFAULT NULL COMMENT 'GPS longitude',
  `notes` text COLLATE utf8mb4_unicode_ci COMMENT 'Address notes/directions',
  `created_at` timestamp NULL DEFAULT NULL,
  `updated_at` timestamp NULL DEFAULT NULL,
  `deleted_at` timestamp NULL DEFAULT NULL,
  PRIMARY KEY (`id`),
  KEY `idx_addresses_client` (`client_id`),
  KEY `idx_addresses_type` (`type`),
  KEY `idx_addresses_primary` (`is_primary`),
  KEY `client_addresses_county_id_index` (`county_id`),
  KEY `client_addresses_sub_county_id_index` (`sub_county_id`),
  KEY `client_addresses_ward_id_index` (`ward_id`),
  CONSTRAINT `client_addresses_client_id_foreign` FOREIGN KEY (`client_id`) REFERENCES `clients` (`id`) ON DELETE CASCADE,
  CONSTRAINT `client_addresses_county_id_foreign` FOREIGN KEY (`county_id`) REFERENCES `counties` (`id`) ON DELETE SET NULL,
  CONSTRAINT `client_addresses_sub_county_id_foreign` FOREIGN KEY (`sub_county_id`) REFERENCES `sub_counties` (`id`) ON DELETE SET NULL,
  CONSTRAINT `client_addresses_ward_id_foreign` FOREIGN KEY (`ward_id`) REFERENCES `wards` (`id`) ON DELETE SET NULL
) ENGINE=InnoDB DEFAULT CHARSET=utf8mb4 COLLATE=utf8mb4_unicode_ci;


DROP TABLE IF EXISTS `client_allergies`;
CREATE TABLE `client_allergies` (
  `id` bigint unsigned NOT NULL AUTO_INCREMENT,
  `client_id` bigint unsigned NOT NULL,
  `allergy_type` enum('drug','food','environmental','insect','latex','other') COLLATE utf8mb4_unicode_ci NOT NULL,
  `allergen_name` varchar(200) COLLATE utf8mb4_unicode_ci NOT NULL,
  `typical_reactions` json DEFAULT NULL,
  `reaction` text COLLATE utf8mb4_unicode_ci,
  `severity` enum('mild','moderate','severe','life_threatening') COLLATE utf8mb4_unicode_ci NOT NULL,
  `diagnosed_date` date DEFAULT NULL,
  `notes` text COLLATE utf8mb4_unicode_ci,
  `is_active` tinyint(1) NOT NULL DEFAULT '1',
  `created_at` timestamp NULL DEFAULT NULL,
  `updated_at` timestamp NULL DEFAULT NULL,
  `deleted_at` timestamp NULL DEFAULT NULL,
  PRIMARY KEY (`id`),
  KEY `client_allergies_client_id_index` (`client_id`),
  KEY `client_allergies_allergy_type_index` (`allergy_type`),
  KEY `client_allergies_severity_index` (`severity`),
  KEY `client_allergies_is_active_index` (`is_active`),
  CONSTRAINT `client_allergies_client_id_foreign` FOREIGN KEY (`client_id`) REFERENCES `clients` (`id`) ON DELETE CASCADE
) ENGINE=InnoDB DEFAULT CHARSET=utf8mb4 COLLATE=utf8mb4_unicode_ci;


DROP TABLE IF EXISTS `client_contacts`;
CREATE TABLE `client_contacts` (
  `id` bigint unsigned NOT NULL AUTO_INCREMENT,
  `client_id` bigint unsigned NOT NULL,
  `contact_type` enum('emergency','guardian','next_of_kin','caregiver') COLLATE utf8mb4_unicode_ci NOT NULL DEFAULT 'emergency',
  `full_name` varchar(200) COLLATE utf8mb4_unicode_ci NOT NULL,
  `relationship` varchar(100) COLLATE utf8mb4_unicode_ci DEFAULT NULL,
  `phone_primary` varchar(20) COLLATE utf8mb4_unicode_ci DEFAULT NULL,
  `phone_secondary` varchar(20) COLLATE utf8mb4_unicode_ci DEFAULT NULL,
  `email` varchar(100) COLLATE utf8mb4_unicode_ci DEFAULT NULL,
  `national_id` varchar(20) COLLATE utf8mb4_unicode_ci DEFAULT NULL,
  `address` text COLLATE utf8mb4_unicode_ci,
  `is_primary` tinyint(1) NOT NULL DEFAULT '0',
  `notes` text COLLATE utf8mb4_unicode_ci,
  `created_at` timestamp NULL DEFAULT NULL,
  `updated_at` timestamp NULL DEFAULT NULL,
  `deleted_at` timestamp NULL DEFAULT NULL,
  PRIMARY KEY (`id`),
  KEY `client_contacts_client_id_index` (`client_id`),
  KEY `client_contacts_contact_type_index` (`contact_type`),
  KEY `client_contacts_is_primary_index` (`is_primary`),
  CONSTRAINT `client_contacts_client_id_foreign` FOREIGN KEY (`client_id`) REFERENCES `clients` (`id`) ON DELETE CASCADE
) ENGINE=InnoDB DEFAULT CHARSET=utf8mb4 COLLATE=utf8mb4_unicode_ci;


DROP TABLE IF EXISTS `client_credit_accounts`;
CREATE TABLE `client_credit_accounts` (
  `id` bigint unsigned NOT NULL AUTO_INCREMENT,
  `client_id` bigint unsigned NOT NULL,
  `branch_id` bigint unsigned NOT NULL,
  `account_number` varchar(255) COLLATE utf8mb4_unicode_ci NOT NULL,
  `credit_limit` decimal(10,2) NOT NULL DEFAULT '0.00',
  `current_balance` decimal(10,2) NOT NULL DEFAULT '0.00',
  `available_credit` decimal(10,2) NOT NULL DEFAULT '0.00',
  `status` enum('active','suspended','closed') COLLATE utf8mb4_unicode_ci NOT NULL DEFAULT 'active',
  `notes` text COLLATE utf8mb4_unicode_ci,
  `created_by` bigint unsigned DEFAULT NULL,
  `created_at` timestamp NULL DEFAULT NULL,
  `updated_at` timestamp NULL DEFAULT NULL,
  `deleted_at` timestamp NULL DEFAULT NULL,
  PRIMARY KEY (`id`),
  UNIQUE KEY `client_credit_accounts_account_number_unique` (`account_number`),
  KEY `client_credit_accounts_branch_id_foreign` (`branch_id`),
  KEY `client_credit_accounts_created_by_foreign` (`created_by`),
  KEY `client_credit_accounts_client_id_branch_id_index` (`client_id`,`branch_id`),
  KEY `idx_ca_client_status_balance` (`client_id`,`status`,`current_balance`),
  CONSTRAINT `client_credit_accounts_branch_id_foreign` FOREIGN KEY (`branch_id`) REFERENCES `branches` (`id`) ON DELETE CASCADE,
  CONSTRAINT `client_credit_accounts_client_id_foreign` FOREIGN KEY (`client_id`) REFERENCES `clients` (`id`) ON DELETE CASCADE,
  CONSTRAINT `client_credit_accounts_created_by_foreign` FOREIGN KEY (`created_by`) REFERENCES `users` (`id`)
) ENGINE=InnoDB DEFAULT CHARSET=utf8mb4 COLLATE=utf8mb4_unicode_ci;

INSERT INTO `client_credit_accounts` (`id`, `client_id`, `branch_id`, `account_number`, `credit_limit`, `current_balance`, `available_credit`, `status`, `notes`, `created_by`, `created_at`, `updated_at`, `deleted_at`) VALUES
(1,	1,	1,	'CRD-20260127-00001',	50000.00,	5000.00,	45000.00,	'active',	'Test credit account',	1,	'2026-01-27 20:35:58',	'2026-01-27 20:35:58',	NULL),
(2,	2,	1,	'CRD-20260127-00002',	30000.00,	0.00,	30000.00,	'active',	'Test credit account 2',	1,	'2026-01-27 20:35:58',	'2026-01-27 20:35:58',	NULL);

DELIMITER ;;

CREATE TRIGGER `trg_credit_account_before_insert` BEFORE INSERT ON `client_credit_accounts` FOR EACH ROW
BEGIN
    -- Auto-calculate available credit
    SET NEW.available_credit = NEW.credit_limit - NEW.current_balance;
    
    -- Auto-generate account number if not provided
    IF NEW.account_number IS NULL OR NEW.account_number = '' THEN
        SET NEW.account_number = CONCAT('CRD-', DATE_FORMAT(NOW(), '%Y%m%d'), '-', LPAD((
            SELECT COALESCE(MAX(CAST(SUBSTRING(account_number, -5) AS UNSIGNED)), 0) + 1 
            FROM client_credit_accounts 
            WHERE account_number LIKE CONCAT('CRD-', DATE_FORMAT(NOW(), '%Y%m%d'), '-%')
        ), 5, '0'));
    END IF;
END;;

CREATE TRIGGER `trg_credit_account_before_update` BEFORE UPDATE ON `client_credit_accounts` FOR EACH ROW
BEGIN
    -- Auto-calculate available credit on update
    SET NEW.available_credit = NEW.credit_limit - NEW.current_balance;
END;;

DELIMITER ;

DROP TABLE IF EXISTS `client_disabilities`;
CREATE TABLE `client_disabilities` (
  `id` bigint unsigned NOT NULL AUTO_INCREMENT,
  `client_id` bigint unsigned NOT NULL,
  `is_disability_known` tinyint(1) NOT NULL DEFAULT '0',
  `disability_categories` json DEFAULT NULL,
  `onset` enum('congenital','acquired','unknown') COLLATE utf8mb4_unicode_ci DEFAULT NULL,
  `level_of_functioning` enum('mild','moderate','severe','profound') COLLATE utf8mb4_unicode_ci DEFAULT NULL,
  `assistive_technology` json DEFAULT NULL,
  `assistive_technology_notes` text COLLATE utf8mb4_unicode_ci,
  `disability_notes` text COLLATE utf8mb4_unicode_ci,
  `created_at` timestamp NULL DEFAULT NULL,
  `updated_at` timestamp NULL DEFAULT NULL,
  `deleted_at` timestamp NULL DEFAULT NULL,
  PRIMARY KEY (`id`),
  KEY `client_disabilities_client_id_index` (`client_id`),
  KEY `client_disabilities_is_disability_known_index` (`is_disability_known`),
  KEY `client_disabilities_level_of_functioning_index` (`level_of_functioning`),
  CONSTRAINT `client_disabilities_client_id_foreign` FOREIGN KEY (`client_id`) REFERENCES `clients` (`id`) ON DELETE CASCADE
) ENGINE=InnoDB DEFAULT CHARSET=utf8mb4 COLLATE=utf8mb4_unicode_ci;


DROP TABLE IF EXISTS `client_documents`;
CREATE TABLE `client_documents` (
  `id` bigint unsigned NOT NULL AUTO_INCREMENT,
  `client_id` bigint unsigned NOT NULL,
  `document_type` enum('birth_certificate','national_id','passport','medical_report','assessment_report','referral_letter','other') COLLATE utf8mb4_unicode_ci NOT NULL,
  `title` varchar(200) COLLATE utf8mb4_unicode_ci NOT NULL,
  `file_name` varchar(255) COLLATE utf8mb4_unicode_ci NOT NULL,
  `file_path` varchar(500) COLLATE utf8mb4_unicode_ci NOT NULL,
  `file_size` int DEFAULT NULL,
  `mime_type` varchar(100) COLLATE utf8mb4_unicode_ci DEFAULT NULL,
  `uploaded_by` bigint unsigned DEFAULT NULL,
  `uploaded_at` timestamp NOT NULL DEFAULT CURRENT_TIMESTAMP,
  `notes` text COLLATE utf8mb4_unicode_ci,
  `created_at` timestamp NULL DEFAULT NULL,
  `updated_at` timestamp NULL DEFAULT NULL,
  `deleted_at` timestamp NULL DEFAULT NULL,
  PRIMARY KEY (`id`),
  KEY `client_documents_client_id_index` (`client_id`),
  KEY `client_documents_document_type_index` (`document_type`),
  KEY `client_documents_uploaded_by_index` (`uploaded_by`),
  CONSTRAINT `client_documents_client_id_foreign` FOREIGN KEY (`client_id`) REFERENCES `clients` (`id`) ON DELETE CASCADE,
  CONSTRAINT `client_documents_uploaded_by_foreign` FOREIGN KEY (`uploaded_by`) REFERENCES `users` (`id`) ON DELETE SET NULL
) ENGINE=InnoDB DEFAULT CHARSET=utf8mb4 COLLATE=utf8mb4_unicode_ci;


DROP TABLE IF EXISTS `client_education`;
CREATE TABLE `client_education` (
  `id` bigint unsigned NOT NULL AUTO_INCREMENT,
  `client_id` bigint unsigned NOT NULL,
  `education_level` enum('none','ecd','primary','secondary','tertiary','vocational') COLLATE utf8mb4_unicode_ci DEFAULT NULL,
  `school_type` enum('regular','special','integrated','homeschool') COLLATE utf8mb4_unicode_ci DEFAULT NULL,
  `school_name` varchar(200) COLLATE utf8mb4_unicode_ci DEFAULT NULL,
  `grade_level` varchar(50) COLLATE utf8mb4_unicode_ci DEFAULT NULL,
  `currently_enrolled` tinyint(1) NOT NULL DEFAULT '0',
  `employment_status` enum('unemployed','employed','self_employed','student','retired') COLLATE utf8mb4_unicode_ci DEFAULT NULL,
  `occupation_type` varchar(100) COLLATE utf8mb4_unicode_ci DEFAULT NULL,
  `employer_name` varchar(200) COLLATE utf8mb4_unicode_ci DEFAULT NULL,
  `education_notes` text COLLATE utf8mb4_unicode_ci,
  `created_at` timestamp NULL DEFAULT NULL,
  `updated_at` timestamp NULL DEFAULT NULL,
  PRIMARY KEY (`id`),
  KEY `client_education_client_id_index` (`client_id`),
  KEY `client_education_education_level_index` (`education_level`),
  KEY `client_education_school_type_index` (`school_type`),
  KEY `client_education_employment_status_index` (`employment_status`),
  CONSTRAINT `client_education_client_id_foreign` FOREIGN KEY (`client_id`) REFERENCES `clients` (`id`) ON DELETE CASCADE
) ENGINE=InnoDB DEFAULT CHARSET=utf8mb4 COLLATE=utf8mb4_unicode_ci;


DROP TABLE IF EXISTS `client_insurances`;
CREATE TABLE `client_insurances` (
  `id` bigint unsigned NOT NULL AUTO_INCREMENT,
  `client_id` bigint unsigned NOT NULL,
  `insurance_provider_id` bigint unsigned NOT NULL,
  `membership_number` varchar(255) COLLATE utf8mb4_unicode_ci DEFAULT NULL,
  `policy_number` varchar(255) COLLATE utf8mb4_unicode_ci DEFAULT NULL,
  `principal_member_name` varchar(255) COLLATE utf8mb4_unicode_ci DEFAULT NULL,
  `principal_member_id` varchar(255) COLLATE utf8mb4_unicode_ci DEFAULT NULL,
  `relationship_to_principal` enum('self','spouse','child','parent','other') COLLATE utf8mb4_unicode_ci NOT NULL DEFAULT 'self',
  `valid_from` date DEFAULT NULL,
  `valid_to` date DEFAULT NULL,
  `is_primary` tinyint(1) NOT NULL DEFAULT '1',
  `is_active` tinyint(1) NOT NULL DEFAULT '1',
  `verified` tinyint(1) NOT NULL DEFAULT '0',
  `verified_by` bigint unsigned DEFAULT NULL,
  `verified_at` timestamp NULL DEFAULT NULL,
  `verification_notes` text COLLATE utf8mb4_unicode_ci,
  `coverage_details` json DEFAULT NULL,
  `created_at` timestamp NULL DEFAULT NULL,
  `updated_at` timestamp NULL DEFAULT NULL,
  `deleted_at` timestamp NULL DEFAULT NULL,
  PRIMARY KEY (`id`),
  KEY `client_insurances_verified_by_foreign` (`verified_by`),
  KEY `client_insurances_client_id_is_active_index` (`client_id`,`is_active`),
  KEY `client_insurances_insurance_provider_id_membership_number_index` (`insurance_provider_id`,`membership_number`),
  CONSTRAINT `client_insurances_client_id_foreign` FOREIGN KEY (`client_id`) REFERENCES `clients` (`id`) ON DELETE CASCADE,
  CONSTRAINT `client_insurances_insurance_provider_id_foreign` FOREIGN KEY (`insurance_provider_id`) REFERENCES `insurance_providers` (`id`) ON DELETE CASCADE,
  CONSTRAINT `client_insurances_verified_by_foreign` FOREIGN KEY (`verified_by`) REFERENCES `users` (`id`)
) ENGINE=InnoDB DEFAULT CHARSET=utf8mb4 COLLATE=utf8mb4_unicode_ci;


DROP TABLE IF EXISTS `client_medical_history`;
CREATE TABLE `client_medical_history` (
  `id` bigint unsigned NOT NULL AUTO_INCREMENT,
  `client_id` bigint unsigned NOT NULL,
  `previous_assessments` json DEFAULT NULL,
  `developmental_concerns` json DEFAULT NULL,
  `developmental_concerns_notes` text COLLATE utf8mb4_unicode_ci,
  `assistive_devices_history` json DEFAULT NULL,
  `assistive_devices_notes` text COLLATE utf8mb4_unicode_ci,
  `medical_conditions` text COLLATE utf8mb4_unicode_ci,
  `current_medications` text COLLATE utf8mb4_unicode_ci,
  `surgical_history` text COLLATE utf8mb4_unicode_ci,
  `immunization_status` text COLLATE utf8mb4_unicode_ci,
  `family_medical_history` text COLLATE utf8mb4_unicode_ci,
  `created_at` timestamp NULL DEFAULT NULL,
  `updated_at` timestamp NULL DEFAULT NULL,
  PRIMARY KEY (`id`),
  KEY `client_medical_history_client_id_index` (`client_id`),
  CONSTRAINT `client_medical_history_client_id_foreign` FOREIGN KEY (`client_id`) REFERENCES `clients` (`id`) ON DELETE CASCADE
) ENGINE=InnoDB DEFAULT CHARSET=utf8mb4 COLLATE=utf8mb4_unicode_ci;


DROP TABLE IF EXISTS `client_socio_demographics`;
CREATE TABLE `client_socio_demographics` (
  `id` bigint unsigned NOT NULL AUTO_INCREMENT,
  `client_id` bigint unsigned NOT NULL,
  `marital_status` enum('single','married','divorced','widowed','other') COLLATE utf8mb4_unicode_ci DEFAULT NULL,
  `living_arrangement` enum('with_family','institution','alone','other') COLLATE utf8mb4_unicode_ci DEFAULT NULL,
  `household_size` int DEFAULT NULL,
  `source_of_support` json DEFAULT NULL,
  `other_support_source` varchar(200) COLLATE utf8mb4_unicode_ci DEFAULT NULL,
  `primary_language` varchar(100) COLLATE utf8mb4_unicode_ci DEFAULT NULL,
  `other_languages` json DEFAULT NULL,
  `socio_notes` text COLLATE utf8mb4_unicode_ci,
  `created_at` timestamp NULL DEFAULT NULL,
  `updated_at` timestamp NULL DEFAULT NULL,
  PRIMARY KEY (`id`),
  KEY `client_socio_demographics_client_id_index` (`client_id`),
  KEY `client_socio_demographics_marital_status_index` (`marital_status`),
  KEY `client_socio_demographics_living_arrangement_index` (`living_arrangement`),
  KEY `client_socio_demographics_primary_language_index` (`primary_language`),
  CONSTRAINT `client_socio_demographics_client_id_foreign` FOREIGN KEY (`client_id`) REFERENCES `clients` (`id`) ON DELETE CASCADE
) ENGINE=InnoDB DEFAULT CHARSET=utf8mb4 COLLATE=utf8mb4_unicode_ci;


DROP TABLE IF EXISTS `clients`;
CREATE TABLE `clients` (
  `id` bigint unsigned NOT NULL AUTO_INCREMENT,
  `branch_id` bigint unsigned NOT NULL,
  `uci` varchar(50) COLLATE utf8mb4_unicode_ci NOT NULL COMMENT 'Unique Client Identifier (e.g., KS-2024-00001)',
  `first_name` varchar(100) COLLATE utf8mb4_unicode_ci NOT NULL COMMENT 'Client first name',
  `middle_name` varchar(100) COLLATE utf8mb4_unicode_ci DEFAULT NULL COMMENT 'Client middle name',
  `last_name` varchar(100) COLLATE utf8mb4_unicode_ci NOT NULL COMMENT 'Client last name',
  `date_of_birth` date NOT NULL COMMENT 'Date of birth',
  `estimated_age` varchar(20) CHARACTER SET utf8mb4 COLLATE utf8mb4_unicode_ci NOT NULL,
  `gender` enum('male','female','intersex','prefer_not_to_say') COLLATE utf8mb4_unicode_ci NOT NULL COMMENT 'Client gender',
  `phone_primary` varchar(20) COLLATE utf8mb4_unicode_ci DEFAULT NULL COMMENT 'Primary phone number',
  `phone_secondary` varchar(20) COLLATE utf8mb4_unicode_ci DEFAULT NULL COMMENT 'Secondary phone number',
  `email` varchar(100) COLLATE utf8mb4_unicode_ci DEFAULT NULL COMMENT 'Email address',
  `preferred_communication` enum('sms','phone','email') COLLATE utf8mb4_unicode_ci NOT NULL DEFAULT 'sms',
  `consent_to_sms` tinyint(1) NOT NULL DEFAULT '0',
  `national_id` varchar(20) COLLATE utf8mb4_unicode_ci DEFAULT NULL COMMENT 'National ID number',
  `birth_certificate_number` varchar(50) COLLATE utf8mb4_unicode_ci DEFAULT NULL COMMENT 'Birth certificate number',
  `passport_number` varchar(50) COLLATE utf8mb4_unicode_ci DEFAULT NULL COMMENT 'Passport number',
  `nhif_number` varchar(50) COLLATE utf8mb4_unicode_ci DEFAULT NULL COMMENT 'NHIF number',
  `sha_number` varchar(50) COLLATE utf8mb4_unicode_ci DEFAULT NULL COMMENT 'SHA (Social Health Authority) number',
  `ncpwd_number` varchar(50) COLLATE utf8mb4_unicode_ci DEFAULT NULL COMMENT 'NCPWD registration number',
  `guardian_name` varchar(200) COLLATE utf8mb4_unicode_ci DEFAULT NULL COMMENT 'Guardian/parent full name',
  `guardian_relationship` varchar(50) COLLATE utf8mb4_unicode_ci DEFAULT NULL COMMENT 'Relationship to client',
  `guardian_phone` varchar(20) COLLATE utf8mb4_unicode_ci DEFAULT NULL COMMENT 'Guardian phone number',
  `guardian_national_id` varchar(20) COLLATE utf8mb4_unicode_ci DEFAULT NULL COMMENT 'Guardian national ID',
  `county_id` bigint unsigned DEFAULT NULL,
  `sub_county_id` bigint unsigned DEFAULT NULL,
  `ward_id` bigint unsigned DEFAULT NULL,
  `village` varchar(100) COLLATE utf8mb4_unicode_ci DEFAULT NULL COMMENT 'Village/estate',
  `primary_address` text COLLATE utf8mb4_unicode_ci,
  `landmark` varchar(200) COLLATE utf8mb4_unicode_ci DEFAULT NULL,
  `blood_group` enum('A+','A-','B+','B-','AB+','AB-','O+','O-','unknown') COLLATE utf8mb4_unicode_ci NOT NULL DEFAULT 'unknown' COMMENT 'Blood group',
  `medical_notes` text COLLATE utf8mb4_unicode_ci COMMENT 'Important medical notes',
  `client_type` enum('new','returning','old_new') COLLATE utf8mb4_unicode_ci NOT NULL DEFAULT 'new' COMMENT 'Client registration type',
  `first_visit_date` date DEFAULT NULL COMMENT 'Date of first visit',
  `referral_source` varchar(100) COLLATE utf8mb4_unicode_ci DEFAULT NULL COMMENT 'How client found KISE',
  `is_active` tinyint(1) NOT NULL DEFAULT '1' COMMENT 'Client account active status',
  `deactivation_reason` text COLLATE utf8mb4_unicode_ci COMMENT 'Reason if deactivated',
  `photo_path` varchar(255) COLLATE utf8mb4_unicode_ci DEFAULT NULL COMMENT 'Profile photo storage path',
  `metadata` json DEFAULT NULL COMMENT 'Additional flexible data',
  `notes` text COLLATE utf8mb4_unicode_ci COMMENT 'Administrative notes',
  `registered_by` bigint unsigned DEFAULT NULL,
  `created_at` timestamp NULL DEFAULT NULL,
  `last_visit_date` date DEFAULT NULL,
  `updated_at` timestamp NULL DEFAULT NULL,
  `deleted_at` timestamp NULL DEFAULT NULL,
  `registration_date` timestamp NULL DEFAULT NULL,
  PRIMARY KEY (`id`),
  UNIQUE KEY `clients_uci_unique` (`uci`),
  UNIQUE KEY `clients_national_id_unique` (`national_id`),
  KEY `clients_registered_by_foreign` (`registered_by`),
  KEY `idx_clients_branch` (`branch_id`),
  KEY `idx_clients_uci` (`uci`),
  KEY `idx_clients_name` (`first_name`,`last_name`),
  KEY `idx_clients_dob` (`date_of_birth`),
  KEY `idx_clients_phone` (`phone_primary`),
  KEY `idx_clients_national_id` (`national_id`),
  KEY `idx_clients_type` (`client_type`),
  KEY `idx_clients_active` (`is_active`),
  KEY `idx_clients_created` (`created_at`),
  KEY `clients_preferred_communication_index` (`preferred_communication`),
  KEY `clients_consent_to_sms_index` (`consent_to_sms`),
  KEY `clients_county_id_index` (`county_id`),
  KEY `clients_sub_county_id_index` (`sub_county_id`),
  KEY `clients_ward_id_index` (`ward_id`),
  CONSTRAINT `clients_branch_id_foreign` FOREIGN KEY (`branch_id`) REFERENCES `branches` (`id`) ON DELETE CASCADE,
  CONSTRAINT `clients_county_id_foreign` FOREIGN KEY (`county_id`) REFERENCES `counties` (`id`) ON DELETE SET NULL,
  CONSTRAINT `clients_registered_by_foreign` FOREIGN KEY (`registered_by`) REFERENCES `users` (`id`) ON DELETE SET NULL,
  CONSTRAINT `clients_sub_county_id_foreign` FOREIGN KEY (`sub_county_id`) REFERENCES `sub_counties` (`id`) ON DELETE SET NULL,
  CONSTRAINT `clients_ward_id_foreign` FOREIGN KEY (`ward_id`) REFERENCES `wards` (`id`) ON DELETE SET NULL
) ENGINE=InnoDB DEFAULT CHARSET=utf8mb4 COLLATE=utf8mb4_unicode_ci;

INSERT INTO `clients` (`id`, `branch_id`, `uci`, `first_name`, `middle_name`, `last_name`, `date_of_birth`, `estimated_age`, `gender`, `phone_primary`, `phone_secondary`, `email`, `preferred_communication`, `consent_to_sms`, `national_id`, `birth_certificate_number`, `passport_number`, `nhif_number`, `sha_number`, `ncpwd_number`, `guardian_name`, `guardian_relationship`, `guardian_phone`, `guardian_national_id`, `county_id`, `sub_county_id`, `ward_id`, `village`, `primary_address`, `landmark`, `blood_group`, `medical_notes`, `client_type`, `first_visit_date`, `referral_source`, `is_active`, `deactivation_reason`, `photo_path`, `metadata`, `notes`, `registered_by`, `created_at`, `last_visit_date`, `updated_at`, `deleted_at`, `registration_date`) VALUES
(1,	1,	'KISE/A/000001/2025',	'Julina',	NULL,	'Malia',	'2018-11-10',	'7',	'male',	'0712736374',	NULL,	NULL,	'sms',	0,	NULL,	NULL,	NULL,	NULL,	NULL,	NULL,	'Julias Malima',	NULL,	NULL,	NULL,	NULL,	NULL,	NULL,	NULL,	NULL,	NULL,	'unknown',	NULL,	'new',	NULL,	NULL,	1,	NULL,	NULL,	NULL,	NULL,	NULL,	'2025-11-15 16:55:59',	NULL,	'2025-11-15 16:55:59',	NULL,	'2025-11-15 16:55:59'),
(2,	1,	'KISE/A/000002/2025',	'Maina',	NULL,	'Kuria',	'2017-11-16',	'8',	'male',	'07163747464',	'+254717373847',	'aa@kk.com',	'sms',	0,	NULL,	NULL,	NULL,	NULL,	NULL,	'NCPWD/QWERTY/123',	'Ouma Kamila',	NULL,	NULL,	NULL,	47,	7,	1,	NULL,	NULL,	NULL,	'unknown',	NULL,	'new',	NULL,	NULL,	1,	NULL,	NULL,	NULL,	NULL,	NULL,	'2025-11-19 04:30:18',	NULL,	'2025-11-19 14:23:52',	NULL,	'2025-11-19 04:30:18'),
(3,	1,	'KISE/A/000003/2025',	'James ',	NULL,	'Mauli',	'2022-11-11',	'3',	'male',	'0718273736',	NULL,	NULL,	'sms',	0,	NULL,	NULL,	NULL,	NULL,	NULL,	NULL,	'Jolima Makina',	NULL,	NULL,	NULL,	NULL,	NULL,	NULL,	NULL,	NULL,	NULL,	'unknown',	NULL,	'new',	NULL,	NULL,	1,	NULL,	NULL,	NULL,	NULL,	NULL,	'2025-11-20 16:22:39',	NULL,	'2025-11-20 16:22:39',	NULL,	'2025-11-20 16:22:39'),
(4,	1,	'KISE/A/000004/2025',	'Jane ',	NULL,	'July',	'2019-11-21',	'6',	'male',	NULL,	NULL,	NULL,	'sms',	0,	NULL,	NULL,	NULL,	NULL,	NULL,	NULL,	'Julina Malima',	NULL,	'07384948955',	NULL,	NULL,	NULL,	NULL,	NULL,	NULL,	NULL,	'unknown',	NULL,	'new',	NULL,	NULL,	1,	NULL,	NULL,	NULL,	NULL,	NULL,	'2025-11-21 05:42:38',	NULL,	'2025-11-21 05:42:38',	NULL,	'2025-11-21 05:42:38'),
(5,	1,	'KISE/A/000005/2025',	'Omollo',	NULL,	'Malima',	'2018-11-21',	'7',	'male',	NULL,	NULL,	NULL,	'sms',	0,	NULL,	NULL,	NULL,	NULL,	NULL,	NULL,	'willy mali',	NULL,	'09977665566',	NULL,	NULL,	NULL,	NULL,	NULL,	NULL,	NULL,	'unknown',	NULL,	'new',	NULL,	NULL,	1,	NULL,	NULL,	NULL,	NULL,	NULL,	'2025-11-21 11:03:41',	NULL,	'2025-11-21 11:03:41',	NULL,	'2025-11-21 11:03:41'),
(6,	1,	'KISE/A/000006/2025',	'Jane ',	'O',	'Doe',	'2013-11-14',	'12',	'male',	NULL,	NULL,	NULL,	'sms',	0,	NULL,	NULL,	NULL,	NULL,	NULL,	NULL,	'James Kabii',	NULL,	'07833748',	NULL,	NULL,	NULL,	NULL,	NULL,	NULL,	NULL,	'unknown',	NULL,	'new',	NULL,	NULL,	1,	NULL,	NULL,	NULL,	NULL,	NULL,	'2025-11-25 11:42:02',	NULL,	'2025-11-25 11:42:02',	NULL,	'2025-11-25 11:42:02'),
(7,	1,	'KISE/A/000007/2026',	'Jamila Maina',	NULL,	'Kalima',	'2014-01-24',	'12',	'male',	NULL,	NULL,	NULL,	'sms',	0,	NULL,	NULL,	NULL,	NULL,	NULL,	NULL,	'Willie Dalima',	NULL,	'07833748',	NULL,	NULL,	NULL,	NULL,	NULL,	NULL,	NULL,	'unknown',	NULL,	'new',	NULL,	NULL,	1,	NULL,	NULL,	NULL,	NULL,	NULL,	'2026-01-24 08:03:38',	NULL,	'2026-01-24 08:03:38',	NULL,	'2026-01-24 08:03:38'),
(8,	1,	'KISE/A/000008/2026',	'Jalopy',	NULL,	'Makima',	'1996-01-05',	'30',	'male',	'0338474747',	NULL,	NULL,	'sms',	0,	NULL,	NULL,	NULL,	NULL,	NULL,	NULL,	NULL,	NULL,	NULL,	NULL,	NULL,	NULL,	NULL,	NULL,	NULL,	NULL,	'unknown',	NULL,	'new',	NULL,	NULL,	1,	NULL,	NULL,	NULL,	NULL,	NULL,	'2026-01-26 16:27:16',	NULL,	'2026-01-26 16:27:16',	NULL,	'2026-01-26 16:27:16'),
(9,	1,	'KISE/A/000009/2026',	'July',	NULL,	'Kalima',	'2006-01-27',	'20',	'female',	'079647464737',	NULL,	NULL,	'sms',	0,	NULL,	NULL,	NULL,	NULL,	NULL,	NULL,	NULL,	NULL,	NULL,	NULL,	NULL,	NULL,	NULL,	NULL,	NULL,	NULL,	'unknown',	NULL,	'new',	NULL,	NULL,	1,	NULL,	NULL,	NULL,	NULL,	NULL,	'2026-01-27 09:06:58',	NULL,	'2026-01-27 09:06:58',	NULL,	'2026-01-27 09:06:58'),
(10,	1,	'KISE/A/000010/2026',	'Janice ',	NULL,	'Manduli',	'2006-06-09',	'19',	'male',	'98574646333',	NULL,	NULL,	'sms',	0,	NULL,	NULL,	NULL,	NULL,	NULL,	NULL,	NULL,	NULL,	NULL,	NULL,	NULL,	NULL,	NULL,	NULL,	NULL,	NULL,	'unknown',	NULL,	'new',	NULL,	NULL,	1,	NULL,	NULL,	NULL,	NULL,	NULL,	'2026-01-29 14:15:52',	NULL,	'2026-01-29 14:15:52',	NULL,	'2026-01-29 14:15:52'),
(11,	1,	'KISE/A/000011/2026',	'Janes',	NULL,	'Kaluli',	'1995-02-10',	'30',	'male',	'0718273736',	NULL,	NULL,	'sms',	0,	NULL,	NULL,	NULL,	NULL,	NULL,	NULL,	NULL,	NULL,	NULL,	NULL,	NULL,	NULL,	NULL,	NULL,	NULL,	NULL,	'unknown',	NULL,	'new',	NULL,	NULL,	1,	NULL,	NULL,	NULL,	NULL,	NULL,	'2026-02-04 12:41:22',	NULL,	'2026-02-04 12:41:22',	NULL,	'2026-02-04 12:41:22'),
(12,	1,	'KISE/A/000012/2026',	'Jane',	NULL,	'Auma',	'2014-02-05',	'12',	'male',	NULL,	NULL,	NULL,	'sms',	0,	NULL,	NULL,	NULL,	NULL,	NULL,	NULL,	'Jane Kanali',	NULL,	'0718278263',	NULL,	NULL,	NULL,	NULL,	NULL,	NULL,	NULL,	'unknown',	NULL,	'new',	NULL,	NULL,	1,	NULL,	NULL,	NULL,	NULL,	NULL,	'2026-02-05 16:12:17',	NULL,	'2026-02-05 16:12:17',	NULL,	'2026-02-05 16:12:17'),
(13,	1,	'KISE/A/000013/2026',	'James ',	NULL,	'Kalima',	'2015-02-12',	'11',	'male',	NULL,	NULL,	NULL,	'sms',	0,	NULL,	NULL,	NULL,	NULL,	NULL,	NULL,	'Jalima Makori',	NULL,	'0938484747474',	NULL,	NULL,	NULL,	NULL,	NULL,	NULL,	NULL,	'unknown',	NULL,	'new',	NULL,	NULL,	1,	NULL,	NULL,	NULL,	NULL,	NULL,	'2026-02-18 02:12:01',	NULL,	'2026-02-18 02:12:01',	NULL,	'2026-02-18 02:12:01'),
(14,	1,	'KISE/A/000014/2026',	'Mercy',	NULL,	'Doe',	'2019-02-18',	'7',	'female',	NULL,	NULL,	NULL,	'sms',	0,	NULL,	NULL,	NULL,	NULL,	NULL,	NULL,	'Manuili',	NULL,	'0718278263',	NULL,	NULL,	NULL,	NULL,	NULL,	NULL,	NULL,	'unknown',	NULL,	'new',	NULL,	NULL,	1,	NULL,	NULL,	NULL,	NULL,	NULL,	'2026-02-18 03:20:33',	NULL,	'2026-02-18 03:20:33',	NULL,	'2026-02-18 03:20:33'),
(15,	1,	'KISE/A/000015/2026',	'James',	NULL,	'Too',	'2010-02-19',	'16',	'male',	NULL,	NULL,	NULL,	'sms',	0,	NULL,	NULL,	NULL,	NULL,	NULL,	NULL,	'Julias Mal',	NULL,	'0718278263',	NULL,	NULL,	NULL,	NULL,	NULL,	NULL,	NULL,	'unknown',	NULL,	'new',	NULL,	NULL,	1,	NULL,	NULL,	NULL,	NULL,	NULL,	'2026-02-19 02:51:06',	NULL,	'2026-02-19 02:51:06',	NULL,	'2026-02-19 02:51:06');

DROP TABLE IF EXISTS `copy_assessment_form_schemas`;
CREATE TABLE `copy_assessment_form_schemas` (
  `id` bigint unsigned NOT NULL AUTO_INCREMENT,
  `name` varchar(255) COLLATE utf8mb4_unicode_ci NOT NULL,
  `slug` varchar(255) COLLATE utf8mb4_unicode_ci NOT NULL,
  `version` varchar(20) COLLATE utf8mb4_unicode_ci NOT NULL DEFAULT '1.0.0',
  `category` varchar(100) COLLATE utf8mb4_unicode_ci DEFAULT NULL,
  `description` text COLLATE utf8mb4_unicode_ci,
  `schema` json NOT NULL,
  `conditional_rules` json DEFAULT NULL,
  `validation_rules` json DEFAULT NULL,
  `auto_referrals` json DEFAULT NULL,
  `estimated_minutes` int DEFAULT NULL,
  `allow_draft` tinyint(1) NOT NULL DEFAULT '1',
  `allow_partial_submission` tinyint(1) NOT NULL DEFAULT '1',
  `is_active` tinyint(1) NOT NULL DEFAULT '1',
  `is_published` tinyint(1) NOT NULL DEFAULT '0',
  `created_by` bigint unsigned DEFAULT NULL,
  `updated_by` bigint unsigned DEFAULT NULL,
  `created_at` timestamp NULL DEFAULT NULL,
  `updated_at` timestamp NULL DEFAULT NULL,
  `deleted_at` timestamp NULL DEFAULT NULL,
  PRIMARY KEY (`id`),
  UNIQUE KEY `assessment_form_schemas_slug_unique` (`slug`),
  KEY `assessment_form_schemas_created_by_foreign` (`created_by`),
  KEY `assessment_form_schemas_updated_by_foreign` (`updated_by`),
  KEY `assessment_form_schemas_category_is_active_index` (`category`,`is_active`),
  KEY `assessment_form_schemas_slug_is_active_index` (`slug`,`is_active`),
  KEY `assessment_form_schemas_is_active_index` (`is_active`)
) ENGINE=InnoDB DEFAULT CHARSET=utf8mb4 COLLATE=utf8mb4_unicode_ci;

INSERT INTO `copy_assessment_form_schemas` (`id`, `name`, `slug`, `version`, `category`, `description`, `schema`, `conditional_rules`, `validation_rules`, `auto_referrals`, `estimated_minutes`, `allow_draft`, `allow_partial_submission`, `is_active`, `is_published`, `created_by`, `updated_by`, `created_at`, `updated_at`, `deleted_at`) VALUES
(1,	'Comprehensive Intake Assessment',	'intake-assessment',	'1.0.0',	'clinical_assessment',	'Complete KISE intake capturing all 327+ fields across 12 sections',	'{\"meta\": {\"title\": \"Comprehensive Intake Assessment\", \"version\": \"1.0.0\", \"description\": \"KISE complete intake form\", \"totalSections\": 12, \"estimatedMinutes\": 30}, \"sections\": [{\"id\": \"header\", \"icon\": \"heroicon-o-information-circle\", \"order\": 1, \"title\": \"Client & Visit Information\", \"fields\": [{\"id\": \"client_uci\", \"type\": \"placeholder\", \"label\": \"UCI\", \"content\": \"Auto-loaded from client record\"}, {\"id\": \"client_name\", \"type\": \"placeholder\", \"label\": \"Client Name\", \"content\": \"Auto-loaded from client record\"}, {\"id\": \"client_age\", \"type\": \"placeholder\", \"label\": \"Age\", \"content\": \"Auto-loaded from DOB\"}, {\"id\": \"client_gender\", \"type\": \"placeholder\", \"label\": \"Sex\", \"content\": \"Auto-loaded from client record\"}, {\"id\": \"visit_number\", \"type\": \"placeholder\", \"label\": \"Visit Number\", \"content\": \"Auto-loaded from visit\"}, {\"id\": \"triage_status\", \"type\": \"placeholder\", \"label\": \"Triage Status\", \"content\": \"Auto-loaded from triage\"}], \"columns\": 3, \"collapsible\": false, \"description\": \"Auto-loaded from Reception and Triage\"}, {\"id\": \"contact_info\", \"icon\": \"heroicon-o-phone\", \"order\": 2, \"title\": \"Contact Information\", \"fields\": [{\"id\": \"national_id\", \"type\": \"text\", \"label\": \"National ID / Passport Number\", \"maxLength\": 20, \"prefixIcon\": \"heroicon-o-identification\", \"placeholder\": \"e.g., 12345678\"}, {\"id\": \"birth_certificate\", \"type\": \"text\", \"label\": \"Birth Certificate Number\", \"maxLength\": 20, \"prefixIcon\": \"heroicon-o-document-text\", \"placeholder\": \"Optional\"}, {\"id\": \"phone_primary\", \"type\": \"text\", \"label\": \"Primary Phone\", \"inputType\": \"tel\", \"helperText\": \"Kenya format: +254... or 07...\", \"prefixIcon\": \"heroicon-o-phone\", \"validation\": {\"rules\": [\"regex:/^(\\\\+254|0)[17]\\\\d{8}$/\"]}, \"placeholder\": \"0712345678 or +254712345678\"}, {\"id\": \"phone_alternate\", \"type\": \"text\", \"label\": \"Alternate Phone\", \"inputType\": \"tel\", \"prefixIcon\": \"heroicon-o-phone\", \"placeholder\": \"Optional alternate number\"}, {\"id\": \"preferred_communication\", \"live\": true, \"type\": \"select\", \"label\": \"Preferred Communication Channel\", \"default\": \"sms\", \"options\": [{\"label\": \"SMS\", \"value\": \"sms\"}, {\"label\": \"Phone Call\", \"value\": \"phone\"}, {\"label\": \"Email\", \"value\": \"email\"}, {\"label\": \"WhatsApp\", \"value\": \"whatsapp\"}], \"prefixIcon\": \"heroicon-o-chat-bubble-left-right\", \"validation\": {\"required\": true}}, {\"id\": \"email\", \"type\": \"text\", \"label\": \"Email Address\", \"inputType\": \"email\", \"prefixIcon\": \"heroicon-o-envelope\", \"validation\": {\"rules\": [\"email\"]}, \"placeholder\": \"client@example.com\", \"conditionalDisplay\": {\"field\": \"preferred_communication\", \"value\": \"email\", \"operator\": \"equals\"}}, {\"id\": \"consent_to_sms\", \"type\": \"toggle\", \"label\": \"Consent to Receive SMS\", \"default\": true, \"columnSpan\": \"full\", \"helperText\": \"Client consents to receive appointment reminders and updates via SMS\"}, {\"id\": \"physical_address\", \"rows\": 2, \"type\": \"textarea\", \"label\": \"Physical Address\", \"columnSpan\": \"full\", \"placeholder\": \"Enter complete physical address\"}, {\"id\": \"county_id\", \"live\": true, \"type\": \"select\", \"label\": \"County\", \"dataSource\": {\"model\": \"County\", \"labelField\": \"name\", \"valueField\": \"id\"}, \"prefixIcon\": \"heroicon-o-map-pin\", \"searchable\": true, \"onChangeActions\": [{\"action\": \"reset\", \"target\": \"sub_county_id\"}, {\"action\": \"reset\", \"target\": \"ward_id\"}]}, {\"id\": \"sub_county_id\", \"live\": true, \"type\": \"select\", \"label\": \"Sub-County\", \"disabled\": \"if county_id == null\", \"dataSource\": {\"model\": \"SubCounty\", \"filterBy\": {\"field\": \"county_id\", \"sourceField\": \"county_id\"}, \"labelField\": \"name\", \"valueField\": \"id\"}, \"searchable\": true, \"onChangeActions\": [{\"action\": \"reset\", \"target\": \"ward_id\"}]}, {\"id\": \"ward_id\", \"type\": \"select\", \"label\": \"Ward\", \"disabled\": \"if sub_county_id == null\", \"dataSource\": {\"model\": \"Ward\", \"filterBy\": {\"field\": \"sub_county_id\", \"sourceField\": \"sub_county_id\"}, \"labelField\": \"name\", \"valueField\": \"id\"}, \"searchable\": true}, {\"id\": \"village_estate\", \"type\": \"text\", \"label\": \"Village / Estate\", \"placeholder\": \"e.g., Kimbo Village\"}, {\"id\": \"nearest_landmark\", \"type\": \"text\", \"label\": \"Nearest Landmark\", \"helperText\": \"For home visits and follow-ups\", \"prefixIcon\": \"heroicon-o-map\", \"placeholder\": \"e.g., Near Tuskys Supermarket\"}, {\"id\": \"directions\", \"rows\": 2, \"type\": \"textarea\", \"label\": \"Directions to Home\", \"columnSpan\": \"full\", \"helperText\": \"Important for outreach visits\", \"placeholder\": \"Detailed directions from nearest landmark\"}], \"columns\": 2, \"collapsible\": true, \"description\": \"Client contact details and communication preferences\"}, {\"id\": \"disability_registration\", \"icon\": \"heroicon-o-identification\", \"order\": 3, \"title\": \"Disability & Registration Information\", \"fields\": [{\"id\": \"has_ncpwd\", \"live\": true, \"type\": \"toggle\", \"label\": \"Has NCPWD Card?\", \"default\": false, \"columnSpan\": \"full\"}, {\"id\": \"ncpwd_number\", \"type\": \"text\", \"label\": \"NCPWD Registration Number\", \"helperText\": \"Format: NCPWD/YYYY/XXXXX\", \"prefixIcon\": \"heroicon-o-identification\", \"validation\": {\"rules\": [\"regex:/^NCPWD\\\\/\\\\d{4}\\\\/\\\\d{5}$/\"]}, \"placeholder\": \"NCPWD/YYYY/XXXXX\", \"conditionalDisplay\": {\"field\": \"has_ncpwd\", \"value\": true, \"operator\": \"equals\"}}, {\"id\": \"ncpwd_card_status\", \"type\": \"select\", \"label\": \"NCPWD Card Status\", \"options\": [{\"label\": \"Card Seen & Verified\", \"value\": \"card_seen\"}, {\"label\": \"Copy Uploaded\", \"value\": \"copy_uploaded\"}, {\"label\": \"Pending Verification\", \"value\": \"pending_verification\"}], \"conditionalDisplay\": {\"field\": \"has_ncpwd\", \"value\": true, \"operator\": \"equals\"}}, {\"id\": \"disability_categories\", \"live\": true, \"type\": \"checkbox_list\", \"label\": \"Disability Category (Select all that apply)\", \"columns\": 3, \"options\": [{\"label\": \"Physical Disability\", \"value\": \"physical\"}, {\"label\": \"Visual Impairment\", \"value\": \"visual\"}, {\"label\": \"Hearing Impairment\", \"value\": \"hearing\"}, {\"label\": \"Intellectual Disability\", \"value\": \"intellectual\"}, {\"label\": \"Speech & Language Disorder\", \"value\": \"speech\"}, {\"label\": \"Psychosocial Disability\", \"value\": \"psychosocial\"}, {\"label\": \"Multiple Disabilities\", \"value\": \"multiple\"}, {\"label\": \"Albinism\", \"value\": \"albinism\"}, {\"label\": \"Deafblindness\", \"value\": \"deafblind\"}, {\"label\": \"Other (specify below)\", \"value\": \"other\"}], \"columnSpan\": \"full\", \"helperText\": \"Select primary and any additional disabilities\", \"validation\": {\"required\": true}}, {\"id\": \"disability_other\", \"type\": \"text\", \"label\": \"Other Disability (Please Specify)\", \"columnSpan\": \"full\", \"placeholder\": \"Describe the disability\", \"conditionalDisplay\": {\"field\": \"disability_categories\", \"value\": \"other\", \"operator\": \"contains\"}}, {\"id\": \"primary_disability\", \"type\": \"select\", \"label\": \"Primary Disability\", \"options\": [{\"label\": \"Physical Disability\", \"value\": \"physical\"}, {\"label\": \"Visual Impairment\", \"value\": \"visual\"}, {\"label\": \"Hearing Impairment\", \"value\": \"hearing\"}, {\"label\": \"Intellectual Disability\", \"value\": \"intellectual\"}, {\"label\": \"Speech & Language Disorder\", \"value\": \"speech\"}, {\"label\": \"Psychosocial Disability\", \"value\": \"psychosocial\"}, {\"label\": \"Multiple Disabilities\", \"value\": \"multiple\"}, {\"label\": \"Albinism\", \"value\": \"albinism\"}, {\"label\": \"Deafblindness\", \"value\": \"deafblind\"}], \"helperText\": \"Main disability affecting client - determines service routing\", \"prefixIcon\": \"heroicon-o-star\", \"validation\": {\"required\": true}}, {\"id\": \"disability_severity\", \"type\": \"select\", \"label\": \"Disability Severity\", \"options\": [{\"label\": \"Mild\", \"value\": \"mild\"}, {\"label\": \"Moderate\", \"value\": \"moderate\"}, {\"label\": \"Severe\", \"value\": \"severe\"}, {\"label\": \"Profound\", \"value\": \"profound\"}], \"helperText\": \"Initial assessment - will be confirmed by service provider\"}, {\"id\": \"disability_onset\", \"type\": \"radio\", \"label\": \"Onset of Disability\", \"inline\": true, \"options\": [{\"label\": \"Congenital (from birth)\", \"value\": \"congenital\"}, {\"label\": \"Acquired (after birth)\", \"value\": \"acquired\"}, {\"label\": \"Unknown\", \"value\": \"unknown\"}], \"columnSpan\": \"full\"}, {\"id\": \"disability_age_onset\", \"type\": \"text\", \"label\": \"Age at Onset (if acquired)\", \"inputType\": \"number\", \"placeholder\": \"Enter age in years\", \"conditionalDisplay\": {\"field\": \"disability_onset\", \"value\": \"acquired\", \"operator\": \"equals\"}}, {\"id\": \"disability_cause\", \"rows\": 2, \"type\": \"textarea\", \"label\": \"Known Cause of Disability\", \"placeholder\": \"e.g., Birth complications, accident, illness\", \"conditionalDisplay\": {\"field\": \"disability_onset\", \"value\": \"acquired\", \"operator\": \"equals\"}}, {\"id\": \"disability_evidence\", \"type\": \"file\", \"label\": \"Evidence Documents\", \"multiple\": true, \"directory\": \"disability-evidence\", \"columnSpan\": \"full\", \"helperText\": \"Upload ID, Birth Certificate, NCPWD Card, or medical reports\", \"acceptedFileTypes\": [\"image/*\", \"application/pdf\"]}], \"columns\": 2, \"collapsible\": true, \"description\": \"Disability details and NCPWD registration\"}, {\"id\": \"socio_demographic\", \"icon\": \"heroicon-o-users\", \"order\": 4, \"title\": \"Socio-Demographic Information\", \"fields\": [{\"id\": \"marital_status\", \"type\": \"select\", \"label\": \"Marital Status\", \"options\": [{\"label\": \"Single\", \"value\": \"single\"}, {\"label\": \"Married\", \"value\": \"married\"}, {\"label\": \"Divorced\", \"value\": \"divorced\"}, {\"label\": \"Separated\", \"value\": \"separated\"}, {\"label\": \"Widowed\", \"value\": \"widowed\"}], \"conditionalDisplay\": {\"ageCondition\": {\"minAge\": 18}}}, {\"id\": \"living_arrangement\", \"type\": \"select\", \"label\": \"Living Arrangement\", \"options\": [{\"label\": \"With Parents\", \"value\": \"parents\"}, {\"label\": \"With Spouse\", \"value\": \"spouse\"}, {\"label\": \"Alone\", \"value\": \"alone\"}, {\"label\": \"With Relatives\", \"value\": \"relatives\"}, {\"label\": \"Institution\", \"value\": \"institution\"}, {\"label\": \"Other\", \"value\": \"other\"}], \"validation\": {\"required\": true}}, {\"id\": \"primary_caregiver\", \"type\": \"text\", \"label\": \"Primary Caregiver Name\", \"placeholder\": \"Name of main caregiver\", \"conditionalDisplay\": {\"ageCondition\": {\"maxAge\": 18}}}, {\"id\": \"caregiver_relationship\", \"type\": \"select\", \"label\": \"Caregiver Relationship\", \"options\": [{\"label\": \"Mother\", \"value\": \"mother\"}, {\"label\": \"Father\", \"value\": \"father\"}, {\"label\": \"Guardian\", \"value\": \"guardian\"}, {\"label\": \"Sibling\", \"value\": \"sibling\"}, {\"label\": \"Other Relative\", \"value\": \"other_relative\"}, {\"label\": \"Other\", \"value\": \"other\"}], \"conditionalDisplay\": {\"ageCondition\": {\"maxAge\": 18}}}, {\"id\": \"caregiver_phone\", \"type\": \"text\", \"label\": \"Caregiver Phone\", \"inputType\": \"tel\", \"prefixIcon\": \"heroicon-o-phone\", \"placeholder\": \"0712345678\", \"conditionalDisplay\": {\"ageCondition\": {\"maxAge\": 18}}}, {\"id\": \"household_size\", \"type\": \"text\", \"label\": \"Household Size\", \"inputType\": \"number\", \"helperText\": \"Including client\", \"placeholder\": \"Total number of people\"}, {\"id\": \"primary_language\", \"type\": \"select\", \"label\": \"Primary Language\", \"options\": [{\"label\": \"English\", \"value\": \"english\"}, {\"label\": \"Kiswahili\", \"value\": \"kiswahili\"}, {\"label\": \"Kikuyu\", \"value\": \"kikuyu\"}, {\"label\": \"Luo\", \"value\": \"luo\"}, {\"label\": \"Luhya\", \"value\": \"luhya\"}, {\"label\": \"Kamba\", \"value\": \"kamba\"}, {\"label\": \"Kalenjin\", \"value\": \"kalenjin\"}, {\"label\": \"Kenya Sign Language\", \"value\": \"ksl\"}, {\"label\": \"Other\", \"value\": \"other\"}], \"searchable\": true, \"validation\": {\"required\": true}}, {\"id\": \"communication_method\", \"type\": \"select\", \"label\": \"Primary Communication Method\", \"options\": [{\"label\": \"Verbal Speech\", \"value\": \"verbal\"}, {\"label\": \"Sign Language\", \"value\": \"sign_language\"}, {\"label\": \"Gestures\", \"value\": \"gestures\"}, {\"label\": \"Picture Cards\", \"value\": \"picture_cards\"}, {\"label\": \"AAC Device\", \"value\": \"aac_device\"}, {\"label\": \"Writing\", \"value\": \"writing\"}, {\"label\": \"Other\", \"value\": \"other\"}], \"helperText\": \"How client communicates best\"}, {\"id\": \"interpreter_needed\", \"type\": \"toggle\", \"label\": \"Interpreter Needed?\", \"default\": false, \"helperText\": \"Will client need interpreter for services?\"}, {\"id\": \"economic_status\", \"type\": \"select\", \"label\": \"Economic Status (Self-Reported)\", \"options\": [{\"label\": \"Above Average\", \"value\": \"above_average\"}, {\"label\": \"Average\", \"value\": \"average\"}, {\"label\": \"Below Average\", \"value\": \"below_average\"}, {\"label\": \"Low Income\", \"value\": \"low_income\"}], \"helperText\": \"Client/family perception\"}, {\"id\": \"main_income_source\", \"type\": \"select\", \"label\": \"Main Source of Income\", \"options\": [{\"label\": \"Employment\", \"value\": \"employment\"}, {\"label\": \"Business\", \"value\": \"business\"}, {\"label\": \"Farming\", \"value\": \"farming\"}, {\"label\": \"Family Support\", \"value\": \"support_family\"}, {\"label\": \"Government Support\", \"value\": \"support_government\"}, {\"label\": \"Pension\", \"value\": \"pension\"}, {\"label\": \"None\", \"value\": \"none\"}, {\"label\": \"Other\", \"value\": \"other\"}]}, {\"id\": \"health_insurance\", \"type\": \"checkbox_list\", \"label\": \"Health Insurance Coverage\", \"columns\": 2, \"options\": [{\"label\": \"SHA (Social Health Authority)\", \"value\": \"sha\"}, {\"label\": \"NCPWD\", \"value\": \"ncpwd\"}, {\"label\": \"Private Insurance\", \"value\": \"private\"}, {\"label\": \"Employer-Based\", \"value\": \"employer\"}, {\"label\": \"None\", \"value\": \"none\"}], \"columnSpan\": \"full\"}, {\"id\": \"religion\", \"type\": \"select\", \"label\": \"Religion\", \"options\": [{\"label\": \"Christian\", \"value\": \"christian\"}, {\"label\": \"Muslim\", \"value\": \"muslim\"}, {\"label\": \"Hindu\", \"value\": \"hindu\"}, {\"label\": \"Other\", \"value\": \"other\"}, {\"label\": \"None\", \"value\": \"none\"}]}, {\"id\": \"next_of_kin_name\", \"type\": \"text\", \"label\": \"Next of Kin Name\", \"placeholder\": \"Full name\"}, {\"id\": \"next_of_kin_relationship\", \"type\": \"text\", \"label\": \"Next of Kin Relationship\", \"placeholder\": \"e.g., Mother, Brother\"}, {\"id\": \"next_of_kin_phone\", \"type\": \"text\", \"label\": \"Next of Kin Phone\", \"inputType\": \"tel\", \"prefixIcon\": \"heroicon-o-phone\", \"placeholder\": \"0712345678\"}], \"columns\": 2, \"collapsible\": true, \"description\": \"Social and demographic details\"}, {\"id\": \"medical_history\", \"icon\": \"heroicon-o-heart\", \"order\": 5, \"title\": \"Medical & Developmental History\", \"fields\": [{\"id\": \"chronic_conditions\", \"live\": true, \"type\": \"checkbox_list\", \"label\": \"Chronic Conditions (Select all that apply)\", \"columns\": 3, \"options\": [{\"label\": \"Epilepsy / Seizures\", \"value\": \"epilepsy\"}, {\"label\": \"Cerebral Palsy\", \"value\": \"cerebral_palsy\"}, {\"label\": \"Autism Spectrum Disorder\", \"value\": \"autism\"}, {\"label\": \"Down Syndrome\", \"value\": \"down_syndrome\"}, {\"label\": \"ADHD\", \"value\": \"adhd\"}, {\"label\": \"Diabetes\", \"value\": \"diabetes\"}, {\"label\": \"Asthma\", \"value\": \"asthma\"}, {\"label\": \"Heart Condition\", \"value\": \"heart_condition\"}, {\"label\": \"Mental Health Condition\", \"value\": \"mental_health\"}, {\"label\": \"None\", \"value\": \"none\"}, {\"label\": \"Other\", \"value\": \"other\"}], \"columnSpan\": \"full\"}, {\"id\": \"chronic_conditions_other\", \"type\": \"text\", \"label\": \"Other Chronic Conditions\", \"columnSpan\": \"full\", \"placeholder\": \"Specify other conditions\", \"conditionalDisplay\": {\"field\": \"chronic_conditions\", \"value\": \"other\", \"operator\": \"contains\"}}, {\"id\": \"current_medications\", \"rows\": 3, \"type\": \"textarea\", \"label\": \"Current Medications\", \"columnSpan\": \"full\", \"helperText\": \"Include traditional/herbal remedies\", \"placeholder\": \"List all medications with dosage and frequency\"}, {\"id\": \"past_surgeries\", \"rows\": 2, \"type\": \"textarea\", \"label\": \"Past Surgeries / Hospitalizations\", \"columnSpan\": \"full\", \"placeholder\": \"Description and approximate dates\"}, {\"id\": \"developmental_concerns\", \"type\": \"checkbox_list\", \"label\": \"Developmental Concerns\", \"columns\": 3, \"options\": [{\"label\": \"Motor Delay (sitting, walking)\", \"value\": \"motor_delay\"}, {\"label\": \"Speech/Language Delay\", \"value\": \"speech_delay\"}, {\"label\": \"Cognitive Delay\", \"value\": \"cognitive_delay\"}, {\"label\": \"Social Interaction Delay\", \"value\": \"social_delay\"}, {\"label\": \"Behavioral Concerns\", \"value\": \"behavioral\"}, {\"label\": \"None\", \"value\": \"none\"}], \"columnSpan\": \"full\", \"helperText\": \"Quick screening - detailed assessment follows\"}, {\"id\": \"family_history_disability\", \"type\": \"toggle\", \"label\": \"Family History of Disability?\", \"columnSpan\": \"full\", \"helperText\": \"Any disability in siblings, parents, or close relatives\"}, {\"id\": \"family_history_details\", \"rows\": 2, \"type\": \"textarea\", \"label\": \"Family History Details\", \"columnSpan\": \"full\", \"placeholder\": \"Describe family history\", \"conditionalDisplay\": {\"field\": \"family_history_disability\", \"value\": true, \"operator\": \"equals\"}}, {\"id\": \"immunization_status\", \"type\": \"select\", \"label\": \"Immunization Status\", \"options\": [{\"label\": \"Up to Date\", \"value\": \"up_to_date\"}, {\"label\": \"Partially Immunized\", \"value\": \"partially\"}, {\"label\": \"Not Immunized\", \"value\": \"not_immunized\"}, {\"label\": \"Unknown\", \"value\": \"unknown\"}], \"helperText\": \"Based on EPI schedule\"}, {\"id\": \"recent_illness\", \"rows\": 2, \"type\": \"textarea\", \"label\": \"Recent Illness / Injuries\", \"columnSpan\": \"full\", \"placeholder\": \"Any recent health issues (last 3 months)\"}], \"columns\": 2, \"collapsible\": true, \"description\": \"Medical conditions, medications, and developmental milestones\"}, {\"id\": \"allergies\", \"icon\": \"heroicon-o-exclamation-triangle\", \"order\": 6, \"title\": \"Allergies & Sensitivities\", \"fields\": [{\"id\": \"allergy_categories\", \"live\": true, \"type\": \"checkbox_list\", \"label\": \"Allergy Categories (Select all that apply)\", \"columns\": 3, \"options\": [{\"label\": \"Drug / Medication\", \"value\": \"drug\"}, {\"label\": \"Food\", \"value\": \"food\"}, {\"label\": \"Environmental\", \"value\": \"environmental\"}, {\"label\": \"Insect Bites/Stings\", \"value\": \"insect\"}, {\"label\": \"Latex\", \"value\": \"latex\"}, {\"label\": \"Herbal/Traditional Medicine\", \"value\": \"herbal\"}, {\"label\": \"Chemical\", \"value\": \"chemical\"}, {\"label\": \"No Known Allergies\", \"value\": \"none_known\"}, {\"label\": \"Other\", \"value\": \"other\"}], \"columnSpan\": \"full\"}, {\"id\": \"drug_allergies\", \"type\": \"checkbox_list\", \"label\": \"Drug Allergies (Select all)\", \"columns\": 3, \"options\": [{\"label\": \"Penicillin\", \"value\": \"penicillin\"}, {\"label\": \"Amoxicillin\", \"value\": \"amoxicillin\"}, {\"label\": \"Cotrimoxazole (Septrin)\", \"value\": \"cotrimoxazole\"}, {\"label\": \"Artemether-Lumefantrine (AL/Coartem)\", \"value\": \"artemether\"}, {\"label\": \"Ibuprofen\", \"value\": \"ibuprofen\"}, {\"label\": \"Aspirin\", \"value\": \"aspirin\"}, {\"label\": \"Other\", \"value\": \"other\"}], \"columnSpan\": \"full\", \"conditionalDisplay\": {\"field\": \"allergy_categories\", \"value\": \"drug\", \"operator\": \"contains\"}}, {\"id\": \"drug_allergies_other\", \"type\": \"text\", \"label\": \"Other Drug Allergies\", \"placeholder\": \"Specify\", \"conditionalDisplay\": {\"field\": \"drug_allergies\", \"value\": \"other\", \"operator\": \"contains\"}}, {\"id\": \"food_allergies\", \"type\": \"checkbox_list\", \"label\": \"Food Allergies (Select all)\", \"columns\": 3, \"options\": [{\"label\": \"Milk / Dairy\", \"value\": \"milk\"}, {\"label\": \"Eggs\", \"value\": \"eggs\"}, {\"label\": \"Groundnuts (Peanuts)\", \"value\": \"groundnuts\"}, {\"label\": \"Maize\", \"value\": \"maize\"}, {\"label\": \"Wheat\", \"value\": \"wheat\"}, {\"label\": \"Fish\", \"value\": \"fish\"}, {\"label\": \"Other\", \"value\": \"other\"}], \"columnSpan\": \"full\", \"conditionalDisplay\": {\"field\": \"allergy_categories\", \"value\": \"food\", \"operator\": \"contains\"}}, {\"id\": \"food_allergies_other\", \"type\": \"text\", \"label\": \"Other Food Allergies\", \"placeholder\": \"Specify\", \"conditionalDisplay\": {\"field\": \"food_allergies\", \"value\": \"other\", \"operator\": \"contains\"}}, {\"id\": \"reaction_severity\", \"type\": \"select\", \"label\": \"Worst Reaction Severity\", \"options\": [{\"label\": \"Mild (rash, itching)\", \"value\": \"mild\"}, {\"label\": \"Moderate (swelling, difficulty breathing)\", \"value\": \"moderate\"}, {\"label\": \"Severe (hospitalization required)\", \"value\": \"severe\"}, {\"label\": \"Life-Threatening (anaphylaxis)\", \"value\": \"life_threatening\"}], \"conditionalDisplay\": {\"field\": \"allergy_categories\", \"value\": \"none_known\", \"operator\": \"not_contains\"}}, {\"id\": \"allergy_management\", \"rows\": 2, \"type\": \"textarea\", \"label\": \"Allergy Management\", \"columnSpan\": \"full\", \"helperText\": \"How allergies are currently managed\", \"placeholder\": \"EpiPen, antihistamines, avoidance measures, etc.\", \"conditionalDisplay\": {\"field\": \"allergy_categories\", \"value\": \"none_known\", \"operator\": \"not_contains\"}}, {\"id\": \"allergy_details\", \"rows\": 2, \"type\": \"textarea\", \"label\": \"Additional Allergy Information\", \"columnSpan\": \"full\", \"placeholder\": \"Any other details about allergies\", \"conditionalDisplay\": {\"field\": \"allergy_categories\", \"value\": \"none_known\", \"operator\": \"not_contains\"}}], \"columns\": 2, \"collapsible\": true, \"description\": \"All known allergies - Kenya-specific options\"}, {\"id\": \"assistive_technology\", \"icon\": \"heroicon-o-wrench-screwdriver\", \"order\": 7, \"title\": \"Assistive Technology Assessment\", \"fields\": [{\"id\": \"currently_uses_at\", \"live\": true, \"type\": \"toggle\", \"label\": \"Currently Uses Assistive Technology?\", \"columnSpan\": \"full\"}, {\"id\": \"at_devices_current\", \"live\": true, \"type\": \"checkbox_list\", \"label\": \"Current AT Devices (Select all)\", \"columns\": 3, \"options\": [{\"label\": \"Wheelchair\", \"value\": \"wheelchair\"}, {\"label\": \"Walker / Crutches\", \"value\": \"walker\"}, {\"label\": \"Hearing Aid\", \"value\": \"hearing_aid\"}, {\"label\": \"Glasses / Low Vision Aids\", \"value\": \"glasses\"}, {\"label\": \"White Cane\", \"value\": \"white_cane\"}, {\"label\": \"Braille Device\", \"value\": \"braille_device\"}, {\"label\": \"Communication Device (AAC)\", \"value\": \"communication_device\"}, {\"label\": \"Prosthetic Limb\", \"value\": \"prosthetic\"}, {\"label\": \"Orthotic Device\", \"value\": \"orthotic\"}, {\"label\": \"Other\", \"value\": \"other\"}], \"columnSpan\": \"full\", \"conditionalDisplay\": {\"field\": \"currently_uses_at\", \"value\": true, \"operator\": \"equals\"}}, {\"id\": \"at_devices_other\", \"type\": \"text\", \"label\": \"Other AT Devices\", \"columnSpan\": \"full\", \"placeholder\": \"Specify\", \"conditionalDisplay\": {\"field\": \"at_devices_current\", \"value\": \"other\", \"operator\": \"contains\"}}, {\"id\": \"at_device_condition\", \"type\": \"select\", \"label\": \"Overall Device Condition\", \"options\": [{\"label\": \"Good (functioning well)\", \"value\": \"good\"}, {\"label\": \"Fair (needs minor repairs)\", \"value\": \"fair\"}, {\"label\": \"Poor (needs major repairs/replacement)\", \"value\": \"poor\"}], \"conditionalDisplay\": {\"field\": \"currently_uses_at\", \"value\": true, \"operator\": \"equals\"}}, {\"id\": \"at_training_received\", \"type\": \"toggle\", \"label\": \"Training on AT Use Received?\", \"conditionalDisplay\": {\"field\": \"currently_uses_at\", \"value\": true, \"operator\": \"equals\"}}, {\"id\": \"at_needs_identified\", \"type\": \"checkbox_list\", \"label\": \"AT Needs Identified (Select all)\", \"columns\": 3, \"options\": [{\"label\": \"Mobility Devices\", \"value\": \"mobility\"}, {\"label\": \"Hearing Devices\", \"value\": \"hearing\"}, {\"label\": \"Vision Devices\", \"value\": \"vision\"}, {\"label\": \"Communication Devices\", \"value\": \"communication\"}, {\"label\": \"Daily Living Aids\", \"value\": \"daily_living\"}, {\"label\": \"Educational Tools\", \"value\": \"education\"}, {\"label\": \"No Additional Needs\", \"value\": \"none\"}], \"columnSpan\": \"full\"}, {\"id\": \"at_previous_use\", \"type\": \"repeater\", \"label\": \"Previous AT Use History\", \"fields\": [{\"id\": \"device_type\", \"type\": \"text\", \"label\": \"Device Type\", \"placeholder\": \"e.g., Wheelchair\"}, {\"id\": \"years_used\", \"type\": \"text\", \"label\": \"Years Used\", \"inputType\": \"number\"}, {\"id\": \"reason_stopped\", \"type\": \"text\", \"label\": \"Reason Stopped Using\", \"placeholder\": \"e.g., Broken, outgrown, lost\"}], \"columnSpan\": \"full\", \"helperText\": \"Add each device previously used\", \"collapsible\": true, \"defaultItems\": 0}], \"columns\": 2, \"collapsible\": true, \"description\": \"Current AT use and needs - 18 fields\"}, {\"id\": \"education_occupation\", \"icon\": \"heroicon-o-academic-cap\", \"order\": 8, \"title\": \"Education & Occupation\", \"fields\": [{\"id\": \"currently_in_school\", \"live\": true, \"type\": \"toggle\", \"label\": \"Currently in School?\"}, {\"id\": \"school_name\", \"type\": \"text\", \"label\": \"School Name\", \"placeholder\": \"Current school\", \"conditionalDisplay\": {\"field\": \"currently_in_school\", \"value\": true, \"operator\": \"equals\"}}, {\"id\": \"school_type\", \"type\": \"select\", \"label\": \"School Type\", \"options\": [{\"label\": \"Regular School\", \"value\": \"regular\"}, {\"label\": \"Special School\", \"value\": \"special\"}, {\"label\": \"Integrated Unit\", \"value\": \"integrated\"}, {\"label\": \"Home-Based Education\", \"value\": \"home_based\"}], \"conditionalDisplay\": {\"field\": \"currently_in_school\", \"value\": true, \"operator\": \"equals\"}}, {\"id\": \"current_grade\", \"type\": \"text\", \"label\": \"Current Grade / Class\", \"placeholder\": \"e.g., Grade 5\", \"conditionalDisplay\": {\"field\": \"currently_in_school\", \"value\": true, \"operator\": \"equals\"}}, {\"id\": \"highest_education\", \"type\": \"select\", \"label\": \"Highest Education Level\", \"options\": [{\"label\": \"None\", \"value\": \"none\"}, {\"label\": \"Primary (incomplete)\", \"value\": \"primary_incomplete\"}, {\"label\": \"Primary (complete)\", \"value\": \"primary_complete\"}, {\"label\": \"Secondary (incomplete)\", \"value\": \"secondary_incomplete\"}, {\"label\": \"Secondary (complete)\", \"value\": \"secondary_complete\"}, {\"label\": \"Tertiary / University\", \"value\": \"tertiary\"}, {\"label\": \"Vocational Training\", \"value\": \"vocational\"}]}, {\"id\": \"literacy_status\", \"type\": \"select\", \"label\": \"Literacy Status\", \"options\": [{\"label\": \"Fluent\", \"value\": \"fluent\"}, {\"label\": \"Basic\", \"value\": \"basic\"}, {\"label\": \"Minimal\", \"value\": \"minimal\"}, {\"label\": \"None\", \"value\": \"none\"}]}, {\"id\": \"employment_status\", \"type\": \"select\", \"label\": \"Employment Status\", \"options\": [{\"label\": \"Employed\", \"value\": \"employed\"}, {\"label\": \"Self-Employed\", \"value\": \"self_employed\"}, {\"label\": \"Unemployed\", \"value\": \"unemployed\"}, {\"label\": \"Student\", \"value\": \"student\"}, {\"label\": \"Retired\", \"value\": \"retired\"}, {\"label\": \"Unable to Work\", \"value\": \"unable\"}], \"conditionalDisplay\": {\"ageCondition\": {\"minAge\": 18}}}, {\"id\": \"occupation\", \"type\": \"text\", \"label\": \"Occupation / Job Title\", \"placeholder\": \"Current or previous occupation\", \"conditionalDisplay\": {\"ageCondition\": {\"minAge\": 18}}}, {\"id\": \"vocational_interests\", \"rows\": 2, \"type\": \"textarea\", \"label\": \"Vocational Interests / Skills\", \"columnSpan\": \"full\", \"placeholder\": \"Areas of interest for training or employment\", \"conditionalDisplay\": {\"ageCondition\": {\"minAge\": 15}}}], \"columns\": 2, \"collapsible\": true, \"description\": \"Educational history and employment status\"}, {\"id\": \"functional_screening\", \"icon\": \"heroicon-o-clipboard-document-check\", \"order\": 9, \"title\": \"Functional Screening\", \"fields\": [{\"id\": \"mobility_status\", \"type\": \"radio\", \"label\": \"Mobility\", \"inline\": false, \"options\": [{\"label\": \"Independent\", \"value\": \"independent\"}, {\"label\": \"Minimal Assistance\", \"value\": \"minimal_assistance\"}, {\"label\": \"Moderate Assistance\", \"value\": \"moderate_assistance\"}, {\"label\": \"Full Assistance\", \"value\": \"full_assistance\"}, {\"label\": \"Not Assessed\", \"value\": \"not_assessed\"}], \"columnSpan\": \"full\"}, {\"id\": \"self_care_status\", \"type\": \"radio\", \"label\": \"Self-Care (eating, dressing, hygiene)\", \"inline\": false, \"options\": [{\"label\": \"Independent\", \"value\": \"independent\"}, {\"label\": \"Minimal Assistance\", \"value\": \"minimal_assistance\"}, {\"label\": \"Moderate Assistance\", \"value\": \"moderate_assistance\"}, {\"label\": \"Full Assistance\", \"value\": \"full_assistance\"}, {\"label\": \"Not Assessed\", \"value\": \"not_assessed\"}], \"columnSpan\": \"full\"}, {\"id\": \"communication_status\", \"type\": \"radio\", \"label\": \"Communication\", \"inline\": false, \"options\": [{\"label\": \"Age-Appropriate\", \"value\": \"age_appropriate\"}, {\"label\": \"Delayed\", \"value\": \"delayed\"}, {\"label\": \"Severely Limited\", \"value\": \"severely_limited\"}, {\"label\": \"Non-Verbal\", \"value\": \"non_verbal\"}, {\"label\": \"Not Assessed\", \"value\": \"not_assessed\"}], \"columnSpan\": \"full\"}, {\"id\": \"social_interaction\", \"type\": \"radio\", \"label\": \"Social Interaction\", \"inline\": false, \"options\": [{\"label\": \"Age-Appropriate\", \"value\": \"age_appropriate\"}, {\"label\": \"Some Challenges\", \"value\": \"some_challenges\"}, {\"label\": \"Significant Challenges\", \"value\": \"significant_challenges\"}, {\"label\": \"Minimal Interaction\", \"value\": \"minimal_interaction\"}, {\"label\": \"Not Assessed\", \"value\": \"not_assessed\"}], \"columnSpan\": \"full\"}, {\"id\": \"functional_screening_notes\", \"rows\": 3, \"type\": \"textarea\", \"label\": \"Screening Notes\", \"columnSpan\": \"full\", \"helperText\": \"Detailed functional assessment will be conducted separately\", \"placeholder\": \"Any observations from quick screening\"}], \"columns\": 1, \"collapsible\": true, \"description\": \"Quick functional assessment - detailed assessment separate\"}, {\"id\": \"referral_info\", \"icon\": \"heroicon-o-arrow-right-circle\", \"order\": 10, \"title\": \"Referral Information\", \"fields\": [{\"id\": \"referral_source\", \"live\": true, \"type\": \"checkbox_list\", \"label\": \"Referral Source (Select all that apply)\", \"columns\": 3, \"options\": [{\"label\": \"Self / Walk-in\", \"value\": \"self\"}, {\"label\": \"School\", \"value\": \"school\"}, {\"label\": \"Hospital / Clinic\", \"value\": \"hospital\"}, {\"label\": \"Community Health Worker\", \"value\": \"community_worker\"}, {\"label\": \"Social Media / Online\", \"value\": \"social_media\"}, {\"label\": \"Court Order\", \"value\": \"court\"}, {\"label\": \"NGO / CBO\", \"value\": \"ngo\"}, {\"label\": \"Other\", \"value\": \"other\"}], \"columnSpan\": \"full\"}, {\"id\": \"referral_source_other\", \"type\": \"text\", \"label\": \"Other Referral Source\", \"columnSpan\": \"full\", \"placeholder\": \"Specify\", \"conditionalDisplay\": {\"field\": \"referral_source\", \"value\": \"other\", \"operator\": \"contains\"}}, {\"id\": \"referrer_name\", \"type\": \"text\", \"label\": \"Referrer Name\", \"placeholder\": \"Name of person/organization who referred\"}, {\"id\": \"referrer_contact\", \"type\": \"text\", \"label\": \"Referrer Contact\", \"inputType\": \"tel\", \"prefixIcon\": \"heroicon-o-phone\", \"placeholder\": \"Phone or email\"}, {\"id\": \"reason_for_visit\", \"rows\": 3, \"type\": \"textarea\", \"label\": \"Chief Complaint / Reason for Visit\", \"maxLength\": 250, \"columnSpan\": \"full\", \"helperText\": \"Keep brief and concise - max 250 characters\", \"validation\": {\"required\": true}, \"placeholder\": \"Brief description of main concern (max 250 characters)\"}, {\"id\": \"presenting_concerns_detailed\", \"rows\": 4, \"type\": \"textarea\", \"label\": \"Detailed Presenting Concerns\", \"columnSpan\": \"full\", \"helperText\": \"More detailed information about concerns\", \"placeholder\": \"Detailed description of concerns, symptoms, behaviors, timeline\"}, {\"id\": \"previous_services\", \"rows\": 3, \"type\": \"textarea\", \"label\": \"Previous Services / Interventions\", \"columnSpan\": \"full\", \"placeholder\": \"Any previous therapy, assessments, or interventions received elsewhere\"}, {\"id\": \"referral_documents\", \"type\": \"file\", \"label\": \"Referral Documents\", \"multiple\": true, \"directory\": \"referral-documents\", \"columnSpan\": \"full\", \"helperText\": \"Upload referral letters, previous reports, medical records\", \"acceptedFileTypes\": [\"image/*\", \"application/pdf\"]}], \"columns\": 2, \"collapsible\": true, \"description\": \"How client came to KISE and presenting concerns\"}, {\"id\": \"service_posting\", \"icon\": \"heroicon-o-building-office-2\", \"order\": 11, \"title\": \"Service Screening & Posting\", \"fields\": [{\"id\": \"services_needed\", \"type\": \"checkbox_list\", \"label\": \"Services Needed (Select all)\", \"columns\": 3, \"options\": [{\"label\": \"Educational Assessment\", \"value\": \"educational_assessment\"}, {\"label\": \"Psychological Assessment\", \"value\": \"psychological_assessment\"}, {\"label\": \"Audiology\", \"value\": \"audiology\"}, {\"label\": \"Physiotherapy\", \"value\": \"physiotherapy\"}, {\"label\": \"Occupational Therapy\", \"value\": \"occupational_therapy\"}, {\"label\": \"Speech & Language Therapy\", \"value\": \"speech_language\"}, {\"label\": \"Vision Services\", \"value\": \"vision\"}, {\"label\": \"Counselling\", \"value\": \"counselling\"}, {\"label\": \"Assistive Technology\", \"value\": \"assistive_technology\"}, {\"label\": \"Nutrition\", \"value\": \"nutrition\"}, {\"label\": \"Social Work\", \"value\": \"social_work\"}, {\"label\": \"Other\", \"value\": \"other\"}], \"columnSpan\": \"full\", \"helperText\": \"Based on presenting concerns and screening\", \"validation\": {\"required\": true}}, {\"id\": \"primary_service_posting\", \"type\": \"select\", \"label\": \"Primary Service Posting\", \"dataSource\": {\"model\": \"Service\", \"labelField\": \"name\", \"valueField\": \"name\"}, \"helperText\": \"Main service point where client will start\", \"prefixIcon\": \"heroicon-o-star\", \"searchable\": true, \"validation\": {\"required\": true}}, {\"id\": \"service_priority\", \"type\": \"select\", \"label\": \"Service Priority\", \"default\": \"routine\", \"options\": [{\"label\": \"Routine\", \"value\": \"routine\"}, {\"label\": \"High Priority\", \"value\": \"high\"}, {\"label\": \"Urgent\", \"value\": \"urgent\"}], \"helperText\": \"Based on triage and assessment\"}, {\"id\": \"handover_note_intake\", \"rows\": 2, \"type\": \"textarea\", \"label\": \"Handover Note to Service Point\", \"maxLength\": 200, \"columnSpan\": \"full\", \"helperText\": \"Keep brief - max 200 characters\", \"placeholder\": \"Brief note for service provider (1-2 lines max)\"}, {\"id\": \"booking_requested\", \"type\": \"toggle\", \"label\": \"Create Booking Request?\", \"default\": false, \"columnSpan\": \"full\", \"helperText\": \"Request Customer Care to schedule appointment\"}, {\"id\": \"preferred_appointment_date\", \"type\": \"date\", \"label\": \"Preferred Appointment Date\", \"minDate\": \"today\", \"conditionalDisplay\": {\"field\": \"booking_requested\", \"value\": true, \"operator\": \"equals\"}}, {\"id\": \"preferred_time\", \"type\": \"select\", \"label\": \"Preferred Time\", \"options\": [{\"label\": \"Morning (8AM - 12PM)\", \"value\": \"morning\"}, {\"label\": \"Afternoon (12PM - 5PM)\", \"value\": \"afternoon\"}, {\"label\": \"Any Time\", \"value\": \"any\"}], \"conditionalDisplay\": {\"field\": \"booking_requested\", \"value\": true, \"operator\": \"equals\"}}], \"columns\": 2, \"collapsible\": true, \"description\": \"Services needed and routing to departments\"}, {\"id\": \"payment_preview\", \"icon\": \"heroicon-o-credit-card\", \"order\": 12, \"title\": \"Payment & Insurance\", \"fields\": [{\"id\": \"payment_method\", \"live\": true, \"type\": \"select\", \"label\": \"Payment Method\", \"options\": [{\"label\": \"Cash\", \"value\": \"cash\"}, {\"label\": \"M-PESA\", \"value\": \"mpesa\"}, {\"label\": \"SHA\", \"value\": \"sha\"}, {\"label\": \"NCPWD\", \"value\": \"ncpwd\"}, {\"label\": \"Waiver / Pro Bono\", \"value\": \"waiver\"}], \"prefixIcon\": \"heroicon-o-banknotes\", \"validation\": {\"required\": true}}, {\"id\": \"insurance_member_number\", \"type\": \"text\", \"label\": \"Insurance Member Number\", \"placeholder\": \"Enter member number\", \"conditionalDisplay\": {\"field\": \"payment_method\", \"value\": [\"sha\", \"ncpwd\"], \"operator\": \"in\"}}, {\"id\": \"estimated_cost_preview\", \"type\": \"placeholder\", \"label\": \"Estimated Cost\", \"content\": \"Will be calculated based on services selected\", \"columnSpan\": \"full\"}, {\"id\": \"payment_notes\", \"rows\": 2, \"type\": \"textarea\", \"label\": \"Payment Notes\", \"columnSpan\": \"full\", \"placeholder\": \"Special payment arrangements, waivers, etc.\"}], \"columns\": 2, \"collapsible\": true, \"description\": \"Payment method and estimated costs\"}]}',	NULL,	NULL,	NULL,	30,	1,	1,	1,	1,	1,	1,	'2025-11-25 06:47:09',	'2025-11-25 06:47:09',	NULL),
(2,	'Client Satisfaction Survey',	'satisfaction-survey',	'1.0.0',	'survey',	'Quick satisfaction survey for service feedback',	'{\"meta\": {\"title\": \"Client Satisfaction Survey\", \"version\": \"1.0.0\", \"description\": \"Quick feedback survey\", \"estimatedMinutes\": 5}, \"sections\": [{\"id\": \"satisfaction\", \"icon\": \"heroicon-o-star\", \"order\": 1, \"title\": \"Service Experience\", \"fields\": [{\"id\": \"overall_rating\", \"type\": \"radio\", \"label\": \"How would you rate your overall experience?\", \"inline\": false, \"options\": [{\"label\": \"⭐⭐⭐⭐⭐ Excellent\", \"value\": \"5\"}, {\"label\": \"⭐⭐⭐⭐ Good\", \"value\": \"4\"}, {\"label\": \"⭐⭐⭐ Average\", \"value\": \"3\"}, {\"label\": \"⭐⭐ Poor\", \"value\": \"2\"}, {\"label\": \"⭐ Very Poor\", \"value\": \"1\"}], \"validation\": {\"required\": true}}, {\"id\": \"staff_professionalism\", \"type\": \"radio\", \"label\": \"How would you rate staff professionalism?\", \"inline\": false, \"options\": [{\"label\": \"Excellent\", \"value\": \"5\"}, {\"label\": \"Good\", \"value\": \"4\"}, {\"label\": \"Average\", \"value\": \"3\"}, {\"label\": \"Poor\", \"value\": \"2\"}, {\"label\": \"Very Poor\", \"value\": \"1\"}], \"validation\": {\"required\": true}}, {\"id\": \"wait_time_satisfaction\", \"type\": \"radio\", \"label\": \"How satisfied were you with wait times?\", \"inline\": false, \"options\": [{\"label\": \"Very Satisfied\", \"value\": \"5\"}, {\"label\": \"Satisfied\", \"value\": \"4\"}, {\"label\": \"Neutral\", \"value\": \"3\"}, {\"label\": \"Dissatisfied\", \"value\": \"2\"}, {\"label\": \"Very Dissatisfied\", \"value\": \"1\"}], \"validation\": {\"required\": true}}, {\"id\": \"facility_cleanliness\", \"type\": \"radio\", \"label\": \"How would you rate facility cleanliness?\", \"inline\": false, \"options\": [{\"label\": \"Excellent\", \"value\": \"5\"}, {\"label\": \"Good\", \"value\": \"4\"}, {\"label\": \"Average\", \"value\": \"3\"}, {\"label\": \"Poor\", \"value\": \"2\"}, {\"label\": \"Very Poor\", \"value\": \"1\"}], \"validation\": {\"required\": true}}, {\"id\": \"would_recommend\", \"type\": \"toggle\", \"label\": \"Would you recommend our services to others?\", \"default\": true, \"validation\": {\"required\": true}}, {\"id\": \"most_satisfied_aspect\", \"rows\": 3, \"type\": \"textarea\", \"label\": \"What did you like most about our service?\", \"placeholder\": \"Share what you appreciated most\"}, {\"id\": \"improvement_suggestions\", \"rows\": 3, \"type\": \"textarea\", \"label\": \"How can we improve our services?\", \"placeholder\": \"Your suggestions help us serve you better\"}, {\"id\": \"additional_comments\", \"rows\": 4, \"type\": \"textarea\", \"label\": \"Additional Comments\", \"placeholder\": \"Any other feedback you would like to share\"}], \"columns\": 1, \"collapsible\": false, \"description\": \"Tell us about your experience\"}]}',	NULL,	NULL,	NULL,	5,	1,	0,	1,	1,	1,	1,	'2025-11-25 06:45:15',	'2025-11-25 06:45:15',	NULL);

DROP TABLE IF EXISTS `counties`;
CREATE TABLE `counties` (
  `id` bigint unsigned NOT NULL AUTO_INCREMENT,
  `code` varchar(10) COLLATE utf8mb4_unicode_ci NOT NULL,
  `name` varchar(100) COLLATE utf8mb4_unicode_ci NOT NULL,
  `is_active` tinyint(1) NOT NULL DEFAULT '1',
  `sort_order` int NOT NULL DEFAULT '0',
  `created_at` timestamp NULL DEFAULT NULL,
  `updated_at` timestamp NULL DEFAULT NULL,
  PRIMARY KEY (`id`),
  UNIQUE KEY `counties_code_unique` (`code`),
  KEY `counties_code_index` (`code`),
  KEY `counties_is_active_index` (`is_active`)
) ENGINE=InnoDB DEFAULT CHARSET=utf8mb4 COLLATE=utf8mb4_unicode_ci;

INSERT INTO `counties` (`id`, `code`, `name`, `is_active`, `sort_order`, `created_at`, `updated_at`) VALUES
(1,	'001',	'Mombasa',	1,	1,	'2025-11-13 03:22:04',	'2025-11-13 03:22:04'),
(2,	'002',	'Kwale',	1,	2,	'2025-11-13 03:22:04',	'2025-11-13 03:22:04'),
(3,	'003',	'Kilifi',	1,	3,	'2025-11-13 03:22:04',	'2025-11-13 03:22:04'),
(4,	'004',	'Tana River',	1,	4,	'2025-11-13 03:22:04',	'2025-11-13 03:22:04'),
(5,	'005',	'Lamu',	1,	5,	'2025-11-13 03:22:04',	'2025-11-13 03:22:04'),
(6,	'006',	'Taita Taveta',	1,	6,	'2025-11-13 03:22:04',	'2025-11-13 03:22:04'),
(7,	'007',	'Garissa',	1,	7,	'2025-11-13 03:22:04',	'2025-11-13 03:22:04'),
(8,	'008',	'Wajir',	1,	8,	'2025-11-13 03:22:04',	'2025-11-13 03:22:04'),
(9,	'009',	'Mandera',	1,	9,	'2025-11-13 03:22:04',	'2025-11-13 03:22:04'),
(10,	'010',	'Marsabit',	1,	10,	'2025-11-13 03:22:04',	'2025-11-13 03:22:04'),
(11,	'011',	'Isiolo',	1,	11,	'2025-11-13 03:22:04',	'2025-11-13 03:22:04'),
(12,	'012',	'Meru',	1,	12,	'2025-11-13 03:22:04',	'2025-11-13 03:22:04'),
(13,	'013',	'Tharaka Nithi',	1,	13,	'2025-11-13 03:22:04',	'2025-11-13 03:22:04'),
(14,	'014',	'Embu',	1,	14,	'2025-11-13 03:22:04',	'2025-11-13 03:22:04'),
(15,	'015',	'Kitui',	1,	15,	'2025-11-13 03:22:04',	'2025-11-13 03:22:04'),
(16,	'016',	'Machakos',	1,	16,	'2025-11-13 03:22:04',	'2025-11-13 03:22:04'),
(17,	'017',	'Makueni',	1,	17,	'2025-11-13 03:22:04',	'2025-11-13 03:22:04'),
(18,	'018',	'Nyandarua',	1,	18,	'2025-11-13 03:22:04',	'2025-11-13 03:22:04'),
(19,	'019',	'Nyeri',	1,	19,	'2025-11-13 03:22:04',	'2025-11-13 03:22:04'),
(20,	'020',	'Kirinyaga',	1,	20,	'2025-11-13 03:22:04',	'2025-11-13 03:22:04'),
(21,	'021',	'Murang\'a',	1,	21,	'2025-11-13 03:22:04',	'2025-11-13 03:22:04'),
(22,	'022',	'Kiambu',	1,	22,	'2025-11-13 03:22:04',	'2025-11-13 03:22:04'),
(23,	'023',	'Turkana',	1,	23,	'2025-11-13 03:22:04',	'2025-11-13 03:22:04'),
(24,	'024',	'West Pokot',	1,	24,	'2025-11-13 03:22:04',	'2025-11-13 03:22:04'),
(25,	'025',	'Samburu',	1,	25,	'2025-11-13 03:22:04',	'2025-11-13 03:22:04'),
(26,	'026',	'Trans Nzoia',	1,	26,	'2025-11-13 03:22:04',	'2025-11-13 03:22:04'),
(27,	'027',	'Uasin Gishu',	1,	27,	'2025-11-13 03:22:04',	'2025-11-13 03:22:04'),
(28,	'028',	'Elgeyo Marakwet',	1,	28,	'2025-11-13 03:22:04',	'2025-11-13 03:22:04'),
(29,	'029',	'Nandi',	1,	29,	'2025-11-13 03:22:04',	'2025-11-13 03:22:04'),
(30,	'030',	'Baringo',	1,	30,	'2025-11-13 03:22:04',	'2025-11-13 03:22:04'),
(31,	'031',	'Laikipia',	1,	31,	'2025-11-13 03:22:04',	'2025-11-13 03:22:04'),
(32,	'032',	'Nakuru',	1,	32,	'2025-11-13 03:22:04',	'2025-11-13 03:22:04'),
(33,	'033',	'Narok',	1,	33,	'2025-11-13 03:22:04',	'2025-11-13 03:22:04'),
(34,	'034',	'Kajiado',	1,	34,	'2025-11-13 03:22:04',	'2025-11-13 03:22:04'),
(35,	'035',	'Kericho',	1,	35,	'2025-11-13 03:22:04',	'2025-11-13 03:22:04'),
(36,	'036',	'Bomet',	1,	36,	'2025-11-13 03:22:04',	'2025-11-13 03:22:04'),
(37,	'037',	'Kakamega',	1,	37,	'2025-11-13 03:22:04',	'2025-11-13 03:22:04'),
(38,	'038',	'Vihiga',	1,	38,	'2025-11-13 03:22:04',	'2025-11-13 03:22:04'),
(39,	'039',	'Bungoma',	1,	39,	'2025-11-13 03:22:04',	'2025-11-13 03:22:04'),
(40,	'040',	'Busia',	1,	40,	'2025-11-13 03:22:04',	'2025-11-13 03:22:04'),
(41,	'041',	'Siaya',	1,	41,	'2025-11-13 03:22:04',	'2025-11-13 03:22:04'),
(42,	'042',	'Kisumu',	1,	42,	'2025-11-13 03:22:04',	'2025-11-13 03:22:04'),
(43,	'043',	'Homa Bay',	1,	43,	'2025-11-13 03:22:04',	'2025-11-13 03:22:04'),
(44,	'044',	'Migori',	1,	44,	'2025-11-13 03:22:04',	'2025-11-13 03:22:04'),
(45,	'045',	'Kisii',	1,	45,	'2025-11-13 03:22:04',	'2025-11-13 03:22:04'),
(46,	'046',	'Nyamira',	1,	46,	'2025-11-13 03:22:04',	'2025-11-13 03:22:04'),
(47,	'047',	'Nairobi',	1,	47,	'2025-11-13 03:22:04',	'2025-11-13 03:22:04');

DROP TABLE IF EXISTS `credit_transactions`;
CREATE TABLE `credit_transactions` (
  `id` bigint unsigned NOT NULL AUTO_INCREMENT,
  `credit_account_id` bigint unsigned NOT NULL,
  `invoice_id` bigint unsigned DEFAULT NULL,
  `payment_id` bigint unsigned DEFAULT NULL,
  `transaction_number` varchar(255) COLLATE utf8mb4_unicode_ci NOT NULL,
  `type` enum('charge','payment','adjustment','refund') COLLATE utf8mb4_unicode_ci NOT NULL,
  `amount` decimal(10,2) NOT NULL,
  `balance_before` decimal(10,2) NOT NULL,
  `balance_after` decimal(10,2) NOT NULL,
  `description` text COLLATE utf8mb4_unicode_ci NOT NULL,
  `notes` text COLLATE utf8mb4_unicode_ci,
  `processed_by` bigint unsigned NOT NULL,
  `transaction_date` timestamp NOT NULL,
  `created_at` timestamp NULL DEFAULT NULL,
  `updated_at` timestamp NULL DEFAULT NULL,
  `deleted_at` timestamp NULL DEFAULT NULL,
  PRIMARY KEY (`id`),
  UNIQUE KEY `credit_transactions_transaction_number_unique` (`transaction_number`),
  KEY `credit_transactions_invoice_id_foreign` (`invoice_id`),
  KEY `credit_transactions_payment_id_foreign` (`payment_id`),
  KEY `credit_transactions_processed_by_foreign` (`processed_by`),
  KEY `credit_transactions_credit_account_id_transaction_date_index` (`credit_account_id`,`transaction_date`),
  KEY `idx_ct_account_type_date` (`credit_account_id`,`type`,`transaction_date`),
  CONSTRAINT `credit_transactions_credit_account_id_foreign` FOREIGN KEY (`credit_account_id`) REFERENCES `client_credit_accounts` (`id`) ON DELETE CASCADE,
  CONSTRAINT `credit_transactions_invoice_id_foreign` FOREIGN KEY (`invoice_id`) REFERENCES `invoices` (`id`) ON DELETE SET NULL,
  CONSTRAINT `credit_transactions_payment_id_foreign` FOREIGN KEY (`payment_id`) REFERENCES `payments` (`id`) ON DELETE SET NULL,
  CONSTRAINT `credit_transactions_processed_by_foreign` FOREIGN KEY (`processed_by`) REFERENCES `users` (`id`)
) ENGINE=InnoDB DEFAULT CHARSET=utf8mb4 COLLATE=utf8mb4_unicode_ci;

INSERT INTO `credit_transactions` (`id`, `credit_account_id`, `invoice_id`, `payment_id`, `transaction_number`, `type`, `amount`, `balance_before`, `balance_after`, `description`, `notes`, `processed_by`, `transaction_date`, `created_at`, `updated_at`, `deleted_at`) VALUES
(1,	1,	NULL,	NULL,	'CRT-20260127-00001',	'charge',	5000.00,	0.00,	5000.00,	'Initial credit charge for testing',	NULL,	1,	'2026-01-27 20:35:58',	'2026-01-27 20:35:58',	'2026-01-27 20:35:58',	NULL);

DELIMITER ;;

CREATE TRIGGER `trg_credit_transaction_before_insert` BEFORE INSERT ON `credit_transactions` FOR EACH ROW
BEGIN
    -- Auto-generate transaction number if not provided
    IF NEW.transaction_number IS NULL OR NEW.transaction_number = '' THEN
        SET NEW.transaction_number = CONCAT('CRT-', DATE_FORMAT(NOW(), '%Y%m%d'), '-', LPAD((
            SELECT COALESCE(MAX(CAST(SUBSTRING(transaction_number, -5) AS UNSIGNED)), 0) + 1 
            FROM credit_transactions 
            WHERE transaction_number LIKE CONCAT('CRT-', DATE_FORMAT(NOW(), '%Y%m%d'), '-%')
        ), 5, '0'));
    END IF;
END;;

DELIMITER ;

DROP TABLE IF EXISTS `crisis_incidents`;
CREATE TABLE `crisis_incidents` (
  `id` bigint unsigned NOT NULL AUTO_INCREMENT,
  `incident_number` varchar(50) COLLATE utf8mb4_unicode_ci NOT NULL,
  `visit_id` bigint unsigned DEFAULT NULL,
  `client_id` bigint unsigned NOT NULL,
  `branch_id` bigint unsigned NOT NULL,
  `incident_type` enum('behavioral','medical','safety','environmental','other') COLLATE utf8mb4_unicode_ci NOT NULL,
  `severity` enum('low','medium','high','critical') COLLATE utf8mb4_unicode_ci NOT NULL DEFAULT 'medium',
  `occurred_at` timestamp NOT NULL,
  `location` varchar(200) COLLATE utf8mb4_unicode_ci NOT NULL,
  `description` text COLLATE utf8mb4_unicode_ci NOT NULL,
  `trigger_factors` text COLLATE utf8mb4_unicode_ci,
  `immediate_actions_taken` text COLLATE utf8mb4_unicode_ci NOT NULL,
  `interventions_applied` text COLLATE utf8mb4_unicode_ci,
  `client_response` text COLLATE utf8mb4_unicode_ci,
  `injury_occurred` tinyint(1) NOT NULL DEFAULT '0',
  `injury_details` text COLLATE utf8mb4_unicode_ci,
  `emergency_services_called` tinyint(1) NOT NULL DEFAULT '0',
  `emergency_services_details` text COLLATE utf8mb4_unicode_ci,
  `family_notified` tinyint(1) NOT NULL DEFAULT '0',
  `family_notified_at` timestamp NULL DEFAULT NULL,
  `follow_up_required` text COLLATE utf8mb4_unicode_ci,
  `status` enum('active','under_review','resolved','escalated') COLLATE utf8mb4_unicode_ci NOT NULL DEFAULT 'active',
  `reported_by` bigint unsigned NOT NULL,
  `reported_at` timestamp NOT NULL DEFAULT CURRENT_TIMESTAMP,
  `witnesses` json DEFAULT NULL,
  `resolved_by` bigint unsigned DEFAULT NULL,
  `resolved_at` timestamp NULL DEFAULT NULL,
  `resolution_notes` text COLLATE utf8mb4_unicode_ci,
  `created_at` timestamp NULL DEFAULT NULL,
  `updated_at` timestamp NULL DEFAULT NULL,
  `deleted_at` timestamp NULL DEFAULT NULL,
  PRIMARY KEY (`id`),
  UNIQUE KEY `crisis_incidents_incident_number_unique` (`incident_number`),
  KEY `crisis_incidents_visit_id_foreign` (`visit_id`),
  KEY `crisis_incidents_reported_by_foreign` (`reported_by`),
  KEY `crisis_incidents_resolved_by_foreign` (`resolved_by`),
  KEY `crisis_incidents_incident_number_index` (`incident_number`),
  KEY `crisis_incidents_client_id_index` (`client_id`),
  KEY `crisis_incidents_branch_id_index` (`branch_id`),
  KEY `crisis_incidents_incident_type_index` (`incident_type`),
  KEY `crisis_incidents_severity_index` (`severity`),
  KEY `crisis_incidents_status_index` (`status`),
  KEY `crisis_incidents_occurred_at_index` (`occurred_at`),
  CONSTRAINT `crisis_incidents_branch_id_foreign` FOREIGN KEY (`branch_id`) REFERENCES `branches` (`id`) ON DELETE CASCADE,
  CONSTRAINT `crisis_incidents_client_id_foreign` FOREIGN KEY (`client_id`) REFERENCES `clients` (`id`) ON DELETE CASCADE,
  CONSTRAINT `crisis_incidents_reported_by_foreign` FOREIGN KEY (`reported_by`) REFERENCES `users` (`id`) ON DELETE CASCADE,
  CONSTRAINT `crisis_incidents_resolved_by_foreign` FOREIGN KEY (`resolved_by`) REFERENCES `users` (`id`) ON DELETE SET NULL,
  CONSTRAINT `crisis_incidents_visit_id_foreign` FOREIGN KEY (`visit_id`) REFERENCES `visits` (`id`) ON DELETE SET NULL
) ENGINE=InnoDB DEFAULT CHARSET=utf8mb4 COLLATE=utf8mb4_unicode_ci;


DROP TABLE IF EXISTS `data_sync_logs`;
CREATE TABLE `data_sync_logs` (
  `id` bigint unsigned NOT NULL AUTO_INCREMENT,
  `source_branch_id` bigint unsigned NOT NULL,
  `target_branch_id` bigint unsigned DEFAULT NULL,
  `sync_type` enum('outreach_to_main','main_to_outreach','branch_to_branch','backup') COLLATE utf8mb4_unicode_ci NOT NULL,
  `data_type` enum('clients','visits','services','invoices','all') COLLATE utf8mb4_unicode_ci NOT NULL,
  `sync_started_at` timestamp NOT NULL,
  `sync_completed_at` timestamp NULL DEFAULT NULL,
  `status` enum('pending','in_progress','completed','failed','partial') COLLATE utf8mb4_unicode_ci NOT NULL DEFAULT 'pending',
  `records_total` int NOT NULL DEFAULT '0',
  `records_synced` int NOT NULL DEFAULT '0',
  `records_failed` int NOT NULL DEFAULT '0',
  `sync_summary` json DEFAULT NULL,
  `error_message` text COLLATE utf8mb4_unicode_ci,
  `error_details` json DEFAULT NULL,
  `initiated_by` bigint unsigned NOT NULL,
  `notes` text COLLATE utf8mb4_unicode_ci,
  `created_at` timestamp NULL DEFAULT NULL,
  `updated_at` timestamp NULL DEFAULT NULL,
  PRIMARY KEY (`id`),
  KEY `data_sync_logs_initiated_by_foreign` (`initiated_by`),
  KEY `data_sync_logs_source_branch_id_index` (`source_branch_id`),
  KEY `data_sync_logs_target_branch_id_index` (`target_branch_id`),
  KEY `data_sync_logs_sync_type_index` (`sync_type`),
  KEY `data_sync_logs_status_index` (`status`),
  KEY `data_sync_logs_sync_started_at_index` (`sync_started_at`),
  CONSTRAINT `data_sync_logs_initiated_by_foreign` FOREIGN KEY (`initiated_by`) REFERENCES `users` (`id`) ON DELETE CASCADE,
  CONSTRAINT `data_sync_logs_source_branch_id_foreign` FOREIGN KEY (`source_branch_id`) REFERENCES `branches` (`id`) ON DELETE RESTRICT,
  CONSTRAINT `data_sync_logs_target_branch_id_foreign` FOREIGN KEY (`target_branch_id`) REFERENCES `branches` (`id`) ON DELETE SET NULL
) ENGINE=InnoDB DEFAULT CHARSET=utf8mb4 COLLATE=utf8mb4_unicode_ci;


DROP TABLE IF EXISTS `departments`;
CREATE TABLE `departments` (
  `id` bigint unsigned NOT NULL AUTO_INCREMENT,
  `branch_id` bigint unsigned NOT NULL,
  `code` varchar(50) COLLATE utf8mb4_unicode_ci NOT NULL COMMENT 'Department code (e.g., PHYS, OT, SLT)',
  `name` varchar(150) COLLATE utf8mb4_unicode_ci NOT NULL COMMENT 'Department name',
  `description` text COLLATE utf8mb4_unicode_ci COMMENT 'Department description',
  `has_queue` tinyint(1) NOT NULL DEFAULT '1' COMMENT 'Does this department use a queue?',
  `queue_capacity` int NOT NULL DEFAULT '50' COMMENT 'Maximum queue size',
  `sla_target_minutes` int NOT NULL DEFAULT '30' COMMENT 'Service level agreement (minutes)',
  `location` varchar(200) COLLATE utf8mb4_unicode_ci DEFAULT NULL COMMENT 'Room/Building location',
  `phone` varchar(20) COLLATE utf8mb4_unicode_ci DEFAULT NULL COMMENT 'Department phone',
  `email` varchar(100) COLLATE utf8mb4_unicode_ci DEFAULT NULL COMMENT 'Department email',
  `head_of_department_id` bigint unsigned DEFAULT NULL,
  `is_active` tinyint(1) NOT NULL DEFAULT '1' COMMENT 'Department operational status',
  `settings` json DEFAULT NULL COMMENT 'Department-specific settings',
  `created_at` timestamp NULL DEFAULT NULL,
  `updated_at` timestamp NULL DEFAULT NULL,
  `deleted_at` timestamp NULL DEFAULT NULL,
  PRIMARY KEY (`id`),
  UNIQUE KEY `unique_dept_code_per_branch` (`branch_id`,`code`),
  KEY `departments_head_of_department_id_foreign` (`head_of_department_id`),
  KEY `idx_departments_branch` (`branch_id`),
  KEY `idx_departments_active` (`is_active`),
  KEY `idx_departments_queue` (`has_queue`),
  CONSTRAINT `departments_branch_id_foreign` FOREIGN KEY (`branch_id`) REFERENCES `branches` (`id`) ON DELETE CASCADE,
  CONSTRAINT `departments_head_of_department_id_foreign` FOREIGN KEY (`head_of_department_id`) REFERENCES `users` (`id`) ON DELETE SET NULL
) ENGINE=InnoDB DEFAULT CHARSET=utf8mb4 COLLATE=utf8mb4_unicode_ci;

INSERT INTO `departments` (`id`, `branch_id`, `code`, `name`, `description`, `has_queue`, `queue_capacity`, `sla_target_minutes`, `location`, `phone`, `email`, `head_of_department_id`, `is_active`, `settings`, `created_at`, `updated_at`, `deleted_at`) VALUES
(1,	1,	'PHYS',	'Physiotherapy',	'Physical therapy and rehabilitation services',	1,	50,	30,	'Ground Floor, Room 101',	'+254712345001',	NULL,	NULL,	1,	NULL,	'2025-11-13 03:22:04',	'2025-11-13 03:22:04',	NULL),
(2,	1,	'OT',	'Occupational Therapy',	'Occupational therapy and life skills training',	1,	40,	45,	'First Floor, Room 201',	'+254712345002',	NULL,	NULL,	1,	NULL,	'2025-11-13 03:22:04',	'2025-11-13 03:22:04',	NULL),
(3,	1,	'SLT',	'Speech & Language Therapy',	'Speech, language, and communication therapy',	1,	35,	40,	'First Floor, Room 203',	'+254712345003',	NULL,	NULL,	1,	NULL,	'2025-11-13 03:22:04',	'2025-11-13 03:22:04',	NULL),
(4,	1,	'PSY',	'Psychological Services',	'Psychological assessment and counseling',	1,	30,	60,	'Second Floor, Room 301',	'+254712345004',	NULL,	NULL,	1,	NULL,	'2025-11-13 03:22:04',	'2025-11-13 03:22:04',	NULL),
(5,	1,	'EDU',	'Educational Assessment',	'Educational assessment and placement services',	1,	25,	90,	'Second Floor, Room 302',	'+254712345005',	NULL,	NULL,	1,	NULL,	'2025-11-13 03:22:04',	'2025-11-13 03:22:04',	NULL),
(6,	1,	'AUD',	'Audiology',	'Hearing assessment and audiological services',	1,	30,	30,	'Ground Floor, Room 105',	'+254712345006',	NULL,	NULL,	1,	NULL,	'2025-11-13 03:22:04',	'2025-11-13 03:22:04',	NULL),
(7,	1,	'VISION',	'Vision Services',	'Vision assessment and low vision services',	1,	25,	30,	'Ground Floor, Room 106',	'+254712345007',	NULL,	NULL,	1,	NULL,	'2025-11-13 03:22:04',	'2025-11-13 03:22:04',	NULL),
(8,	1,	'AT',	'Assistive Technology',	'Assistive devices assessment and provision',	0,	50,	30,	'Ground Floor, AT Lab',	'+254712345008',	NULL,	NULL,	1,	NULL,	'2025-11-13 03:22:04',	'2025-11-13 03:22:04',	NULL),
(9,	1,	'GNC',	'Guidance & Counseling',	'Guidance and counseling services',	1,	20,	45,	'Second Floor, Room 305',	'+254712345009',	NULL,	NULL,	1,	NULL,	'2025-11-13 03:22:04',	'2025-11-13 03:22:04',	NULL);

DROP TABLE IF EXISTS `external_referrals`;
CREATE TABLE `external_referrals` (
  `id` bigint unsigned NOT NULL AUTO_INCREMENT,
  `visit_id` bigint unsigned NOT NULL,
  `client_id` bigint unsigned NOT NULL,
  `referring_provider_id` bigint unsigned NOT NULL,
  `from_department_id` bigint unsigned NOT NULL,
  `facility_name` varchar(255) COLLATE utf8mb4_unicode_ci NOT NULL,
  `facility_type` enum('hospital','specialist_clinic','diagnostic_center','rehabilitation_center','other') COLLATE utf8mb4_unicode_ci NOT NULL,
  `department_specialty` varchar(255) COLLATE utf8mb4_unicode_ci DEFAULT NULL COMMENT 'e.g., Pediatric Ophthalmology, Neurology',
  `facility_contact` varchar(255) COLLATE utf8mb4_unicode_ci DEFAULT NULL,
  `facility_email` varchar(255) COLLATE utf8mb4_unicode_ci DEFAULT NULL,
  `urgency` enum('routine','urgent','emergency') COLLATE utf8mb4_unicode_ci NOT NULL DEFAULT 'routine',
  `status` enum('sent','appointment_scheduled','attended','completed','cancelled','lost_to_follow_up') COLLATE utf8mb4_unicode_ci NOT NULL DEFAULT 'sent',
  `reason` text COLLATE utf8mb4_unicode_ci NOT NULL COMMENT 'Main reason for referral',
  `clinical_summary` text COLLATE utf8mb4_unicode_ci NOT NULL COMMENT 'Brief clinical summary',
  `investigations_done` text COLLATE utf8mb4_unicode_ci COMMENT 'Tests/assessments completed at KISE',
  `current_management` text COLLATE utf8mb4_unicode_ci COMMENT 'Current treatment/interventions',
  `specific_request` text COLLATE utf8mb4_unicode_ci COMMENT 'What is specifically requested from specialist',
  `preferred_contact` varchar(255) COLLATE utf8mb4_unicode_ci NOT NULL COMMENT 'Client/guardian preferred contact',
  `alternative_contact` varchar(255) COLLATE utf8mb4_unicode_ci DEFAULT NULL,
  `referral_letter_path` varchar(255) COLLATE utf8mb4_unicode_ci DEFAULT NULL COMMENT 'Path to generated referral letter PDF',
  `supporting_documents` json DEFAULT NULL COMMENT 'Array of document paths',
  `appointment_date` date DEFAULT NULL,
  `appointment_time` time DEFAULT NULL,
  `feedback` text COLLATE utf8mb4_unicode_ci COMMENT 'Feedback from receiving facility',
  `feedback_documents` json DEFAULT NULL COMMENT 'Reports/letters from facility',
  `referred_at` timestamp NOT NULL DEFAULT CURRENT_TIMESTAMP,
  `appointment_confirmed_at` timestamp NULL DEFAULT NULL,
  `attended_at` timestamp NULL DEFAULT NULL,
  `feedback_received_at` timestamp NULL DEFAULT NULL,
  `created_at` timestamp NULL DEFAULT NULL,
  `updated_at` timestamp NULL DEFAULT NULL,
  `deleted_at` timestamp NULL DEFAULT NULL,
  PRIMARY KEY (`id`),
  KEY `external_referrals_visit_id_foreign` (`visit_id`),
  KEY `external_referrals_referring_provider_id_foreign` (`referring_provider_id`),
  KEY `external_referrals_from_department_id_foreign` (`from_department_id`),
  KEY `external_referrals_client_id_status_index` (`client_id`,`status`),
  KEY `external_referrals_status_index` (`status`),
  KEY `external_referrals_appointment_date_index` (`appointment_date`),
  CONSTRAINT `external_referrals_client_id_foreign` FOREIGN KEY (`client_id`) REFERENCES `clients` (`id`) ON DELETE CASCADE,
  CONSTRAINT `external_referrals_from_department_id_foreign` FOREIGN KEY (`from_department_id`) REFERENCES `departments` (`id`),
  CONSTRAINT `external_referrals_referring_provider_id_foreign` FOREIGN KEY (`referring_provider_id`) REFERENCES `users` (`id`),
  CONSTRAINT `external_referrals_visit_id_foreign` FOREIGN KEY (`visit_id`) REFERENCES `visits` (`id`) ON DELETE CASCADE
) ENGINE=InnoDB DEFAULT CHARSET=utf8mb4 COLLATE=utf8mb4_unicode_ci;


DROP TABLE IF EXISTS `failed_jobs`;
CREATE TABLE `failed_jobs` (
  `id` bigint unsigned NOT NULL AUTO_INCREMENT,
  `uuid` varchar(255) COLLATE utf8mb4_unicode_ci NOT NULL,
  `connection` text COLLATE utf8mb4_unicode_ci NOT NULL,
  `queue` text COLLATE utf8mb4_unicode_ci NOT NULL,
  `payload` longtext COLLATE utf8mb4_unicode_ci NOT NULL,
  `exception` longtext COLLATE utf8mb4_unicode_ci NOT NULL,
  `failed_at` timestamp NOT NULL DEFAULT CURRENT_TIMESTAMP,
  PRIMARY KEY (`id`),
  UNIQUE KEY `failed_jobs_uuid_unique` (`uuid`)
) ENGINE=InnoDB DEFAULT CHARSET=utf8mb4 COLLATE=utf8mb4_unicode_ci;


DROP TABLE IF EXISTS `functional_screenings`;
CREATE TABLE `functional_screenings` (
  `id` bigint unsigned NOT NULL AUTO_INCREMENT,
  `intake_assessment_id` bigint unsigned NOT NULL,
  `client_id` bigint unsigned NOT NULL,
  `mobility_score` int DEFAULT NULL,
  `self_care_score` int DEFAULT NULL,
  `communication_score` int DEFAULT NULL,
  `cognition_score` int DEFAULT NULL,
  `social_interaction_score` int DEFAULT NULL,
  `emotional_regulation_score` int DEFAULT NULL,
  `sensory_processing_score` int DEFAULT NULL,
  `activities_daily_living_score` int DEFAULT NULL,
  `total_score` int DEFAULT NULL,
  `mobility_notes` text COLLATE utf8mb4_unicode_ci,
  `self_care_notes` text COLLATE utf8mb4_unicode_ci,
  `communication_notes` text COLLATE utf8mb4_unicode_ci,
  `cognition_notes` text COLLATE utf8mb4_unicode_ci,
  `social_interaction_notes` text COLLATE utf8mb4_unicode_ci,
  `emotional_regulation_notes` text COLLATE utf8mb4_unicode_ci,
  `sensory_processing_notes` text COLLATE utf8mb4_unicode_ci,
  `activities_daily_living_notes` text COLLATE utf8mb4_unicode_ci,
  `overall_summary` text COLLATE utf8mb4_unicode_ci,
  `created_at` timestamp NULL DEFAULT NULL,
  `updated_at` timestamp NULL DEFAULT NULL,
  PRIMARY KEY (`id`),
  KEY `functional_screenings_intake_assessment_id_index` (`intake_assessment_id`),
  KEY `functional_screenings_client_id_index` (`client_id`),
  CONSTRAINT `functional_screenings_client_id_foreign` FOREIGN KEY (`client_id`) REFERENCES `clients` (`id`) ON DELETE CASCADE,
  CONSTRAINT `functional_screenings_intake_assessment_id_foreign` FOREIGN KEY (`intake_assessment_id`) REFERENCES `intake_assessments` (`id`) ON DELETE CASCADE
) ENGINE=InnoDB DEFAULT CHARSET=utf8mb4 COLLATE=utf8mb4_unicode_ci;


DROP TABLE IF EXISTS `insurance_batch_invoices`;
CREATE TABLE `insurance_batch_invoices` (
  `id` bigint unsigned NOT NULL AUTO_INCREMENT,
  `batch_number` varchar(50) NOT NULL COMMENT 'BATCH-SHA-202601-001',
  `sponsor_type` enum('sha','ncpwd','insurance_private') NOT NULL,
  `insurance_provider_id` bigint unsigned DEFAULT NULL,
  `insurance_provider_name` varchar(255) DEFAULT NULL,
  `period_start` date NOT NULL,
  `period_end` date NOT NULL,
  `period_label` varchar(50) DEFAULT NULL COMMENT 'e.g., January 2026, Week 3',
  `total_claims` int NOT NULL DEFAULT '0',
  `total_claim_amount` decimal(10,2) NOT NULL DEFAULT '0.00',
  `total_approved_amount` decimal(10,2) DEFAULT NULL,
  `total_paid_amount` decimal(10,2) DEFAULT NULL,
  `total_amount` decimal(10,2) DEFAULT NULL,
  `paid_amount` decimal(10,2) DEFAULT NULL,
  `balance` decimal(10,2) DEFAULT NULL,
  `total_rejected_amount` decimal(10,2) DEFAULT NULL,
  `status` enum('draft','submitted','approved','paid','partial','rejected') NOT NULL DEFAULT 'draft',
  `generated_at` timestamp NULL DEFAULT NULL,
  `billing_period_start` datetime DEFAULT NULL,
  `billing_period_end` datetime DEFAULT NULL,
  `due_date` datetime DEFAULT NULL,
  `submitted_at` timestamp NULL DEFAULT NULL,
  `approved_at` timestamp NULL DEFAULT NULL,
  `paid_at` timestamp NULL DEFAULT NULL,
  `sent_at` timestamp NULL DEFAULT NULL,
  `pdf_path` varchar(255) DEFAULT NULL COMMENT 'Path to generated PDF',
  `excel_path` varchar(255) DEFAULT NULL COMMENT 'Path to generated Excel',
  `submission_reference` varchar(100) DEFAULT NULL COMMENT 'Sponsor submission reference',
  `generated_by` bigint unsigned DEFAULT NULL,
  `submitted_by` bigint unsigned DEFAULT NULL,
  `created_at` timestamp NULL DEFAULT NULL,
  `updated_at` timestamp NULL DEFAULT NULL,
  `deleted_at` timestamp NULL DEFAULT NULL,
  PRIMARY KEY (`id`),
  UNIQUE KEY `batch_number` (`batch_number`),
  KEY `idx_batch_number` (`batch_number`),
  KEY `idx_sponsor_type` (`sponsor_type`),
  KEY `idx_status` (`status`),
  KEY `idx_period` (`period_start`,`period_end`)
) ENGINE=InnoDB DEFAULT CHARSET=utf8mb4 COLLATE=utf8mb4_0900_ai_ci;


DROP TABLE IF EXISTS `insurance_claim_items`;
CREATE TABLE `insurance_claim_items` (
  `id` bigint unsigned NOT NULL AUTO_INCREMENT,
  `insurance_claim_id` bigint unsigned NOT NULL,
  `invoice_id` bigint unsigned NOT NULL,
  `client_id` bigint unsigned NOT NULL,
  `invoice_amount` decimal(10,2) NOT NULL,
  `claimed_amount` decimal(10,2) NOT NULL,
  `approved_amount` decimal(10,2) DEFAULT NULL,
  `rejection_reason` text COLLATE utf8mb4_unicode_ci,
  `created_at` timestamp NULL DEFAULT NULL,
  `updated_at` timestamp NULL DEFAULT NULL,
  PRIMARY KEY (`id`),
  KEY `insurance_claim_items_invoice_id_foreign` (`invoice_id`),
  KEY `insurance_claim_items_client_id_foreign` (`client_id`),
  KEY `insurance_claim_items_insurance_claim_id_invoice_id_index` (`insurance_claim_id`,`invoice_id`),
  CONSTRAINT `insurance_claim_items_client_id_foreign` FOREIGN KEY (`client_id`) REFERENCES `clients` (`id`) ON DELETE CASCADE,
  CONSTRAINT `insurance_claim_items_insurance_claim_id_foreign` FOREIGN KEY (`insurance_claim_id`) REFERENCES `insurance_claims` (`id`) ON DELETE CASCADE,
  CONSTRAINT `insurance_claim_items_invoice_id_foreign` FOREIGN KEY (`invoice_id`) REFERENCES `invoices` (`id`) ON DELETE CASCADE
) ENGINE=InnoDB DEFAULT CHARSET=utf8mb4 COLLATE=utf8mb4_unicode_ci;


DROP TABLE IF EXISTS `insurance_claims`;
CREATE TABLE `insurance_claims` (
  `id` bigint unsigned NOT NULL AUTO_INCREMENT,
  `insurance_provider_id` bigint unsigned DEFAULT NULL,
  `visit_id` bigint unsigned DEFAULT NULL,
  `insurance_batch_invoice_id` bigint unsigned DEFAULT NULL,
  `client_id` bigint unsigned DEFAULT NULL,
  `submitted_by` bigint unsigned DEFAULT NULL,
  `invoice_id` bigint unsigned DEFAULT NULL,
  `sponsor_type` varchar(100) CHARACTER SET utf8mb4 COLLATE utf8mb4_unicode_ci DEFAULT NULL,
  `branch_id` bigint unsigned DEFAULT NULL,
  `claim_number` varchar(255) CHARACTER SET utf8mb4 COLLATE utf8mb4_unicode_ci DEFAULT NULL,
  `claim_date` date DEFAULT NULL,
  `period_start` date DEFAULT NULL,
  `period_end` date DEFAULT NULL,
  `total_invoices` int DEFAULT NULL,
  `total_amount` decimal(12,2) DEFAULT NULL,
  `approved_amount` decimal(12,2) DEFAULT NULL,
  `paid_amount` decimal(12,2) DEFAULT NULL,
  `claim_amount` decimal(12,2) DEFAULT NULL,
  `rejection_amount` decimal(12,2) DEFAULT NULL,
  `status` varchar(200) CHARACTER SET utf8mb4 COLLATE utf8mb4_unicode_ci DEFAULT 'draft',
  `notes` text COLLATE utf8mb4_unicode_ci,
  `created_by` bigint unsigned DEFAULT NULL,
  `approved_by` bigint unsigned DEFAULT NULL,
  `submitted_at` timestamp NULL DEFAULT NULL,
  `service_date` datetime DEFAULT NULL,
  `approved_at` timestamp NULL DEFAULT NULL,
  `created_at` timestamp NULL DEFAULT NULL,
  `updated_at` timestamp NULL DEFAULT NULL,
  `deleted_at` timestamp NULL DEFAULT NULL,
  PRIMARY KEY (`id`),
  UNIQUE KEY `insurance_claims_claim_number_unique` (`claim_number`),
  KEY `insurance_claims_branch_id_foreign` (`branch_id`),
  KEY `insurance_claims_created_by_foreign` (`created_by`),
  KEY `insurance_claims_approved_by_foreign` (`approved_by`),
  KEY `insurance_claims_insurance_provider_id_status_index` (`insurance_provider_id`,`status`),
  KEY `insurance_batch_invoice_id` (`insurance_batch_invoice_id`),
  KEY `visit_id` (`visit_id`),
  KEY `client_id` (`client_id`),
  CONSTRAINT `insurance_claims_approved_by_foreign` FOREIGN KEY (`approved_by`) REFERENCES `users` (`id`),
  CONSTRAINT `insurance_claims_branch_id_foreign` FOREIGN KEY (`branch_id`) REFERENCES `branches` (`id`) ON DELETE CASCADE,
  CONSTRAINT `insurance_claims_created_by_foreign` FOREIGN KEY (`created_by`) REFERENCES `users` (`id`),
  CONSTRAINT `insurance_claims_ibfk_1` FOREIGN KEY (`insurance_batch_invoice_id`) REFERENCES `insurance_batch_invoices` (`id`),
  CONSTRAINT `insurance_claims_ibfk_2` FOREIGN KEY (`visit_id`) REFERENCES `visits` (`id`),
  CONSTRAINT `insurance_claims_ibfk_3` FOREIGN KEY (`client_id`) REFERENCES `clients` (`id`),
  CONSTRAINT `insurance_claims_insurance_provider_id_foreign` FOREIGN KEY (`insurance_provider_id`) REFERENCES `insurance_providers` (`id`) ON DELETE CASCADE
) ENGINE=InnoDB DEFAULT CHARSET=utf8mb4 COLLATE=utf8mb4_unicode_ci;

INSERT INTO `insurance_claims` (`id`, `insurance_provider_id`, `visit_id`, `insurance_batch_invoice_id`, `client_id`, `submitted_by`, `invoice_id`, `sponsor_type`, `branch_id`, `claim_number`, `claim_date`, `period_start`, `period_end`, `total_invoices`, `total_amount`, `approved_amount`, `paid_amount`, `claim_amount`, `rejection_amount`, `status`, `notes`, `created_by`, `approved_by`, `submitted_at`, `service_date`, `approved_at`, `created_at`, `updated_at`, `deleted_at`) VALUES
(3,	NULL,	14,	NULL,	10,	8,	9,	'sha',	1,	'CLM-202601-00001',	NULL,	NULL,	NULL,	NULL,	NULL,	3800.00,	0.00,	3800.00,	NULL,	'approved',	NULL,	NULL,	8,	'2026-01-29 15:48:54',	'2026-01-29 17:39:30',	'2026-01-29 15:49:00',	'2026-01-29 15:44:20',	'2026-01-29 15:49:00',	NULL),
(4,	NULL,	16,	NULL,	12,	8,	11,	'sha',	1,	'CLM-202602-00001',	NULL,	NULL,	NULL,	NULL,	NULL,	0.00,	0.00,	1000.00,	NULL,	'pending',	NULL,	NULL,	NULL,	NULL,	'2026-02-05 19:24:38',	NULL,	'2026-02-05 16:25:22',	'2026-02-05 16:25:22',	NULL),
(5,	NULL,	17,	NULL,	13,	11,	12,	'sha',	1,	'CLM-202602-00002',	NULL,	NULL,	NULL,	NULL,	NULL,	0.00,	0.00,	3200.00,	NULL,	'pending',	NULL,	NULL,	NULL,	NULL,	'2026-02-18 05:34:27',	NULL,	'2026-02-18 02:44:13',	'2026-02-18 02:44:13',	NULL),
(6,	NULL,	18,	NULL,	14,	11,	13,	'sha',	1,	'CLM-202602-00003',	NULL,	NULL,	NULL,	NULL,	NULL,	0.00,	0.00,	4200.00,	NULL,	'pending',	NULL,	NULL,	NULL,	NULL,	'2026-02-18 06:40:32',	NULL,	'2026-02-18 03:47:07',	'2026-02-18 03:47:07',	NULL),
(7,	NULL,	19,	NULL,	15,	11,	14,	'ncpwd',	1,	'CLM-202602-00004',	NULL,	NULL,	NULL,	NULL,	NULL,	0.00,	0.00,	1000.00,	NULL,	'pending',	NULL,	NULL,	NULL,	NULL,	'2026-02-19 06:55:41',	NULL,	'2026-02-19 04:03:45',	'2026-02-19 04:03:45',	NULL);

DELIMITER ;;

CREATE TRIGGER `trg_update_batch_totals_after_claim_insert` AFTER INSERT ON `insurance_claims` FOR EACH ROW
BEGIN
    IF NEW.insurance_batch_invoice_id IS NOT NULL THEN
        UPDATE insurance_batch_invoices
        SET 
            total_claims = (
                SELECT COUNT(*) 
                FROM insurance_claims 
                WHERE insurance_batch_invoice_id = NEW.insurance_batch_invoice_id
            ),
            total_amount = (
                SELECT COALESCE(SUM(claim_amount), 0) 
                FROM insurance_claims 
                WHERE insurance_batch_invoice_id = NEW.insurance_batch_invoice_id
            ),
            approved_amount = (
                SELECT COALESCE(SUM(approved_amount), 0) 
                FROM insurance_claims 
                WHERE insurance_batch_invoice_id = NEW.insurance_batch_invoice_id
            ),
            paid_amount = (
                SELECT COALESCE(SUM(paid_amount), 0) 
                FROM insurance_claims 
                WHERE insurance_batch_invoice_id = NEW.insurance_batch_invoice_id
            )
        WHERE id = NEW.insurance_batch_invoice_id;
    END IF;
END;;

DELIMITER ;

DROP TABLE IF EXISTS `insurance_providers`;
CREATE TABLE `insurance_providers` (
  `id` bigint unsigned NOT NULL AUTO_INCREMENT,
  `code` varchar(255) COLLATE utf8mb4_unicode_ci NOT NULL,
  `name` varchar(255) COLLATE utf8mb4_unicode_ci NOT NULL,
  `short_name` varchar(255) COLLATE utf8mb4_unicode_ci DEFAULT NULL,
  `type` enum('public','private','government') COLLATE utf8mb4_unicode_ci NOT NULL DEFAULT 'private',
  `description` text COLLATE utf8mb4_unicode_ci,
  `contact_person` varchar(255) COLLATE utf8mb4_unicode_ci DEFAULT NULL,
  `phone` varchar(255) COLLATE utf8mb4_unicode_ci DEFAULT NULL,
  `email` varchar(255) COLLATE utf8mb4_unicode_ci DEFAULT NULL,
  `address` text COLLATE utf8mb4_unicode_ci,
  `claim_submission_method` varchar(255) COLLATE utf8mb4_unicode_ci DEFAULT NULL,
  `claim_email` varchar(255) COLLATE utf8mb4_unicode_ci DEFAULT NULL,
  `claim_portal_url` varchar(255) COLLATE utf8mb4_unicode_ci DEFAULT NULL,
  `default_coverage_percentage` decimal(5,2) DEFAULT '100.00',
  `claim_amount` decimal(5,2) DEFAULT NULL,
  `coverage_limits` json DEFAULT NULL,
  `excluded_services` json DEFAULT NULL,
  `claim_processing_days` int DEFAULT NULL,
  `requires_preauthorization` tinyint(1) NOT NULL DEFAULT '0',
  `requires_referral` tinyint(1) NOT NULL DEFAULT '0',
  `is_active` tinyint(1) NOT NULL DEFAULT '1',
  `sort_order` int NOT NULL DEFAULT '0',
  `settings` json DEFAULT NULL,
  `created_at` timestamp NULL DEFAULT NULL,
  `updated_at` timestamp NULL DEFAULT NULL,
  `deleted_at` timestamp NULL DEFAULT NULL,
  PRIMARY KEY (`id`),
  UNIQUE KEY `insurance_providers_code_unique` (`code`),
  KEY `insurance_providers_code_index` (`code`),
  KEY `insurance_providers_is_active_index` (`is_active`)
) ENGINE=InnoDB DEFAULT CHARSET=utf8mb4 COLLATE=utf8mb4_unicode_ci;

INSERT INTO `insurance_providers` (`id`, `code`, `name`, `short_name`, `type`, `description`, `contact_person`, `phone`, `email`, `address`, `claim_submission_method`, `claim_email`, `claim_portal_url`, `default_coverage_percentage`, `claim_amount`, `coverage_limits`, `excluded_services`, `claim_processing_days`, `requires_preauthorization`, `requires_referral`, `is_active`, `sort_order`, `settings`, `created_at`, `updated_at`, `deleted_at`) VALUES
(1,	'SHA',	'Social Health Authority',	'SHA',	'government',	'Kenya Social Health Authority - Government health insurance scheme',	'SHA Customer Care',	'+254-709-034-000',	'info@sha.go.ke',	NULL,	'online',	NULL,	'https://sha.go.ke/claims',	75.00,	NULL,	NULL,	NULL,	14,	0,	0,	1,	1,	NULL,	'2025-11-14 05:05:34',	'2025-11-14 05:05:34',	NULL),
(2,	'NCPWD',	'National Council for Persons with Disabilities',	'NCPWD',	'government',	'Government support fund for persons with disabilities',	'NCPWD Services',	'+254-020-2251181',	'info@ncpwd.go.ke',	NULL,	'manual',	NULL,	NULL,	50.00,	NULL,	NULL,	NULL,	21,	1,	0,	1,	2,	NULL,	'2025-11-14 05:05:34',	'2025-11-14 05:05:34',	NULL),
(3,	'NHIF',	'National Hospital Insurance Fund',	'NHIF',	'government',	'National health insurance for formal employment',	'NHIF Customer Care',	'+254-020-2717000',	'customercare@nhif.or.ke',	NULL,	'online',	NULL,	'https://nhif.or.ke',	80.00,	NULL,	NULL,	NULL,	10,	0,	1,	1,	3,	NULL,	'2025-11-14 05:05:35',	'2026-02-18 03:05:14',	'2026-02-18 03:05:14'),
(4,	'AAR',	'AAR Insurance Kenya',	'AAR',	'private',	'Private health insurance provider',	'AAR Customer Service',	'+254-709-910-000',	'customer.service@aar.co.ke',	NULL,	'online',	NULL,	'https://aar.co.ke/portal',	90.00,	NULL,	NULL,	NULL,	7,	1,	0,	1,	4,	NULL,	'2025-11-14 05:05:35',	'2025-11-14 05:05:35',	NULL),
(5,	'JUBILEE',	'Jubilee Insurance',	'Jubilee',	'private',	'Private medical insurance',	'Jubilee Care',	'+254-709-947-000',	'contactcentre@jubileekenya.com',	NULL,	'online',	NULL,	'https://jubileeinsurance.com',	85.00,	NULL,	NULL,	NULL,	10,	1,	0,	1,	5,	NULL,	'2025-11-14 05:05:35',	'2025-11-14 05:05:35',	NULL);

DROP TABLE IF EXISTS `intake_assessments`;
CREATE TABLE `intake_assessments` (
  `id` bigint unsigned NOT NULL AUTO_INCREMENT,
  `visit_id` bigint unsigned NOT NULL,
  `client_id` bigint unsigned NOT NULL,
  `branch_id` bigint unsigned NOT NULL,
  `is_editable` tinyint(1) NOT NULL DEFAULT '1',
  `verification_mode` enum('new_client','returning_client','old_new_client') COLLATE utf8mb4_unicode_ci NOT NULL DEFAULT 'new_client',
  `data_verified` tinyint(1) NOT NULL DEFAULT '0',
  `verified_by` bigint unsigned DEFAULT NULL,
  `verified_at` timestamp NULL DEFAULT NULL,
  `verification_notes` text COLLATE utf8mb4_unicode_ci,
  `reason_for_visit` text COLLATE utf8mb4_unicode_ci,
  `previous_interventions` text COLLATE utf8mb4_unicode_ci,
  `current_concerns` text COLLATE utf8mb4_unicode_ci,
  `family_history` text COLLATE utf8mb4_unicode_ci,
  `developmental_history` text COLLATE utf8mb4_unicode_ci,
  `educational_background` text COLLATE utf8mb4_unicode_ci,
  `social_history` text COLLATE utf8mb4_unicode_ci,
  `services_required` json DEFAULT NULL,
  `functional_screening_scores` json DEFAULT NULL,
  `intake_summary` text COLLATE utf8mb4_unicode_ci,
  `recommendations` text COLLATE utf8mb4_unicode_ci,
  `service_recommendations` json DEFAULT NULL,
  `referral_categories` json DEFAULT NULL,
  `priority_level` int NOT NULL DEFAULT '3' COMMENT '1=high, 5=low',
  `assessed_by` bigint unsigned NOT NULL,
  `assessed_at` timestamp NOT NULL DEFAULT CURRENT_TIMESTAMP,
  `created_at` timestamp NULL DEFAULT NULL,
  `updated_at` timestamp NULL DEFAULT NULL,
  `deleted_at` timestamp NULL DEFAULT NULL,
  PRIMARY KEY (`id`),
  KEY `intake_assessments_verified_by_foreign` (`verified_by`),
  KEY `intake_assessments_assessed_by_foreign` (`assessed_by`),
  KEY `intake_assessments_visit_id_index` (`visit_id`),
  KEY `intake_assessments_client_id_index` (`client_id`),
  KEY `intake_assessments_branch_id_index` (`branch_id`),
  KEY `intake_assessments_is_editable_index` (`is_editable`),
  KEY `intake_assessments_data_verified_index` (`data_verified`),
  CONSTRAINT `intake_assessments_assessed_by_foreign` FOREIGN KEY (`assessed_by`) REFERENCES `users` (`id`) ON DELETE CASCADE,
  CONSTRAINT `intake_assessments_branch_id_foreign` FOREIGN KEY (`branch_id`) REFERENCES `branches` (`id`) ON DELETE CASCADE,
  CONSTRAINT `intake_assessments_client_id_foreign` FOREIGN KEY (`client_id`) REFERENCES `clients` (`id`) ON DELETE CASCADE,
  CONSTRAINT `intake_assessments_verified_by_foreign` FOREIGN KEY (`verified_by`) REFERENCES `users` (`id`) ON DELETE SET NULL,
  CONSTRAINT `intake_assessments_visit_id_foreign` FOREIGN KEY (`visit_id`) REFERENCES `visits` (`id`) ON DELETE CASCADE
) ENGINE=InnoDB DEFAULT CHARSET=utf8mb4 COLLATE=utf8mb4_unicode_ci;

INSERT INTO `intake_assessments` (`id`, `visit_id`, `client_id`, `branch_id`, `is_editable`, `verification_mode`, `data_verified`, `verified_by`, `verified_at`, `verification_notes`, `reason_for_visit`, `previous_interventions`, `current_concerns`, `family_history`, `developmental_history`, `educational_background`, `social_history`, `services_required`, `functional_screening_scores`, `intake_summary`, `recommendations`, `service_recommendations`, `referral_categories`, `priority_level`, `assessed_by`, `assessed_at`, `created_at`, `updated_at`, `deleted_at`) VALUES
(5,	3,	2,	1,	1,	'new_client',	0,	NULL,	NULL,	NULL,	NULL,	NULL,	NULL,	NULL,	NULL,	NULL,	NULL,	NULL,	NULL,	NULL,	NULL,	NULL,	NULL,	3,	8,	'2025-11-19 17:23:52',	'2025-11-19 14:23:52',	'2025-11-19 14:23:52',	NULL);

DROP TABLE IF EXISTS `internal_referrals`;
CREATE TABLE `internal_referrals` (
  `id` bigint unsigned NOT NULL AUTO_INCREMENT,
  `visit_id` bigint unsigned NOT NULL,
  `client_id` bigint unsigned NOT NULL,
  `from_department_id` bigint unsigned NOT NULL,
  `to_department_id` bigint unsigned NOT NULL,
  `referring_provider_id` bigint unsigned NOT NULL,
  `accepting_provider_id` bigint unsigned DEFAULT NULL,
  `service_id` bigint unsigned NOT NULL,
  `priority` enum('routine','urgent','stat') COLLATE utf8mb4_unicode_ci NOT NULL DEFAULT 'routine',
  `status` enum('pending','accepted','in_progress','completed','rejected','cancelled') COLLATE utf8mb4_unicode_ci NOT NULL DEFAULT 'pending',
  `clinical_reason` text COLLATE utf8mb4_unicode_ci NOT NULL COMMENT 'Why referral is needed',
  `findings` text COLLATE utf8mb4_unicode_ci COMMENT 'Relevant clinical findings',
  `investigations_done` text COLLATE utf8mb4_unicode_ci COMMENT 'Tests/assessments already completed',
  `recommendations` text COLLATE utf8mb4_unicode_ci COMMENT 'Specific recommendations for receiving department',
  `acceptance_notes` text COLLATE utf8mb4_unicode_ci,
  `rejection_reason` text COLLATE utf8mb4_unicode_ci,
  `outcome` text COLLATE utf8mb4_unicode_ci COMMENT 'Final outcome after service delivery',
  `service_request_id` bigint unsigned DEFAULT NULL,
  `service_booking_id` bigint unsigned DEFAULT NULL,
  `referred_at` timestamp NOT NULL DEFAULT CURRENT_TIMESTAMP,
  `accepted_at` timestamp NULL DEFAULT NULL,
  `rejected_at` timestamp NULL DEFAULT NULL,
  `started_at` timestamp NULL DEFAULT NULL,
  `completed_at` timestamp NULL DEFAULT NULL,
  `created_at` timestamp NULL DEFAULT NULL,
  `updated_at` timestamp NULL DEFAULT NULL,
  `deleted_at` timestamp NULL DEFAULT NULL,
  PRIMARY KEY (`id`),
  KEY `internal_referrals_visit_id_foreign` (`visit_id`),
  KEY `internal_referrals_from_department_id_foreign` (`from_department_id`),
  KEY `internal_referrals_referring_provider_id_foreign` (`referring_provider_id`),
  KEY `internal_referrals_accepting_provider_id_foreign` (`accepting_provider_id`),
  KEY `internal_referrals_service_id_foreign` (`service_id`),
  KEY `internal_referrals_service_request_id_foreign` (`service_request_id`),
  KEY `internal_referrals_service_booking_id_foreign` (`service_booking_id`),
  KEY `internal_referrals_client_id_status_index` (`client_id`,`status`),
  KEY `internal_referrals_to_department_id_status_index` (`to_department_id`,`status`),
  KEY `internal_referrals_status_index` (`status`),
  CONSTRAINT `internal_referrals_accepting_provider_id_foreign` FOREIGN KEY (`accepting_provider_id`) REFERENCES `users` (`id`) ON DELETE SET NULL,
  CONSTRAINT `internal_referrals_client_id_foreign` FOREIGN KEY (`client_id`) REFERENCES `clients` (`id`) ON DELETE CASCADE,
  CONSTRAINT `internal_referrals_from_department_id_foreign` FOREIGN KEY (`from_department_id`) REFERENCES `departments` (`id`),
  CONSTRAINT `internal_referrals_referring_provider_id_foreign` FOREIGN KEY (`referring_provider_id`) REFERENCES `users` (`id`),
  CONSTRAINT `internal_referrals_service_booking_id_foreign` FOREIGN KEY (`service_booking_id`) REFERENCES `service_bookings` (`id`) ON DELETE SET NULL,
  CONSTRAINT `internal_referrals_service_id_foreign` FOREIGN KEY (`service_id`) REFERENCES `services` (`id`),
  CONSTRAINT `internal_referrals_service_request_id_foreign` FOREIGN KEY (`service_request_id`) REFERENCES `service_requests` (`id`) ON DELETE SET NULL,
  CONSTRAINT `internal_referrals_to_department_id_foreign` FOREIGN KEY (`to_department_id`) REFERENCES `departments` (`id`),
  CONSTRAINT `internal_referrals_visit_id_foreign` FOREIGN KEY (`visit_id`) REFERENCES `visits` (`id`) ON DELETE CASCADE
) ENGINE=InnoDB DEFAULT CHARSET=utf8mb4 COLLATE=utf8mb4_unicode_ci;


DROP TABLE IF EXISTS `invoice_items`;
CREATE TABLE `invoice_items` (
  `id` bigint unsigned NOT NULL AUTO_INCREMENT,
  `invoice_id` bigint unsigned DEFAULT NULL,
  `service_booking_id` bigint unsigned DEFAULT NULL,
  `service_id` bigint unsigned DEFAULT NULL,
  `department_id` bigint unsigned DEFAULT NULL,
  `insurance_provider_id` bigint unsigned DEFAULT NULL,
  `description` varchar(500) CHARACTER SET utf8mb4 COLLATE utf8mb4_unicode_ci DEFAULT NULL,
  `quantity` int DEFAULT '1',
  `discount` decimal(10,2) DEFAULT '0.00',
  `unit_price` decimal(10,2) DEFAULT NULL,
  `insurance_covered_amount` decimal(10,2) DEFAULT '0.00',
  `client_copay_amount` decimal(10,2) DEFAULT '0.00',
  `subtotal` decimal(10,2) DEFAULT NULL,
  `discount_amount` decimal(10,2) DEFAULT '0.00',
  `covered_amount` decimal(10,2) DEFAULT '0.00',
  `total` decimal(10,2) DEFAULT NULL,
  `created_at` timestamp NULL DEFAULT NULL,
  `updated_at` timestamp NULL DEFAULT NULL,
  `sponsor_type` varchar(50) COLLATE utf8mb4_unicode_ci DEFAULT NULL COMMENT 'sha, ncpwd, insurance_private, waiver',
  `sponsor_percentage` decimal(5,2) DEFAULT NULL COMMENT 'Actual sponsor percentage applied',
  `sponsor_amount` decimal(10,2) NOT NULL DEFAULT '0.00' COMMENT 'Amount sponsor will pay',
  `client_amount` decimal(10,2) NOT NULL DEFAULT '0.00' COMMENT 'Amount client must pay',
  `client_payment_status` varchar(200) CHARACTER SET utf8mb4 COLLATE utf8mb4_unicode_ci DEFAULT 'unpaid',
  `sponsor_claim_status` varchar(200) CHARACTER SET utf8mb4 COLLATE utf8mb4_unicode_ci DEFAULT 'pending',
  PRIMARY KEY (`id`),
  KEY `invoice_items_invoice_id_index` (`invoice_id`),
  KEY `invoice_items_service_booking_id_index` (`service_booking_id`),
  KEY `invoice_items_service_id_index` (`service_id`),
  KEY `invoice_items_department_id_index` (`department_id`),
  KEY `invoice_items_insurance_provider_id_foreign` (`insurance_provider_id`),
  KEY `idx_invoice_items_sponsor_type` (`sponsor_type`),
  KEY `idx_invoice_items_claim_status` (`sponsor_claim_status`),
  CONSTRAINT `invoice_items_department_id_foreign` FOREIGN KEY (`department_id`) REFERENCES `departments` (`id`) ON DELETE CASCADE,
  CONSTRAINT `invoice_items_insurance_provider_id_foreign` FOREIGN KEY (`insurance_provider_id`) REFERENCES `insurance_providers` (`id`),
  CONSTRAINT `invoice_items_invoice_id_foreign` FOREIGN KEY (`invoice_id`) REFERENCES `invoices` (`id`) ON DELETE CASCADE,
  CONSTRAINT `invoice_items_service_booking_id_foreign` FOREIGN KEY (`service_booking_id`) REFERENCES `service_bookings` (`id`) ON DELETE SET NULL,
  CONSTRAINT `invoice_items_service_id_foreign` FOREIGN KEY (`service_id`) REFERENCES `services` (`id`) ON DELETE RESTRICT
) ENGINE=InnoDB DEFAULT CHARSET=utf8mb4 COLLATE=utf8mb4_unicode_ci;

INSERT INTO `invoice_items` (`id`, `invoice_id`, `service_booking_id`, `service_id`, `department_id`, `insurance_provider_id`, `description`, `quantity`, `discount`, `unit_price`, `insurance_covered_amount`, `client_copay_amount`, `subtotal`, `discount_amount`, `covered_amount`, `total`, `created_at`, `updated_at`, `sponsor_type`, `sponsor_percentage`, `sponsor_amount`, `client_amount`, `client_payment_status`, `sponsor_claim_status`) VALUES
(3,	5,	NULL,	1,	1,	NULL,	'Physiotherapy Initial Assessment',	1,	0.00,	2000.00,	0.00,	2000.00,	2000.00,	0.00,	0.00,	NULL,	'2026-01-27 13:46:59',	'2026-01-27 13:46:59',	NULL,	NULL,	0.00,	0.00,	'unpaid',	'pending'),
(7,	9,	NULL,	1,	1,	NULL,	'Physiotherapy Initial Assessment',	1,	0.00,	2000.00,	0.00,	0.00,	2000.00,	0.00,	0.00,	NULL,	'2026-01-29 14:39:30',	'2026-01-29 14:39:30',	'sha',	75.00,	1500.00,	500.00,	'pending',	'pending'),
(8,	9,	NULL,	5,	3,	NULL,	'Speech & Language Assessment',	1,	0.00,	3000.00,	0.00,	0.00,	3000.00,	0.00,	0.00,	NULL,	'2026-01-29 14:39:30',	'2026-01-29 14:39:30',	'sha',	76.67,	2300.00,	700.00,	'pending',	'pending'),
(9,	6,	NULL,	1,	1,	NULL,	'Physiotherapy Initial Assessment',	1,	0.00,	2000.00,	0.00,	0.00,	2000.00,	0.00,	0.00,	NULL,	'2026-01-30 12:52:34',	'2026-01-30 12:52:34',	NULL,	0.00,	0.00,	2000.00,	'pending',	NULL),
(10,	6,	NULL,	11,	7,	NULL,	'Vision',	1,	0.00,	2000.00,	0.00,	0.00,	2000.00,	0.00,	0.00,	NULL,	'2026-01-30 12:52:34',	'2026-01-30 12:52:34',	NULL,	0.00,	0.00,	2000.00,	'pending',	NULL),
(11,	10,	NULL,	11,	7,	NULL,	'Vision',	1,	0.00,	2000.00,	0.00,	0.00,	2000.00,	0.00,	0.00,	NULL,	'2026-02-04 12:55:50',	'2026-02-04 12:55:50',	'sha',	0.00,	0.00,	2000.00,	'pending',	'pending'),
(12,	11,	NULL,	11,	7,	NULL,	'Vision',	1,	0.00,	2000.00,	0.00,	0.00,	2000.00,	0.00,	0.00,	NULL,	'2026-02-05 16:24:38',	'2026-02-05 16:24:38',	'sha',	50.00,	1000.00,	1000.00,	'pending',	'pending'),
(13,	12,	NULL,	7,	4,	NULL,	'Psychological Assessment',	1,	0.00,	4000.00,	0.00,	0.00,	4000.00,	0.00,	0.00,	NULL,	'2026-02-18 02:34:27',	'2026-02-18 02:34:27',	'sha',	80.00,	3200.00,	800.00,	'pending',	'pending'),
(14,	13,	NULL,	11,	7,	NULL,	'Vision',	1,	0.00,	2000.00,	0.00,	0.00,	2000.00,	0.00,	0.00,	NULL,	'2026-02-18 03:40:32',	'2026-02-18 03:40:32',	'sha',	50.00,	1000.00,	1000.00,	'pending',	'pending'),
(15,	13,	NULL,	7,	4,	NULL,	'Psychological Assessment',	1,	0.00,	4000.00,	0.00,	0.00,	4000.00,	0.00,	0.00,	NULL,	'2026-02-18 03:40:32',	'2026-02-18 03:40:32',	'sha',	80.00,	3200.00,	800.00,	'pending',	'pending'),
(16,	14,	NULL,	1,	1,	NULL,	'Physiotherapy Initial Assessment',	1,	0.00,	2000.00,	0.00,	0.00,	2000.00,	0.00,	0.00,	NULL,	'2026-02-19 03:55:41',	'2026-02-19 03:55:41',	'ncpwd',	50.00,	1000.00,	1000.00,	'pending',	'pending');

DROP TABLE IF EXISTS `invoices`;
CREATE TABLE `invoices` (
  `id` bigint unsigned NOT NULL AUTO_INCREMENT,
  `invoice_number` varchar(50) CHARACTER SET utf8mb4 COLLATE utf8mb4_unicode_ci DEFAULT NULL,
  `visit_id` bigint unsigned DEFAULT NULL,
  `client_id` bigint unsigned DEFAULT NULL,
  `branch_id` bigint unsigned DEFAULT NULL,
  `subtotal` decimal(10,2) DEFAULT '0.00',
  `covered_amount` decimal(10,2) DEFAULT '0.00',
  `discount_type` varchar(50) COLLATE utf8mb4_unicode_ci DEFAULT NULL,
  `discount_value` decimal(10,2) DEFAULT '0.00',
  `discount_amount` decimal(10,2) DEFAULT '0.00',
  `discount_reason` text COLLATE utf8mb4_unicode_ci,
  `discount_approved_by` bigint unsigned DEFAULT NULL,
  `tax_amount` decimal(10,2) DEFAULT '0.00',
  `final_amount` decimal(10,2) DEFAULT NULL,
  `total_amount` decimal(10,2) DEFAULT '0.00',
  `amount_paid` decimal(10,2) DEFAULT '0.00',
  `balance_due` decimal(10,2) DEFAULT '0.00',
  `status` varchar(100) CHARACTER SET utf8mb4 COLLATE utf8mb4_unicode_ci DEFAULT 'pending',
  `payment_pathway` varchar(50) COLLATE utf8mb4_unicode_ci DEFAULT NULL,
  `payment_method` varchar(50) CHARACTER SET utf8mb4 COLLATE utf8mb4_unicode_ci DEFAULT NULL,
  `insurance_provider_id` bigint unsigned DEFAULT NULL,
  `approved_at` timestamp NULL DEFAULT NULL,
  `verified_at` timestamp NULL DEFAULT NULL,
  `rejected_at` timestamp NULL DEFAULT NULL,
  `approved_by` bigint unsigned DEFAULT NULL,
  `paid_at` timestamp NULL DEFAULT NULL,
  `notes` text COLLATE utf8mb4_unicode_ci,
  `approval_notes` text CHARACTER SET utf8mb4 COLLATE utf8mb4_unicode_ci,
  `rejection_reason` text CHARACTER SET utf8mb4 COLLATE utf8mb4_unicode_ci,
  `verification_notes` text CHARACTER SET utf8mb4 COLLATE utf8mb4_unicode_ci,
  `payment_notes` text COLLATE utf8mb4_unicode_ci,
  `generated_by` bigint unsigned DEFAULT NULL,
  `payment_administrator_id` bigint unsigned DEFAULT NULL,
  `created_at` timestamp NULL DEFAULT NULL,
  `payment_date` datetime DEFAULT NULL,
  `due_date` datetime DEFAULT NULL,
  `updated_at` timestamp NULL DEFAULT NULL,
  `deleted_at` timestamp NULL DEFAULT NULL,
  `verification_status` varchar(255) COLLATE utf8mb4_unicode_ci DEFAULT NULL,
  `waiver_approval_status` varchar(255) COLLATE utf8mb4_unicode_ci DEFAULT NULL,
  `paid_by` bigint unsigned DEFAULT NULL,
  `issued_at` datetime DEFAULT NULL,
  `total_client_amount` decimal(10,2) DEFAULT '0.00' COMMENT 'Total client must pay (sum of all items client_amount)',
  `total_sponsor_amount` decimal(10,2) DEFAULT '0.00' COMMENT 'Total sponsor will pay (sum of all items sponsor_amount)',
  `client_payment_status` varchar(200) CHARACTER SET utf8mb4 COLLATE utf8mb4_unicode_ci DEFAULT 'unpaid',
  `sponsor_claim_status` varchar(200) CHARACTER SET utf8mb4 COLLATE utf8mb4_unicode_ci DEFAULT 'pending',
  `has_sponsor` tinyint(1) DEFAULT '0' COMMENT 'Whether invoice has insurance/sponsor component',
  `issued_by` tinyint(1) DEFAULT NULL,
  `verified_by` tinyint(1) DEFAULT NULL,
  `rejected_by` tinyint(1) DEFAULT NULL,
  PRIMARY KEY (`id`),
  UNIQUE KEY `invoices_invoice_number_unique` (`invoice_number`),
  KEY `invoices_discount_approved_by_foreign` (`discount_approved_by`),
  KEY `invoices_approved_by_foreign` (`approved_by`),
  KEY `invoices_generated_by_foreign` (`generated_by`),
  KEY `invoices_invoice_number_index` (`invoice_number`),
  KEY `invoices_visit_id_index` (`visit_id`),
  KEY `invoices_client_id_index` (`client_id`),
  KEY `invoices_branch_id_index` (`branch_id`),
  KEY `invoices_status_index` (`status`),
  KEY `invoices_payment_pathway_index` (`payment_pathway`),
  KEY `invoices_payment_administrator_id_foreign` (`payment_administrator_id`),
  KEY `invoices_insurance_provider_id_foreign` (`insurance_provider_id`),
  KEY `invoices_verification_status_index` (`verification_status`),
  KEY `invoices_waiver_approval_status_index` (`waiver_approval_status`),
  KEY `idx_invoices_has_sponsor` (`has_sponsor`),
  KEY `idx_invoices_sponsor_claim_status` (`sponsor_claim_status`),
  CONSTRAINT `invoices_approved_by_foreign` FOREIGN KEY (`approved_by`) REFERENCES `users` (`id`) ON DELETE SET NULL,
  CONSTRAINT `invoices_branch_id_foreign` FOREIGN KEY (`branch_id`) REFERENCES `branches` (`id`) ON DELETE CASCADE,
  CONSTRAINT `invoices_client_id_foreign` FOREIGN KEY (`client_id`) REFERENCES `clients` (`id`) ON DELETE CASCADE,
  CONSTRAINT `invoices_discount_approved_by_foreign` FOREIGN KEY (`discount_approved_by`) REFERENCES `users` (`id`) ON DELETE SET NULL,
  CONSTRAINT `invoices_generated_by_foreign` FOREIGN KEY (`generated_by`) REFERENCES `users` (`id`) ON DELETE CASCADE,
  CONSTRAINT `invoices_insurance_provider_id_foreign` FOREIGN KEY (`insurance_provider_id`) REFERENCES `insurance_providers` (`id`),
  CONSTRAINT `invoices_payment_administrator_id_foreign` FOREIGN KEY (`payment_administrator_id`) REFERENCES `users` (`id`),
  CONSTRAINT `invoices_visit_id_foreign` FOREIGN KEY (`visit_id`) REFERENCES `visits` (`id`) ON DELETE CASCADE
) ENGINE=InnoDB DEFAULT CHARSET=utf8mb4 COLLATE=utf8mb4_unicode_ci;

INSERT INTO `invoices` (`id`, `invoice_number`, `visit_id`, `client_id`, `branch_id`, `subtotal`, `covered_amount`, `discount_type`, `discount_value`, `discount_amount`, `discount_reason`, `discount_approved_by`, `tax_amount`, `final_amount`, `total_amount`, `amount_paid`, `balance_due`, `status`, `payment_pathway`, `payment_method`, `insurance_provider_id`, `approved_at`, `verified_at`, `rejected_at`, `approved_by`, `paid_at`, `notes`, `approval_notes`, `rejection_reason`, `verification_notes`, `payment_notes`, `generated_by`, `payment_administrator_id`, `created_at`, `payment_date`, `due_date`, `updated_at`, `deleted_at`, `verification_status`, `waiver_approval_status`, `paid_by`, `issued_at`, `total_client_amount`, `total_sponsor_amount`, `client_payment_status`, `sponsor_claim_status`, `has_sponsor`, `issued_by`, `verified_by`, `rejected_by`) VALUES
(5,	'KIS/INV/2026/01/0001',	13,	9,	1,	0.00,	0.00,	NULL,	0.00,	0.00,	NULL,	NULL,	0.00,	0.00,	2000.00,	0.00,	0.00,	'paid',	NULL,	'cash',	NULL,	NULL,	NULL,	NULL,	NULL,	NULL,	NULL,	NULL,	NULL,	NULL,	NULL,	NULL,	NULL,	'2026-01-27 13:46:59',	NULL,	NULL,	'2026-01-27 13:55:33',	NULL,	NULL,	NULL,	NULL,	'2026-01-27 16:46:59',	0.00,	0.00,	'unpaid',	'pending',	0,	NULL,	NULL,	NULL),
(6,	'KIS/INV/2026/01/0002',	5,	5,	1,	0.00,	0.00,	NULL,	0.00,	0.00,	NULL,	NULL,	0.00,	NULL,	4000.00,	4000.00,	0.00,	'pending',	NULL,	'cash',	NULL,	NULL,	NULL,	NULL,	NULL,	NULL,	NULL,	NULL,	NULL,	NULL,	'Ut ad reprehenderit',	NULL,	8,	'2026-01-27 18:38:33',	NULL,	NULL,	'2026-01-30 13:29:46',	NULL,	NULL,	NULL,	NULL,	'2026-01-27 21:38:33',	4000.00,	0.00,	'pending',	NULL,	0,	NULL,	NULL,	NULL),
(9,	'KIS/INV/2026/01/0003',	14,	10,	1,	0.00,	0.00,	NULL,	0.00,	0.00,	NULL,	NULL,	0.00,	NULL,	5000.00,	1200.00,	0.00,	'approved',	NULL,	'sha',	NULL,	NULL,	NULL,	NULL,	NULL,	NULL,	NULL,	NULL,	NULL,	NULL,	'Maxime aut quo nisi ',	NULL,	NULL,	'2026-01-29 14:39:30',	NULL,	NULL,	'2026-01-29 15:45:36',	NULL,	NULL,	NULL,	NULL,	'2026-01-29 17:39:30',	1200.00,	3800.00,	'pending',	'approved',	1,	8,	NULL,	NULL),
(10,	'KIS/INV/2026/02/0001',	15,	11,	1,	0.00,	0.00,	NULL,	0.00,	0.00,	NULL,	NULL,	0.00,	NULL,	2000.00,	2000.00,	0.00,	'approved',	NULL,	'sha',	NULL,	NULL,	NULL,	NULL,	NULL,	NULL,	NULL,	NULL,	NULL,	NULL,	'Asperiores in quibus',	NULL,	NULL,	'2026-02-04 12:55:50',	NULL,	NULL,	'2026-02-04 13:38:09',	NULL,	NULL,	NULL,	NULL,	'2026-02-04 15:55:50',	2000.00,	1800.00,	'pending',	'approved',	1,	8,	NULL,	NULL),
(11,	'KIS/INV/2026/02/0002',	16,	12,	1,	0.00,	0.00,	NULL,	0.00,	0.00,	NULL,	NULL,	0.00,	NULL,	2000.00,	1000.00,	0.00,	'approved',	NULL,	'sha',	NULL,	NULL,	NULL,	NULL,	NULL,	NULL,	NULL,	NULL,	NULL,	NULL,	'Rerum provident qui',	NULL,	NULL,	'2026-02-05 16:24:38',	NULL,	NULL,	'2026-02-06 03:29:55',	NULL,	NULL,	NULL,	NULL,	'2026-02-05 19:24:38',	1000.00,	1000.00,	'pending',	'approved',	1,	8,	NULL,	NULL),
(12,	'KIS/INV/2026/02/0003',	17,	13,	1,	0.00,	0.00,	NULL,	0.00,	0.00,	NULL,	NULL,	0.00,	NULL,	4000.00,	800.00,	0.00,	'approved',	NULL,	'sha',	NULL,	NULL,	NULL,	NULL,	NULL,	NULL,	NULL,	NULL,	NULL,	NULL,	NULL,	NULL,	NULL,	'2026-02-18 02:34:27',	NULL,	NULL,	'2026-02-18 02:44:41',	NULL,	NULL,	NULL,	NULL,	'2026-02-18 05:34:27',	800.00,	3200.00,	'pending',	'approved',	1,	8,	NULL,	NULL),
(13,	'KIS/INV/2026/02/0004',	18,	14,	1,	0.00,	0.00,	NULL,	0.00,	0.00,	NULL,	NULL,	0.00,	NULL,	6000.00,	1800.00,	0.00,	'approved',	NULL,	'sha',	NULL,	NULL,	NULL,	NULL,	NULL,	NULL,	NULL,	NULL,	NULL,	NULL,	NULL,	NULL,	NULL,	'2026-02-18 03:40:32',	NULL,	NULL,	'2026-02-18 03:49:18',	NULL,	NULL,	NULL,	NULL,	'2026-02-18 06:40:32',	1800.00,	4200.00,	'pending',	'approved',	1,	8,	NULL,	NULL),
(14,	'KIS/INV/2026/02/0005',	19,	15,	1,	0.00,	0.00,	NULL,	0.00,	0.00,	NULL,	NULL,	0.00,	NULL,	2000.00,	1000.00,	0.00,	'approved',	NULL,	'ncpwd',	NULL,	NULL,	NULL,	NULL,	NULL,	NULL,	NULL,	NULL,	NULL,	NULL,	NULL,	NULL,	NULL,	'2026-02-19 03:55:41',	NULL,	NULL,	'2026-02-19 04:16:46',	NULL,	NULL,	NULL,	NULL,	'2026-02-19 06:55:41',	1000.00,	1000.00,	'pending',	'approved',	1,	8,	NULL,	NULL);

DROP TABLE IF EXISTS `job_batches`;
CREATE TABLE `job_batches` (
  `id` varchar(255) COLLATE utf8mb4_unicode_ci NOT NULL,
  `name` varchar(255) COLLATE utf8mb4_unicode_ci NOT NULL,
  `total_jobs` int NOT NULL,
  `pending_jobs` int NOT NULL,
  `failed_jobs` int NOT NULL,
  `failed_job_ids` longtext COLLATE utf8mb4_unicode_ci NOT NULL,
  `options` mediumtext COLLATE utf8mb4_unicode_ci,
  `cancelled_at` int DEFAULT NULL,
  `created_at` int NOT NULL,
  `finished_at` int DEFAULT NULL,
  PRIMARY KEY (`id`)
) ENGINE=InnoDB DEFAULT CHARSET=utf8mb4 COLLATE=utf8mb4_unicode_ci;


DROP TABLE IF EXISTS `jobs`;
CREATE TABLE `jobs` (
  `id` bigint unsigned NOT NULL AUTO_INCREMENT,
  `queue` varchar(255) COLLATE utf8mb4_unicode_ci NOT NULL,
  `payload` longtext COLLATE utf8mb4_unicode_ci NOT NULL,
  `attempts` tinyint unsigned NOT NULL,
  `reserved_at` int unsigned DEFAULT NULL,
  `available_at` int unsigned NOT NULL,
  `created_at` int unsigned NOT NULL,
  PRIMARY KEY (`id`),
  KEY `jobs_queue_index` (`queue`)
) ENGINE=InnoDB DEFAULT CHARSET=utf8mb4 COLLATE=utf8mb4_unicode_ci;


DROP TABLE IF EXISTS `medical_holds`;
CREATE TABLE `medical_holds` (
  `id` bigint unsigned NOT NULL AUTO_INCREMENT,
  `visit_id` bigint unsigned NOT NULL,
  `client_id` bigint unsigned NOT NULL,
  `triage_id` bigint unsigned DEFAULT NULL,
  `branch_id` bigint unsigned NOT NULL,
  `reason` text COLLATE utf8mb4_unicode_ci NOT NULL COMMENT 'Why medical hold was placed',
  `severity` enum('minor','moderate','severe') COLLATE utf8mb4_unicode_ci NOT NULL DEFAULT 'moderate',
  `referred_to` varchar(255) COLLATE utf8mb4_unicode_ci DEFAULT NULL COMMENT 'e.g., Dispensary, External Hospital',
  `status` enum('active','cleared','escalated') COLLATE utf8mb4_unicode_ci NOT NULL DEFAULT 'active',
  `cleared_by` bigint unsigned DEFAULT NULL,
  `cleared_at` timestamp NULL DEFAULT NULL,
  `clearance_notes` text COLLATE utf8mb4_unicode_ci,
  `created_by` bigint unsigned NOT NULL,
  `created_at` timestamp NULL DEFAULT NULL,
  `updated_at` timestamp NULL DEFAULT NULL,
  `deleted_at` timestamp NULL DEFAULT NULL,
  PRIMARY KEY (`id`),
  KEY `medical_holds_triage_id_foreign` (`triage_id`),
  KEY `medical_holds_branch_id_foreign` (`branch_id`),
  KEY `medical_holds_cleared_by_foreign` (`cleared_by`),
  KEY `medical_holds_created_by_foreign` (`created_by`),
  KEY `medical_holds_visit_id_status_index` (`visit_id`,`status`),
  KEY `medical_holds_client_id_status_index` (`client_id`,`status`),
  KEY `medical_holds_created_at_index` (`created_at`),
  CONSTRAINT `medical_holds_branch_id_foreign` FOREIGN KEY (`branch_id`) REFERENCES `branches` (`id`) ON DELETE CASCADE,
  CONSTRAINT `medical_holds_cleared_by_foreign` FOREIGN KEY (`cleared_by`) REFERENCES `users` (`id`) ON DELETE SET NULL,
  CONSTRAINT `medical_holds_client_id_foreign` FOREIGN KEY (`client_id`) REFERENCES `clients` (`id`) ON DELETE CASCADE,
  CONSTRAINT `medical_holds_created_by_foreign` FOREIGN KEY (`created_by`) REFERENCES `users` (`id`) ON DELETE CASCADE,
  CONSTRAINT `medical_holds_triage_id_foreign` FOREIGN KEY (`triage_id`) REFERENCES `triages` (`id`) ON DELETE SET NULL,
  CONSTRAINT `medical_holds_visit_id_foreign` FOREIGN KEY (`visit_id`) REFERENCES `visits` (`id`) ON DELETE CASCADE
) ENGINE=InnoDB DEFAULT CHARSET=utf8mb4 COLLATE=utf8mb4_unicode_ci;


DROP TABLE IF EXISTS `medical_holds1`;
CREATE TABLE `medical_holds1` (
  `id` bigint unsigned NOT NULL AUTO_INCREMENT,
  `visit_id` bigint unsigned NOT NULL,
  `client_id` bigint unsigned NOT NULL,
  `triage_id` bigint unsigned DEFAULT NULL,
  `hold_type` enum('medical_review','emergency_referral','specialist_consultation','awaiting_results','other') COLLATE utf8mb4_unicode_ci NOT NULL,
  `reason` text COLLATE utf8mb4_unicode_ci NOT NULL,
  `urgency` enum('routine','urgent','emergency') COLLATE utf8mb4_unicode_ci NOT NULL DEFAULT 'routine',
  `actions_required` text COLLATE utf8mb4_unicode_ci,
  `status` enum('active','under_review','resolved','cancelled') COLLATE utf8mb4_unicode_ci NOT NULL DEFAULT 'active',
  `placed_by` bigint unsigned NOT NULL,
  `placed_at` timestamp NOT NULL DEFAULT CURRENT_TIMESTAMP,
  `resolved_by` bigint unsigned DEFAULT NULL,
  `resolved_at` timestamp NULL DEFAULT NULL,
  `resolution_notes` text COLLATE utf8mb4_unicode_ci,
  `follow_up_actions` text COLLATE utf8mb4_unicode_ci,
  `created_at` timestamp NULL DEFAULT NULL,
  `updated_at` timestamp NULL DEFAULT NULL,
  `deleted_at` timestamp NULL DEFAULT NULL,
  PRIMARY KEY (`id`)
) ENGINE=InnoDB DEFAULT CHARSET=utf8mb4 COLLATE=utf8mb4_unicode_ci;


DROP TABLE IF EXISTS `migrations`;
CREATE TABLE `migrations` (
  `id` int unsigned NOT NULL AUTO_INCREMENT,
  `migration` varchar(255) COLLATE utf8mb4_unicode_ci NOT NULL,
  `batch` int NOT NULL,
  PRIMARY KEY (`id`)
) ENGINE=InnoDB DEFAULT CHARSET=utf8mb4 COLLATE=utf8mb4_unicode_ci;

INSERT INTO `migrations` (`id`, `migration`, `batch`) VALUES
(1,	'0001_01_01_000000_create_users_table',	1),
(2,	'0001_01_01_000001_create_cache_table',	1),
(3,	'0001_01_01_000002_create_jobs_table',	1),
(5,	'2025_11_11_192143_create_activity_log_table',	2),
(6,	'2025_11_11_192144_add_event_column_to_activity_log_table',	2),
(7,	'2025_11_11_192145_add_batch_uuid_column_to_activity_log_table',	2),
(8,	'2025_11_11_191230_create_permission_tables',	3),
(9,	'2025_11_11_202514_create_branches_table',	4),
(10,	'2025_11_11_202531_create_departments_table',	4),
(11,	'2025_11_11_202616_add_branch_and_status_to_users_table',	4),
(12,	'2025_11_11_202626_create_clients_table',	4),
(13,	'2025_11_11_202652_create_client_addresses_table',	4),
(14,	'2025_11_11_202707_create_client_contacts_table',	4),
(15,	'2025_11_11_202730_create_client_documents_table',	4),
(16,	'2025_11_11_202747_create_client_allergies_table',	4),
(17,	'2025_11_11_202825_create_visits_table',	4),
(18,	'2025_11_11_202838_create_visit_stages_table',	4),
(19,	'2025_11_11_202857_create_triages_table',	4),
(20,	'2025_11_11_202908_create_triage_red_flags_table',	4),
(21,	'2025_11_11_202917_create_intake_assessments_table',	4),
(22,	'2025_11_11_202935_create_functional_screenings_table',	4),
(23,	'2025_11_11_202947_create_services_table',	4),
(24,	'2025_11_11_202957_create_service_bookings_table',	4),
(25,	'2025_11_11_205236_create_invoices_table',	4),
(26,	'2025_11_11_205245_create_invoice_items_table',	4),
(27,	'2025_11_11_205254_create_payments_table',	4),
(28,	'2025_11_11_205304_create_receipts_table',	4),
(29,	'2025_11_11_205313_create_queues_table',	4),
(30,	'2025_11_12_052625_create_queue_entries_table',	4),
(31,	'2025_11_12_052641_create_queue_history_table',	4),
(32,	'2025_11_12_052730_create_service_sessions_table',	4),
(33,	'2025_11_12_052744_create_service_notes_table',	4),
(35,	'2025_11_12_052803_create_crisis_incidents_table',	4),
(36,	'2025_11_12_052815_create_assessment_form_schemas_table',	4),
(37,	'2025_11_12_052823_create_assessment_form_responses_table',	4),
(38,	'2025_11_12_052850_create_system_alerts_table',	4),
(39,	'2025_11_12_052907_create_system_settings_table',	4),
(40,	'2025_11_12_052927_create_data_sync_logs_table',	4),
(41,	'2025_11_12_061131_update_clients_table_add_communication_columns_table',	4),
(42,	'2025_11_12_061516_create_client_disabilities_table',	4),
(43,	'2025_11_12_061600_create_client_socio_demographics_table',	4),
(44,	'2025_11_12_061644_create_client_education_table',	4),
(45,	'2025_11_12_061811_create_client_medical_history_table',	4),
(46,	'2025_11_12_061919_update_allergies_medical_reaction_table',	4),
(47,	'2025_11_12_062028_create_counties_table',	4),
(48,	'2025_11_12_062035_create_sub_counties_table',	4),
(49,	'2025_11_12_062043_create_ward_table',	4),
(50,	'2025_11_12_062229_update_add_location_to_clients_table',	4),
(51,	'2025_11_12_062331_update_client_address_table',	4),
(52,	'2025_11_12_062414_update_branches_table',	4),
(53,	'2025_11_13_053532_update_and_enhance_service_bookings',	5),
(54,	'2025_11_13_053551_update_and_enhance_invoice_items',	6),
(55,	'2025_11_13_053609_update_and_enhance_queue_entries',	7),
(56,	'2025_11_14_072527_create_insurance_providers_table',	8),
(57,	'2025_11_14_072612_create_service_insurance_prices_table',	9),
(58,	'2025_11_14_072830_create_client_insurances_table',	9),
(59,	'2025_11_14_072958_update_phase_1_3_with_workflow_gaps',	10),
(60,	'2025_11_20_153829_add_payment_enhancement',	11),
(61,	'2025_11_20_154739_update_triage_fiels_for_safety_check',	12),
(62,	'2025_11_12_052752_create_medical_holds_table',	13),
(63,	'2025_11_20_160402_update_triage_entries_to_add_fields',	14),
(64,	'2025_11_24_160431_create_dynamic_form_builder_table',	15),
(65,	'2026_01_30_053636_service_point_verifications',	16),
(66,	'2026_02_05_080134_create_appointments_table',	17),
(67,	'2026_02_05_080241_create_service_request_table',	18),
(68,	'2026_02_05_080339_create_internal_referrals_table',	19),
(69,	'2026_02_05_080347_create_external_referrals_table',	19),
(70,	'2026_02_05_080402_create_school_placement_table',	19);

DROP TABLE IF EXISTS `model_has_permissions`;
CREATE TABLE `model_has_permissions` (
  `permission_id` bigint unsigned NOT NULL,
  `model_type` varchar(255) COLLATE utf8mb4_unicode_ci NOT NULL,
  `model_id` bigint unsigned NOT NULL,
  PRIMARY KEY (`permission_id`,`model_id`,`model_type`),
  KEY `model_has_permissions_model_id_model_type_index` (`model_id`,`model_type`),
  CONSTRAINT `model_has_permissions_permission_id_foreign` FOREIGN KEY (`permission_id`) REFERENCES `permissions` (`id`) ON DELETE CASCADE
) ENGINE=InnoDB DEFAULT CHARSET=utf8mb4 COLLATE=utf8mb4_unicode_ci;


DROP TABLE IF EXISTS `model_has_roles`;
CREATE TABLE `model_has_roles` (
  `role_id` bigint unsigned NOT NULL,
  `model_type` varchar(255) COLLATE utf8mb4_unicode_ci NOT NULL,
  `model_id` bigint unsigned NOT NULL,
  PRIMARY KEY (`role_id`,`model_id`,`model_type`),
  KEY `model_has_roles_model_id_model_type_index` (`model_id`,`model_type`),
  CONSTRAINT `model_has_roles_role_id_foreign` FOREIGN KEY (`role_id`) REFERENCES `roles` (`id`) ON DELETE CASCADE
) ENGINE=InnoDB DEFAULT CHARSET=utf8mb4 COLLATE=utf8mb4_unicode_ci;

INSERT INTO `model_has_roles` (`role_id`, `model_type`, `model_id`) VALUES
(1,	'App\\Models\\User',	2),
(1,	'App\\Models\\User',	4),
(2,	'App\\Models\\User',	5),
(4,	'App\\Models\\User',	6),
(5,	'App\\Models\\User',	7),
(6,	'App\\Models\\User',	8),
(7,	'App\\Models\\User',	11);

DROP TABLE IF EXISTS `password_reset_tokens`;
CREATE TABLE `password_reset_tokens` (
  `email` varchar(255) COLLATE utf8mb4_unicode_ci NOT NULL,
  `token` varchar(255) COLLATE utf8mb4_unicode_ci NOT NULL,
  `created_at` timestamp NULL DEFAULT NULL,
  PRIMARY KEY (`email`)
) ENGINE=InnoDB DEFAULT CHARSET=utf8mb4 COLLATE=utf8mb4_unicode_ci;


DROP TABLE IF EXISTS `payments`;
CREATE TABLE `payments` (
  `id` bigint unsigned NOT NULL AUTO_INCREMENT,
  `payment_number` varchar(50) CHARACTER SET utf8mb4 COLLATE utf8mb4_unicode_ci DEFAULT NULL,
  `invoice_id` bigint unsigned DEFAULT NULL,
  `visit_id` bigint unsigned DEFAULT NULL,
  `transaction_id` bigint unsigned DEFAULT NULL,
  `client_id` bigint unsigned DEFAULT NULL,
  `branch_id` bigint unsigned DEFAULT NULL,
  `payment_method` enum('cash','mpesa','bank_transfer','cheque','card','sha','ncpwd','nhif','other') CHARACTER SET utf8mb4 COLLATE utf8mb4_unicode_ci DEFAULT NULL,
  `amount_paid` decimal(10,2) DEFAULT NULL,
  `mpesa_receipt_number` varchar(100) CHARACTER SET utf8mb4 COLLATE utf8mb4_unicode_ci DEFAULT NULL,
  `reference_number` varchar(100) CHARACTER SET utf8mb4 COLLATE utf8mb4_unicode_ci DEFAULT NULL,
  `payment_date` datetime DEFAULT NULL,
  `payer_name` varchar(200) COLLATE utf8mb4_unicode_ci DEFAULT NULL,
  `payer_phone` varchar(20) COLLATE utf8mb4_unicode_ci DEFAULT NULL,
  `notes` text CHARACTER SET utf8mb4 COLLATE utf8mb4_unicode_ci,
  `payment_details` json DEFAULT NULL,
  `status` enum('pending','completed','failed','refunded') CHARACTER SET utf8mb4 COLLATE utf8mb4_unicode_ci DEFAULT 'completed',
  `received_by` bigint unsigned DEFAULT NULL,
  `received_at` timestamp NULL DEFAULT CURRENT_TIMESTAMP,
  `processed_by` bigint DEFAULT NULL,
  `refunded_at` timestamp NULL DEFAULT NULL,
  `refunded_by` bigint unsigned DEFAULT NULL,
  `refund_reason` text COLLATE utf8mb4_unicode_ci,
  `created_at` timestamp NULL DEFAULT NULL,
  `updated_at` timestamp NULL DEFAULT NULL,
  `deleted_at` timestamp NULL DEFAULT NULL,
  `payment_breakdown` json DEFAULT NULL COMMENT 'Array of payment methods: [{"method": "cash", "amount": 500}, {"method": "mpesa", "amount": 300}]',
  `is_client_portion` tinyint(1) DEFAULT '1' COMMENT 'Whether this is client portion of split invoice',
  PRIMARY KEY (`id`),
  UNIQUE KEY `payments_payment_number_unique` (`payment_number`),
  KEY `payments_received_by_foreign` (`received_by`),
  KEY `payments_refunded_by_foreign` (`refunded_by`),
  KEY `payments_payment_number_index` (`payment_number`),
  KEY `payments_invoice_id_index` (`invoice_id`),
  KEY `payments_visit_id_index` (`visit_id`),
  KEY `payments_client_id_index` (`client_id`),
  KEY `payments_branch_id_index` (`branch_id`),
  KEY `payments_payment_method_index` (`payment_method`),
  KEY `payments_status_index` (`status`),
  KEY `payments_received_at_index` (`received_at`),
  KEY `idx_payments_client_portion` (`is_client_portion`),
  CONSTRAINT `payments_branch_id_foreign` FOREIGN KEY (`branch_id`) REFERENCES `branches` (`id`) ON DELETE CASCADE,
  CONSTRAINT `payments_client_id_foreign` FOREIGN KEY (`client_id`) REFERENCES `clients` (`id`) ON DELETE CASCADE,
  CONSTRAINT `payments_invoice_id_foreign` FOREIGN KEY (`invoice_id`) REFERENCES `invoices` (`id`) ON DELETE RESTRICT,
  CONSTRAINT `payments_received_by_foreign` FOREIGN KEY (`received_by`) REFERENCES `users` (`id`) ON DELETE CASCADE,
  CONSTRAINT `payments_refunded_by_foreign` FOREIGN KEY (`refunded_by`) REFERENCES `users` (`id`) ON DELETE SET NULL,
  CONSTRAINT `payments_visit_id_foreign` FOREIGN KEY (`visit_id`) REFERENCES `visits` (`id`) ON DELETE CASCADE
) ENGINE=InnoDB DEFAULT CHARSET=utf8mb4 COLLATE=utf8mb4_unicode_ci;

INSERT INTO `payments` (`id`, `payment_number`, `invoice_id`, `visit_id`, `transaction_id`, `client_id`, `branch_id`, `payment_method`, `amount_paid`, `mpesa_receipt_number`, `reference_number`, `payment_date`, `payer_name`, `payer_phone`, `notes`, `payment_details`, `status`, `received_by`, `received_at`, `processed_by`, `refunded_at`, `refunded_by`, `refund_reason`, `created_at`, `updated_at`, `deleted_at`, `payment_breakdown`, `is_client_portion`) VALUES
(1,	NULL,	5,	NULL,	NULL,	9,	1,	'cash',	2000.00,	NULL,	'RCP-20260127-00001',	'2026-01-27 16:55:33',	NULL,	NULL,	NULL,	NULL,	'completed',	NULL,	'2026-01-27 16:55:33',	8,	NULL,	NULL,	NULL,	'2026-01-27 13:55:33',	'2026-01-27 13:55:33',	NULL,	NULL,	1),
(2,	NULL,	9,	14,	NULL,	10,	1,	'cash',	1200.00,	NULL,	NULL,	'2026-01-29 18:45:36',	NULL,	NULL,	'Hybrid payment - Cash',	NULL,	'completed',	NULL,	'2026-01-29 18:45:36',	8,	NULL,	NULL,	NULL,	'2026-01-29 15:45:36',	'2026-01-29 15:45:36',	NULL,	NULL,	1),
(3,	NULL,	9,	14,	NULL,	10,	1,	'cash',	1200.00,	NULL,	NULL,	'2026-01-29 18:46:57',	NULL,	NULL,	'Hybrid payment - Cash',	NULL,	'completed',	NULL,	'2026-01-29 18:46:57',	8,	NULL,	NULL,	NULL,	'2026-01-29 15:46:57',	'2026-01-29 15:46:57',	NULL,	NULL,	1),
(4,	NULL,	9,	14,	NULL,	10,	1,	'cash',	1200.00,	NULL,	NULL,	'2026-01-29 18:47:55',	NULL,	NULL,	'Hybrid payment - Cash',	NULL,	'completed',	NULL,	'2026-01-29 18:47:55',	8,	NULL,	NULL,	NULL,	'2026-01-29 15:47:55',	'2026-01-29 15:47:55',	NULL,	NULL,	1),
(5,	NULL,	6,	5,	NULL,	5,	1,	'cash',	4000.00,	NULL,	NULL,	'2026-01-30 15:54:06',	NULL,	NULL,	'Hybrid payment - Cash',	NULL,	'completed',	NULL,	'2026-01-30 15:54:06',	8,	NULL,	NULL,	NULL,	'2026-01-30 12:54:06',	'2026-01-30 12:54:06',	NULL,	NULL,	1),
(6,	NULL,	6,	5,	NULL,	5,	1,	'cash',	4000.00,	NULL,	NULL,	'2026-01-30 16:00:30',	NULL,	NULL,	'Hybrid payment - Cash',	NULL,	'completed',	NULL,	'2026-01-30 16:00:30',	8,	NULL,	NULL,	NULL,	'2026-01-30 13:00:30',	'2026-01-30 13:00:30',	NULL,	NULL,	1),
(7,	NULL,	6,	5,	NULL,	5,	1,	'cash',	4000.00,	NULL,	NULL,	'2026-01-30 16:11:45',	NULL,	NULL,	'Hybrid payment - Cash',	NULL,	'completed',	NULL,	'2026-01-30 16:11:45',	8,	NULL,	NULL,	NULL,	'2026-01-30 13:11:45',	'2026-01-30 13:11:45',	NULL,	NULL,	1),
(8,	NULL,	6,	5,	NULL,	5,	1,	'cash',	4000.00,	NULL,	NULL,	'2026-01-30 16:13:21',	NULL,	NULL,	'Hybrid payment - Cash',	NULL,	'completed',	NULL,	'2026-01-30 16:13:21',	8,	NULL,	NULL,	NULL,	'2026-01-30 13:13:21',	'2026-01-30 13:13:21',	NULL,	NULL,	1),
(9,	NULL,	6,	5,	NULL,	5,	1,	'cash',	4000.00,	NULL,	NULL,	'2026-01-30 16:18:00',	NULL,	NULL,	'Hybrid payment - Cash',	NULL,	'completed',	NULL,	'2026-01-30 16:18:00',	8,	NULL,	NULL,	NULL,	'2026-01-30 13:18:00',	'2026-01-30 13:18:00',	NULL,	NULL,	1),
(10,	NULL,	6,	5,	NULL,	5,	1,	'cash',	4000.00,	NULL,	NULL,	'2026-01-30 16:28:17',	NULL,	NULL,	'Hybrid payment - Cash',	NULL,	'completed',	NULL,	'2026-01-30 16:28:17',	8,	NULL,	NULL,	NULL,	'2026-01-30 13:28:17',	'2026-01-30 13:28:17',	NULL,	NULL,	1),
(11,	NULL,	6,	5,	NULL,	5,	1,	'cash',	4000.00,	NULL,	NULL,	'2026-01-30 16:29:46',	NULL,	NULL,	'Hybrid payment - Cash',	NULL,	'completed',	NULL,	'2026-01-30 16:29:46',	8,	NULL,	NULL,	NULL,	'2026-01-30 13:29:46',	'2026-01-30 13:29:46',	NULL,	NULL,	1),
(12,	NULL,	10,	15,	NULL,	11,	1,	'cash',	2000.00,	NULL,	NULL,	'2026-02-04 16:38:09',	NULL,	NULL,	'Hybrid payment - Cash',	NULL,	'completed',	NULL,	'2026-02-04 16:38:09',	6,	NULL,	NULL,	NULL,	'2026-02-04 13:38:09',	'2026-02-04 13:38:09',	NULL,	NULL,	1),
(13,	NULL,	11,	16,	NULL,	12,	1,	'cash',	1000.00,	NULL,	NULL,	'2026-02-05 19:26:07',	NULL,	NULL,	'Hybrid payment - Cash',	NULL,	'completed',	NULL,	'2026-02-05 19:26:07',	8,	NULL,	NULL,	NULL,	'2026-02-05 16:26:07',	'2026-02-05 16:26:07',	NULL,	NULL,	1),
(14,	NULL,	11,	16,	NULL,	12,	1,	'cash',	1000.00,	NULL,	NULL,	'2026-02-05 19:55:26',	NULL,	NULL,	'Hybrid payment - Cash',	NULL,	'completed',	NULL,	'2026-02-05 19:55:26',	8,	NULL,	NULL,	NULL,	'2026-02-05 16:55:26',	'2026-02-05 16:55:26',	NULL,	NULL,	1),
(15,	NULL,	11,	16,	NULL,	12,	1,	'cash',	1000.00,	NULL,	NULL,	'2026-02-05 20:03:32',	NULL,	NULL,	'Hybrid payment - Cash',	NULL,	'completed',	NULL,	'2026-02-05 20:03:32',	8,	NULL,	NULL,	NULL,	'2026-02-05 17:03:32',	'2026-02-05 17:03:32',	NULL,	NULL,	1),
(18,	NULL,	11,	16,	NULL,	12,	1,	'cash',	1000.00,	NULL,	NULL,	'2026-02-05 20:12:46',	NULL,	NULL,	'Hybrid payment - Cash',	NULL,	'completed',	NULL,	'2026-02-05 20:12:46',	8,	NULL,	NULL,	NULL,	'2026-02-05 17:12:46',	'2026-02-05 17:12:46',	NULL,	NULL,	1),
(19,	NULL,	11,	16,	NULL,	12,	1,	'cash',	1000.00,	NULL,	NULL,	'2026-02-05 20:16:17',	NULL,	NULL,	'Hybrid payment - Cash',	NULL,	'completed',	NULL,	'2026-02-05 20:16:17',	8,	NULL,	NULL,	NULL,	'2026-02-05 17:16:17',	'2026-02-05 17:16:17',	NULL,	NULL,	1),
(38,	NULL,	11,	16,	NULL,	12,	NULL,	'cash',	1000.00,	NULL,	NULL,	'2026-02-06 04:49:24',	NULL,	NULL,	'Hybrid payment - Cash',	NULL,	'completed',	NULL,	'2026-02-06 04:49:24',	1,	NULL,	NULL,	NULL,	'2026-02-06 01:49:24',	'2026-02-06 01:49:24',	NULL,	NULL,	1),
(39,	NULL,	11,	16,	NULL,	12,	NULL,	'cash',	1000.00,	NULL,	NULL,	'2026-02-06 05:31:46',	NULL,	NULL,	'Hybrid payment - Cash',	NULL,	'completed',	NULL,	'2026-02-06 05:31:46',	1,	NULL,	NULL,	NULL,	'2026-02-06 02:31:46',	'2026-02-06 02:31:46',	NULL,	NULL,	1),
(40,	NULL,	11,	16,	NULL,	12,	NULL,	'cash',	1000.00,	NULL,	NULL,	'2026-02-06 06:04:46',	NULL,	NULL,	'Hybrid payment - Cash',	NULL,	'completed',	NULL,	'2026-02-06 06:04:46',	1,	NULL,	NULL,	NULL,	'2026-02-06 03:04:46',	'2026-02-06 03:04:46',	NULL,	NULL,	1),
(42,	NULL,	11,	16,	NULL,	12,	NULL,	'cash',	1000.00,	NULL,	NULL,	'2026-02-06 06:10:45',	NULL,	NULL,	'Hybrid payment - Cash',	NULL,	'completed',	NULL,	'2026-02-06 06:10:45',	1,	NULL,	NULL,	NULL,	'2026-02-06 03:10:45',	'2026-02-06 03:10:45',	NULL,	NULL,	1),
(43,	NULL,	11,	16,	NULL,	12,	NULL,	'cash',	1000.00,	NULL,	NULL,	'2026-02-06 06:19:25',	NULL,	NULL,	'Hybrid payment - Cash',	NULL,	'completed',	NULL,	'2026-02-06 06:19:25',	1,	NULL,	NULL,	NULL,	'2026-02-06 03:19:25',	'2026-02-06 03:19:25',	NULL,	NULL,	1),
(44,	NULL,	11,	16,	NULL,	12,	NULL,	'cash',	1000.00,	NULL,	NULL,	'2026-02-06 06:25:24',	NULL,	NULL,	'Hybrid payment - Cash',	NULL,	'completed',	NULL,	'2026-02-06 06:25:24',	1,	NULL,	NULL,	NULL,	'2026-02-06 03:25:24',	'2026-02-06 03:25:24',	NULL,	NULL,	1),
(45,	NULL,	11,	16,	NULL,	12,	NULL,	'cash',	1000.00,	NULL,	NULL,	'2026-02-06 06:29:55',	NULL,	NULL,	'Hybrid payment - Cash',	NULL,	'completed',	NULL,	'2026-02-06 06:29:55',	1,	NULL,	NULL,	NULL,	'2026-02-06 03:29:55',	'2026-02-06 03:29:55',	NULL,	NULL,	1),
(46,	NULL,	12,	17,	NULL,	13,	1,	'cash',	800.00,	NULL,	NULL,	'2026-02-18 05:44:41',	NULL,	NULL,	'Hybrid payment - Cash',	NULL,	'completed',	NULL,	'2026-02-18 05:44:41',	11,	NULL,	NULL,	NULL,	'2026-02-18 02:44:41',	'2026-02-18 02:44:41',	NULL,	NULL,	1),
(47,	NULL,	13,	18,	NULL,	14,	1,	'cash',	1800.00,	NULL,	NULL,	'2026-02-18 06:49:18',	NULL,	NULL,	'Hybrid payment - Cash',	NULL,	'completed',	NULL,	'2026-02-18 06:49:18',	11,	NULL,	NULL,	NULL,	'2026-02-18 03:49:18',	'2026-02-18 03:49:18',	NULL,	NULL,	1),
(48,	NULL,	14,	19,	NULL,	15,	1,	'cash',	1000.00,	NULL,	NULL,	'2026-02-19 07:16:46',	NULL,	NULL,	'Hybrid payment - Cash',	NULL,	'completed',	NULL,	'2026-02-19 07:16:46',	11,	NULL,	NULL,	NULL,	'2026-02-19 04:16:46',	'2026-02-19 04:16:46',	NULL,	NULL,	1);

DROP TABLE IF EXISTS `permissions`;
CREATE TABLE `permissions` (
  `id` bigint unsigned NOT NULL AUTO_INCREMENT,
  `name` varchar(255) COLLATE utf8mb4_unicode_ci NOT NULL,
  `guard_name` varchar(255) COLLATE utf8mb4_unicode_ci NOT NULL,
  `created_at` timestamp NULL DEFAULT NULL,
  `updated_at` timestamp NULL DEFAULT NULL,
  PRIMARY KEY (`id`),
  UNIQUE KEY `permissions_name_guard_name_unique` (`name`,`guard_name`)
) ENGINE=InnoDB DEFAULT CHARSET=utf8mb4 COLLATE=utf8mb4_unicode_ci;

INSERT INTO `permissions` (`id`, `name`, `guard_name`, `created_at`, `updated_at`) VALUES
(1,	'ViewAny:Role',	'web',	'2025-11-11 16:38:51',	'2025-11-11 16:38:51'),
(2,	'View:Role',	'web',	'2025-11-11 16:38:51',	'2025-11-11 16:38:51'),
(3,	'Create:Role',	'web',	'2025-11-11 16:38:51',	'2025-11-11 16:38:51'),
(4,	'Update:Role',	'web',	'2025-11-11 16:38:51',	'2025-11-11 16:38:51'),
(5,	'Delete:Role',	'web',	'2025-11-11 16:38:51',	'2025-11-11 16:38:51'),
(6,	'Restore:Role',	'web',	'2025-11-11 16:38:51',	'2025-11-11 16:38:51'),
(7,	'ForceDelete:Role',	'web',	'2025-11-11 16:38:51',	'2025-11-11 16:38:51'),
(8,	'ForceDeleteAny:Role',	'web',	'2025-11-11 16:38:51',	'2025-11-11 16:38:51'),
(9,	'RestoreAny:Role',	'web',	'2025-11-11 16:38:51',	'2025-11-11 16:38:51'),
(10,	'Replicate:Role',	'web',	'2025-11-11 16:38:51',	'2025-11-11 16:38:51'),
(11,	'Reorder:Role',	'web',	'2025-11-11 16:38:51',	'2025-11-11 16:38:51'),
(12,	'view_clients',	'web',	'2025-11-13 03:22:04',	'2025-11-13 03:22:04'),
(13,	'create_clients',	'web',	'2025-11-13 03:22:04',	'2025-11-13 03:22:04'),
(14,	'edit_clients',	'web',	'2025-11-13 03:22:04',	'2025-11-13 03:22:04'),
(15,	'delete_clients',	'web',	'2025-11-13 03:22:04',	'2025-11-13 03:22:04'),
(16,	'view_visits',	'web',	'2025-11-13 03:22:04',	'2025-11-13 03:22:04'),
(17,	'create_visits',	'web',	'2025-11-13 03:22:04',	'2025-11-13 03:22:04'),
(18,	'edit_visits',	'web',	'2025-11-13 03:22:04',	'2025-11-13 03:22:04'),
(19,	'delete_visits',	'web',	'2025-11-13 03:22:04',	'2025-11-13 03:22:04'),
(20,	'view_triage',	'web',	'2025-11-13 03:22:04',	'2025-11-13 03:22:04'),
(21,	'create_triage',	'web',	'2025-11-13 03:22:04',	'2025-11-13 03:22:04'),
(22,	'edit_triage',	'web',	'2025-11-13 03:22:04',	'2025-11-13 03:22:04'),
(23,	'view_intake',	'web',	'2025-11-13 03:22:04',	'2025-11-13 03:22:04'),
(24,	'create_intake',	'web',	'2025-11-13 03:22:04',	'2025-11-13 03:22:04'),
(25,	'edit_intake',	'web',	'2025-11-13 03:22:04',	'2025-11-13 03:22:04'),
(26,	'view_services',	'web',	'2025-11-13 03:22:04',	'2025-11-13 03:22:04'),
(27,	'create_services',	'web',	'2025-11-13 03:22:04',	'2025-11-13 03:22:04'),
(28,	'edit_services',	'web',	'2025-11-13 03:22:04',	'2025-11-13 03:22:04'),
(29,	'view_invoices',	'web',	'2025-11-13 03:22:04',	'2025-11-13 03:22:04'),
(30,	'create_invoices',	'web',	'2025-11-13 03:22:04',	'2025-11-13 03:22:04'),
(31,	'approve_invoices',	'web',	'2025-11-13 03:22:04',	'2025-11-13 03:22:04'),
(32,	'view_payments',	'web',	'2025-11-13 03:22:04',	'2025-11-13 03:22:04'),
(33,	'create_payments',	'web',	'2025-11-13 03:22:04',	'2025-11-13 03:22:04'),
(34,	'refund_payments',	'web',	'2025-11-13 03:22:04',	'2025-11-13 03:22:04'),
(35,	'view_queues',	'web',	'2025-11-13 03:22:04',	'2025-11-13 03:22:04'),
(36,	'manage_queues',	'web',	'2025-11-13 03:22:04',	'2025-11-13 03:22:04'),
(37,	'view_reports',	'web',	'2025-11-13 03:22:04',	'2025-11-13 03:22:04'),
(38,	'view_analytics',	'web',	'2025-11-13 03:22:04',	'2025-11-13 03:22:04'),
(39,	'manage_settings',	'web',	'2025-11-13 03:22:04',	'2025-11-13 03:22:04'),
(40,	'manage_users',	'web',	'2025-11-13 03:22:04',	'2025-11-13 03:22:04'),
(41,	'view_role',	'web',	'2025-11-15 02:12:59',	'2025-11-15 02:12:59'),
(42,	'view_any_role',	'web',	'2025-11-15 02:12:59',	'2025-11-15 02:12:59'),
(43,	'create_role',	'web',	'2025-11-15 02:12:59',	'2025-11-15 02:12:59'),
(44,	'update_role',	'web',	'2025-11-15 02:12:59',	'2025-11-15 02:12:59'),
(45,	'delete_role',	'web',	'2025-11-15 02:12:59',	'2025-11-15 02:12:59'),
(46,	'delete_any_role',	'web',	'2025-11-15 02:12:59',	'2025-11-15 02:12:59'),
(47,	'view_billing',	'web',	'2026-02-19 02:24:01',	'2026-02-19 02:24:01'),
(48,	'view_any_billing',	'web',	'2026-02-19 02:24:01',	'2026-02-19 02:24:01'),
(49,	'create_billing',	'web',	'2026-02-19 02:24:01',	'2026-02-19 02:24:01'),
(50,	'update_billing',	'web',	'2026-02-19 02:24:01',	'2026-02-19 02:24:01'),
(51,	'restore_billing',	'web',	'2026-02-19 02:24:01',	'2026-02-19 02:24:01'),
(52,	'restore_any_billing',	'web',	'2026-02-19 02:24:01',	'2026-02-19 02:24:01'),
(53,	'replicate_billing',	'web',	'2026-02-19 02:24:01',	'2026-02-19 02:24:01'),
(54,	'reorder_billing',	'web',	'2026-02-19 02:24:01',	'2026-02-19 02:24:01'),
(55,	'delete_billing',	'web',	'2026-02-19 02:24:01',	'2026-02-19 02:24:01'),
(56,	'delete_any_billing',	'web',	'2026-02-19 02:24:01',	'2026-02-19 02:24:01'),
(57,	'force_delete_billing',	'web',	'2026-02-19 02:24:01',	'2026-02-19 02:24:01'),
(58,	'force_delete_any_billing',	'web',	'2026-02-19 02:24:01',	'2026-02-19 02:24:01'),
(59,	'view_branch',	'web',	'2026-02-19 02:24:01',	'2026-02-19 02:24:01'),
(60,	'view_any_branch',	'web',	'2026-02-19 02:24:01',	'2026-02-19 02:24:01'),
(61,	'create_branch',	'web',	'2026-02-19 02:24:01',	'2026-02-19 02:24:01'),
(62,	'update_branch',	'web',	'2026-02-19 02:24:01',	'2026-02-19 02:24:01'),
(63,	'restore_branch',	'web',	'2026-02-19 02:24:01',	'2026-02-19 02:24:01'),
(64,	'restore_any_branch',	'web',	'2026-02-19 02:24:01',	'2026-02-19 02:24:01'),
(65,	'replicate_branch',	'web',	'2026-02-19 02:24:01',	'2026-02-19 02:24:01'),
(66,	'reorder_branch',	'web',	'2026-02-19 02:24:01',	'2026-02-19 02:24:01'),
(67,	'delete_branch',	'web',	'2026-02-19 02:24:01',	'2026-02-19 02:24:01'),
(68,	'delete_any_branch',	'web',	'2026-02-19 02:24:01',	'2026-02-19 02:24:01'),
(69,	'force_delete_branch',	'web',	'2026-02-19 02:24:01',	'2026-02-19 02:24:01'),
(70,	'force_delete_any_branch',	'web',	'2026-02-19 02:24:01',	'2026-02-19 02:24:01'),
(71,	'view_cashier::queue',	'web',	'2026-02-19 02:24:01',	'2026-02-19 02:24:01'),
(72,	'view_any_cashier::queue',	'web',	'2026-02-19 02:24:01',	'2026-02-19 02:24:01'),
(73,	'create_cashier::queue',	'web',	'2026-02-19 02:24:01',	'2026-02-19 02:24:01'),
(74,	'update_cashier::queue',	'web',	'2026-02-19 02:24:01',	'2026-02-19 02:24:01'),
(75,	'restore_cashier::queue',	'web',	'2026-02-19 02:24:01',	'2026-02-19 02:24:01'),
(76,	'restore_any_cashier::queue',	'web',	'2026-02-19 02:24:01',	'2026-02-19 02:24:01'),
(77,	'replicate_cashier::queue',	'web',	'2026-02-19 02:24:01',	'2026-02-19 02:24:01'),
(78,	'reorder_cashier::queue',	'web',	'2026-02-19 02:24:01',	'2026-02-19 02:24:01'),
(79,	'delete_cashier::queue',	'web',	'2026-02-19 02:24:01',	'2026-02-19 02:24:01'),
(80,	'delete_any_cashier::queue',	'web',	'2026-02-19 02:24:01',	'2026-02-19 02:24:01'),
(81,	'force_delete_cashier::queue',	'web',	'2026-02-19 02:24:01',	'2026-02-19 02:24:01'),
(82,	'force_delete_any_cashier::queue',	'web',	'2026-02-19 02:24:01',	'2026-02-19 02:24:01'),
(83,	'view_client',	'web',	'2026-02-19 02:24:01',	'2026-02-19 02:24:01'),
(84,	'view_any_client',	'web',	'2026-02-19 02:24:01',	'2026-02-19 02:24:01'),
(85,	'create_client',	'web',	'2026-02-19 02:24:01',	'2026-02-19 02:24:01'),
(86,	'update_client',	'web',	'2026-02-19 02:24:01',	'2026-02-19 02:24:01'),
(87,	'restore_client',	'web',	'2026-02-19 02:24:01',	'2026-02-19 02:24:01'),
(88,	'restore_any_client',	'web',	'2026-02-19 02:24:01',	'2026-02-19 02:24:01'),
(89,	'replicate_client',	'web',	'2026-02-19 02:24:01',	'2026-02-19 02:24:01'),
(90,	'reorder_client',	'web',	'2026-02-19 02:24:01',	'2026-02-19 02:24:01'),
(91,	'delete_client',	'web',	'2026-02-19 02:24:01',	'2026-02-19 02:24:01'),
(92,	'delete_any_client',	'web',	'2026-02-19 02:24:01',	'2026-02-19 02:24:01'),
(93,	'force_delete_client',	'web',	'2026-02-19 02:24:01',	'2026-02-19 02:24:01'),
(94,	'force_delete_any_client',	'web',	'2026-02-19 02:24:01',	'2026-02-19 02:24:01'),
(95,	'view_county',	'web',	'2026-02-19 02:24:01',	'2026-02-19 02:24:01'),
(96,	'view_any_county',	'web',	'2026-02-19 02:24:01',	'2026-02-19 02:24:01'),
(97,	'create_county',	'web',	'2026-02-19 02:24:01',	'2026-02-19 02:24:01'),
(98,	'update_county',	'web',	'2026-02-19 02:24:01',	'2026-02-19 02:24:01'),
(99,	'restore_county',	'web',	'2026-02-19 02:24:01',	'2026-02-19 02:24:01'),
(100,	'restore_any_county',	'web',	'2026-02-19 02:24:01',	'2026-02-19 02:24:01'),
(101,	'replicate_county',	'web',	'2026-02-19 02:24:01',	'2026-02-19 02:24:01'),
(102,	'reorder_county',	'web',	'2026-02-19 02:24:01',	'2026-02-19 02:24:01'),
(103,	'delete_county',	'web',	'2026-02-19 02:24:01',	'2026-02-19 02:24:01'),
(104,	'delete_any_county',	'web',	'2026-02-19 02:24:01',	'2026-02-19 02:24:01'),
(105,	'force_delete_county',	'web',	'2026-02-19 02:24:01',	'2026-02-19 02:24:01'),
(106,	'force_delete_any_county',	'web',	'2026-02-19 02:24:01',	'2026-02-19 02:24:01'),
(107,	'view_department',	'web',	'2026-02-19 02:24:01',	'2026-02-19 02:24:01'),
(108,	'view_any_department',	'web',	'2026-02-19 02:24:01',	'2026-02-19 02:24:01'),
(109,	'create_department',	'web',	'2026-02-19 02:24:01',	'2026-02-19 02:24:01'),
(110,	'update_department',	'web',	'2026-02-19 02:24:02',	'2026-02-19 02:24:02'),
(111,	'restore_department',	'web',	'2026-02-19 02:24:02',	'2026-02-19 02:24:02'),
(112,	'restore_any_department',	'web',	'2026-02-19 02:24:02',	'2026-02-19 02:24:02'),
(113,	'replicate_department',	'web',	'2026-02-19 02:24:02',	'2026-02-19 02:24:02'),
(114,	'reorder_department',	'web',	'2026-02-19 02:24:02',	'2026-02-19 02:24:02'),
(115,	'delete_department',	'web',	'2026-02-19 02:24:02',	'2026-02-19 02:24:02'),
(116,	'delete_any_department',	'web',	'2026-02-19 02:24:02',	'2026-02-19 02:24:02'),
(117,	'force_delete_department',	'web',	'2026-02-19 02:24:02',	'2026-02-19 02:24:02'),
(118,	'force_delete_any_department',	'web',	'2026-02-19 02:24:02',	'2026-02-19 02:24:02'),
(119,	'view_dynamic::assessment',	'web',	'2026-02-19 02:24:02',	'2026-02-19 02:24:02'),
(120,	'view_any_dynamic::assessment',	'web',	'2026-02-19 02:24:02',	'2026-02-19 02:24:02'),
(121,	'create_dynamic::assessment',	'web',	'2026-02-19 02:24:02',	'2026-02-19 02:24:02'),
(122,	'update_dynamic::assessment',	'web',	'2026-02-19 02:24:02',	'2026-02-19 02:24:02'),
(123,	'restore_dynamic::assessment',	'web',	'2026-02-19 02:24:02',	'2026-02-19 02:24:02'),
(124,	'restore_any_dynamic::assessment',	'web',	'2026-02-19 02:24:02',	'2026-02-19 02:24:02'),
(125,	'replicate_dynamic::assessment',	'web',	'2026-02-19 02:24:02',	'2026-02-19 02:24:02'),
(126,	'reorder_dynamic::assessment',	'web',	'2026-02-19 02:24:02',	'2026-02-19 02:24:02'),
(127,	'delete_dynamic::assessment',	'web',	'2026-02-19 02:24:02',	'2026-02-19 02:24:02'),
(128,	'delete_any_dynamic::assessment',	'web',	'2026-02-19 02:24:02',	'2026-02-19 02:24:02'),
(129,	'force_delete_dynamic::assessment',	'web',	'2026-02-19 02:24:02',	'2026-02-19 02:24:02'),
(130,	'force_delete_any_dynamic::assessment',	'web',	'2026-02-19 02:24:02',	'2026-02-19 02:24:02'),
(131,	'view_insurance::batch::invoice',	'web',	'2026-02-19 02:24:02',	'2026-02-19 02:24:02'),
(132,	'view_any_insurance::batch::invoice',	'web',	'2026-02-19 02:24:02',	'2026-02-19 02:24:02'),
(133,	'create_insurance::batch::invoice',	'web',	'2026-02-19 02:24:02',	'2026-02-19 02:24:02'),
(134,	'update_insurance::batch::invoice',	'web',	'2026-02-19 02:24:02',	'2026-02-19 02:24:02'),
(135,	'restore_insurance::batch::invoice',	'web',	'2026-02-19 02:24:02',	'2026-02-19 02:24:02'),
(136,	'restore_any_insurance::batch::invoice',	'web',	'2026-02-19 02:24:02',	'2026-02-19 02:24:02'),
(137,	'replicate_insurance::batch::invoice',	'web',	'2026-02-19 02:24:02',	'2026-02-19 02:24:02'),
(138,	'reorder_insurance::batch::invoice',	'web',	'2026-02-19 02:24:02',	'2026-02-19 02:24:02'),
(139,	'delete_insurance::batch::invoice',	'web',	'2026-02-19 02:24:02',	'2026-02-19 02:24:02'),
(140,	'delete_any_insurance::batch::invoice',	'web',	'2026-02-19 02:24:02',	'2026-02-19 02:24:02'),
(141,	'force_delete_insurance::batch::invoice',	'web',	'2026-02-19 02:24:02',	'2026-02-19 02:24:02'),
(142,	'force_delete_any_insurance::batch::invoice',	'web',	'2026-02-19 02:24:02',	'2026-02-19 02:24:02'),
(143,	'view_insurance::claim',	'web',	'2026-02-19 02:24:02',	'2026-02-19 02:24:02'),
(144,	'view_any_insurance::claim',	'web',	'2026-02-19 02:24:02',	'2026-02-19 02:24:02'),
(145,	'create_insurance::claim',	'web',	'2026-02-19 02:24:02',	'2026-02-19 02:24:02'),
(146,	'update_insurance::claim',	'web',	'2026-02-19 02:24:02',	'2026-02-19 02:24:02'),
(147,	'restore_insurance::claim',	'web',	'2026-02-19 02:24:02',	'2026-02-19 02:24:02'),
(148,	'restore_any_insurance::claim',	'web',	'2026-02-19 02:24:02',	'2026-02-19 02:24:02'),
(149,	'replicate_insurance::claim',	'web',	'2026-02-19 02:24:02',	'2026-02-19 02:24:02'),
(150,	'reorder_insurance::claim',	'web',	'2026-02-19 02:24:02',	'2026-02-19 02:24:02'),
(151,	'delete_insurance::claim',	'web',	'2026-02-19 02:24:02',	'2026-02-19 02:24:02'),
(152,	'delete_any_insurance::claim',	'web',	'2026-02-19 02:24:02',	'2026-02-19 02:24:02'),
(153,	'force_delete_insurance::claim',	'web',	'2026-02-19 02:24:02',	'2026-02-19 02:24:02'),
(154,	'force_delete_any_insurance::claim',	'web',	'2026-02-19 02:24:02',	'2026-02-19 02:24:02'),
(155,	'view_insurance::provider',	'web',	'2026-02-19 02:24:02',	'2026-02-19 02:24:02'),
(156,	'view_any_insurance::provider',	'web',	'2026-02-19 02:24:02',	'2026-02-19 02:24:02'),
(157,	'create_insurance::provider',	'web',	'2026-02-19 02:24:02',	'2026-02-19 02:24:02'),
(158,	'update_insurance::provider',	'web',	'2026-02-19 02:24:02',	'2026-02-19 02:24:02'),
(159,	'restore_insurance::provider',	'web',	'2026-02-19 02:24:02',	'2026-02-19 02:24:02'),
(160,	'restore_any_insurance::provider',	'web',	'2026-02-19 02:24:02',	'2026-02-19 02:24:02'),
(161,	'replicate_insurance::provider',	'web',	'2026-02-19 02:24:02',	'2026-02-19 02:24:02'),
(162,	'reorder_insurance::provider',	'web',	'2026-02-19 02:24:02',	'2026-02-19 02:24:02'),
(163,	'delete_insurance::provider',	'web',	'2026-02-19 02:24:02',	'2026-02-19 02:24:02'),
(164,	'delete_any_insurance::provider',	'web',	'2026-02-19 02:24:02',	'2026-02-19 02:24:02'),
(165,	'force_delete_insurance::provider',	'web',	'2026-02-19 02:24:02',	'2026-02-19 02:24:02'),
(166,	'force_delete_any_insurance::provider',	'web',	'2026-02-19 02:24:02',	'2026-02-19 02:24:02'),
(167,	'view_intake::assessment',	'web',	'2026-02-19 02:24:02',	'2026-02-19 02:24:02'),
(168,	'view_any_intake::assessment',	'web',	'2026-02-19 02:24:02',	'2026-02-19 02:24:02'),
(169,	'create_intake::assessment',	'web',	'2026-02-19 02:24:02',	'2026-02-19 02:24:02'),
(170,	'update_intake::assessment',	'web',	'2026-02-19 02:24:02',	'2026-02-19 02:24:02'),
(171,	'restore_intake::assessment',	'web',	'2026-02-19 02:24:02',	'2026-02-19 02:24:02'),
(172,	'restore_any_intake::assessment',	'web',	'2026-02-19 02:24:02',	'2026-02-19 02:24:02'),
(173,	'replicate_intake::assessment',	'web',	'2026-02-19 02:24:02',	'2026-02-19 02:24:02'),
(174,	'reorder_intake::assessment',	'web',	'2026-02-19 02:24:02',	'2026-02-19 02:24:02'),
(175,	'delete_intake::assessment',	'web',	'2026-02-19 02:24:02',	'2026-02-19 02:24:02'),
(176,	'delete_any_intake::assessment',	'web',	'2026-02-19 02:24:02',	'2026-02-19 02:24:02'),
(177,	'force_delete_intake::assessment',	'web',	'2026-02-19 02:24:02',	'2026-02-19 02:24:02'),
(178,	'force_delete_any_intake::assessment',	'web',	'2026-02-19 02:24:02',	'2026-02-19 02:24:02'),
(179,	'view_intake::queue',	'web',	'2026-02-19 02:24:02',	'2026-02-19 02:24:02'),
(180,	'view_any_intake::queue',	'web',	'2026-02-19 02:24:02',	'2026-02-19 02:24:02'),
(181,	'create_intake::queue',	'web',	'2026-02-19 02:24:02',	'2026-02-19 02:24:02'),
(182,	'update_intake::queue',	'web',	'2026-02-19 02:24:02',	'2026-02-19 02:24:02'),
(183,	'restore_intake::queue',	'web',	'2026-02-19 02:24:02',	'2026-02-19 02:24:02'),
(184,	'restore_any_intake::queue',	'web',	'2026-02-19 02:24:02',	'2026-02-19 02:24:02'),
(185,	'replicate_intake::queue',	'web',	'2026-02-19 02:24:02',	'2026-02-19 02:24:02'),
(186,	'reorder_intake::queue',	'web',	'2026-02-19 02:24:02',	'2026-02-19 02:24:02'),
(187,	'delete_intake::queue',	'web',	'2026-02-19 02:24:02',	'2026-02-19 02:24:02'),
(188,	'delete_any_intake::queue',	'web',	'2026-02-19 02:24:02',	'2026-02-19 02:24:02'),
(189,	'force_delete_intake::queue',	'web',	'2026-02-19 02:24:02',	'2026-02-19 02:24:02'),
(190,	'force_delete_any_intake::queue',	'web',	'2026-02-19 02:24:02',	'2026-02-19 02:24:02'),
(191,	'view_payment',	'web',	'2026-02-19 02:24:02',	'2026-02-19 02:24:02'),
(192,	'view_any_payment',	'web',	'2026-02-19 02:24:02',	'2026-02-19 02:24:02'),
(193,	'create_payment',	'web',	'2026-02-19 02:24:02',	'2026-02-19 02:24:02'),
(194,	'update_payment',	'web',	'2026-02-19 02:24:02',	'2026-02-19 02:24:02'),
(195,	'restore_payment',	'web',	'2026-02-19 02:24:02',	'2026-02-19 02:24:02'),
(196,	'restore_any_payment',	'web',	'2026-02-19 02:24:02',	'2026-02-19 02:24:02'),
(197,	'replicate_payment',	'web',	'2026-02-19 02:24:02',	'2026-02-19 02:24:02'),
(198,	'reorder_payment',	'web',	'2026-02-19 02:24:02',	'2026-02-19 02:24:02'),
(199,	'delete_payment',	'web',	'2026-02-19 02:24:02',	'2026-02-19 02:24:02'),
(200,	'delete_any_payment',	'web',	'2026-02-19 02:24:02',	'2026-02-19 02:24:02'),
(201,	'force_delete_payment',	'web',	'2026-02-19 02:24:02',	'2026-02-19 02:24:02'),
(202,	'force_delete_any_payment',	'web',	'2026-02-19 02:24:02',	'2026-02-19 02:24:02'),
(203,	'view_reception',	'web',	'2026-02-19 02:24:02',	'2026-02-19 02:24:02'),
(204,	'view_any_reception',	'web',	'2026-02-19 02:24:02',	'2026-02-19 02:24:02'),
(205,	'create_reception',	'web',	'2026-02-19 02:24:02',	'2026-02-19 02:24:02'),
(206,	'update_reception',	'web',	'2026-02-19 02:24:02',	'2026-02-19 02:24:02'),
(207,	'restore_reception',	'web',	'2026-02-19 02:24:02',	'2026-02-19 02:24:02'),
(208,	'restore_any_reception',	'web',	'2026-02-19 02:24:02',	'2026-02-19 02:24:02'),
(209,	'replicate_reception',	'web',	'2026-02-19 02:24:02',	'2026-02-19 02:24:02'),
(210,	'reorder_reception',	'web',	'2026-02-19 02:24:02',	'2026-02-19 02:24:02'),
(211,	'delete_reception',	'web',	'2026-02-19 02:24:02',	'2026-02-19 02:24:02'),
(212,	'delete_any_reception',	'web',	'2026-02-19 02:24:02',	'2026-02-19 02:24:02'),
(213,	'force_delete_reception',	'web',	'2026-02-19 02:24:02',	'2026-02-19 02:24:02'),
(214,	'force_delete_any_reception',	'web',	'2026-02-19 02:24:02',	'2026-02-19 02:24:02'),
(215,	'view_service',	'web',	'2026-02-19 02:24:02',	'2026-02-19 02:24:02'),
(216,	'view_any_service',	'web',	'2026-02-19 02:24:02',	'2026-02-19 02:24:02'),
(217,	'create_service',	'web',	'2026-02-19 02:24:02',	'2026-02-19 02:24:02'),
(218,	'update_service',	'web',	'2026-02-19 02:24:02',	'2026-02-19 02:24:02'),
(219,	'restore_service',	'web',	'2026-02-19 02:24:02',	'2026-02-19 02:24:02'),
(220,	'restore_any_service',	'web',	'2026-02-19 02:24:02',	'2026-02-19 02:24:02'),
(221,	'replicate_service',	'web',	'2026-02-19 02:24:02',	'2026-02-19 02:24:02'),
(222,	'reorder_service',	'web',	'2026-02-19 02:24:02',	'2026-02-19 02:24:02'),
(223,	'delete_service',	'web',	'2026-02-19 02:24:02',	'2026-02-19 02:24:02'),
(224,	'delete_any_service',	'web',	'2026-02-19 02:24:02',	'2026-02-19 02:24:02'),
(225,	'force_delete_service',	'web',	'2026-02-19 02:24:02',	'2026-02-19 02:24:02'),
(226,	'force_delete_any_service',	'web',	'2026-02-19 02:24:02',	'2026-02-19 02:24:02'),
(227,	'view_service::point::dashboard',	'web',	'2026-02-19 02:24:02',	'2026-02-19 02:24:02'),
(228,	'view_any_service::point::dashboard',	'web',	'2026-02-19 02:24:02',	'2026-02-19 02:24:02'),
(229,	'create_service::point::dashboard',	'web',	'2026-02-19 02:24:02',	'2026-02-19 02:24:02'),
(230,	'update_service::point::dashboard',	'web',	'2026-02-19 02:24:02',	'2026-02-19 02:24:02'),
(231,	'restore_service::point::dashboard',	'web',	'2026-02-19 02:24:02',	'2026-02-19 02:24:02'),
(232,	'restore_any_service::point::dashboard',	'web',	'2026-02-19 02:24:02',	'2026-02-19 02:24:02'),
(233,	'replicate_service::point::dashboard',	'web',	'2026-02-19 02:24:02',	'2026-02-19 02:24:02'),
(234,	'reorder_service::point::dashboard',	'web',	'2026-02-19 02:24:02',	'2026-02-19 02:24:02'),
(235,	'delete_service::point::dashboard',	'web',	'2026-02-19 02:24:02',	'2026-02-19 02:24:02'),
(236,	'delete_any_service::point::dashboard',	'web',	'2026-02-19 02:24:02',	'2026-02-19 02:24:02'),
(237,	'force_delete_service::point::dashboard',	'web',	'2026-02-19 02:24:02',	'2026-02-19 02:24:02'),
(238,	'force_delete_any_service::point::dashboard',	'web',	'2026-02-19 02:24:02',	'2026-02-19 02:24:02'),
(239,	'view_service::queue',	'web',	'2026-02-19 02:24:02',	'2026-02-19 02:24:02'),
(240,	'view_any_service::queue',	'web',	'2026-02-19 02:24:02',	'2026-02-19 02:24:02'),
(241,	'create_service::queue',	'web',	'2026-02-19 02:24:02',	'2026-02-19 02:24:02'),
(242,	'update_service::queue',	'web',	'2026-02-19 02:24:02',	'2026-02-19 02:24:02'),
(243,	'restore_service::queue',	'web',	'2026-02-19 02:24:02',	'2026-02-19 02:24:02'),
(244,	'restore_any_service::queue',	'web',	'2026-02-19 02:24:02',	'2026-02-19 02:24:02'),
(245,	'replicate_service::queue',	'web',	'2026-02-19 02:24:02',	'2026-02-19 02:24:02'),
(246,	'reorder_service::queue',	'web',	'2026-02-19 02:24:02',	'2026-02-19 02:24:02'),
(247,	'delete_service::queue',	'web',	'2026-02-19 02:24:02',	'2026-02-19 02:24:02'),
(248,	'delete_any_service::queue',	'web',	'2026-02-19 02:24:02',	'2026-02-19 02:24:02'),
(249,	'force_delete_service::queue',	'web',	'2026-02-19 02:24:02',	'2026-02-19 02:24:02'),
(250,	'force_delete_any_service::queue',	'web',	'2026-02-19 02:24:02',	'2026-02-19 02:24:02'),
(251,	'view_sub::county',	'web',	'2026-02-19 02:24:02',	'2026-02-19 02:24:02'),
(252,	'view_any_sub::county',	'web',	'2026-02-19 02:24:02',	'2026-02-19 02:24:02'),
(253,	'create_sub::county',	'web',	'2026-02-19 02:24:02',	'2026-02-19 02:24:02'),
(254,	'update_sub::county',	'web',	'2026-02-19 02:24:02',	'2026-02-19 02:24:02'),
(255,	'restore_sub::county',	'web',	'2026-02-19 02:24:02',	'2026-02-19 02:24:02'),
(256,	'restore_any_sub::county',	'web',	'2026-02-19 02:24:02',	'2026-02-19 02:24:02'),
(257,	'replicate_sub::county',	'web',	'2026-02-19 02:24:02',	'2026-02-19 02:24:02'),
(258,	'reorder_sub::county',	'web',	'2026-02-19 02:24:02',	'2026-02-19 02:24:02'),
(259,	'delete_sub::county',	'web',	'2026-02-19 02:24:02',	'2026-02-19 02:24:02'),
(260,	'delete_any_sub::county',	'web',	'2026-02-19 02:24:02',	'2026-02-19 02:24:02'),
(261,	'force_delete_sub::county',	'web',	'2026-02-19 02:24:02',	'2026-02-19 02:24:02'),
(262,	'force_delete_any_sub::county',	'web',	'2026-02-19 02:24:02',	'2026-02-19 02:24:02'),
(263,	'view_any_triage',	'web',	'2026-02-19 02:24:02',	'2026-02-19 02:24:02'),
(264,	'update_triage',	'web',	'2026-02-19 02:24:02',	'2026-02-19 02:24:02'),
(265,	'restore_triage',	'web',	'2026-02-19 02:24:02',	'2026-02-19 02:24:02'),
(266,	'restore_any_triage',	'web',	'2026-02-19 02:24:02',	'2026-02-19 02:24:02'),
(267,	'replicate_triage',	'web',	'2026-02-19 02:24:02',	'2026-02-19 02:24:02'),
(268,	'reorder_triage',	'web',	'2026-02-19 02:24:02',	'2026-02-19 02:24:02'),
(269,	'delete_triage',	'web',	'2026-02-19 02:24:02',	'2026-02-19 02:24:02'),
(270,	'delete_any_triage',	'web',	'2026-02-19 02:24:02',	'2026-02-19 02:24:02'),
(271,	'force_delete_triage',	'web',	'2026-02-19 02:24:02',	'2026-02-19 02:24:02'),
(272,	'force_delete_any_triage',	'web',	'2026-02-19 02:24:02',	'2026-02-19 02:24:02'),
(273,	'view_triage::queue',	'web',	'2026-02-19 02:24:02',	'2026-02-19 02:24:02'),
(274,	'view_any_triage::queue',	'web',	'2026-02-19 02:24:02',	'2026-02-19 02:24:02'),
(275,	'create_triage::queue',	'web',	'2026-02-19 02:24:02',	'2026-02-19 02:24:02'),
(276,	'update_triage::queue',	'web',	'2026-02-19 02:24:02',	'2026-02-19 02:24:02'),
(277,	'restore_triage::queue',	'web',	'2026-02-19 02:24:02',	'2026-02-19 02:24:02'),
(278,	'restore_any_triage::queue',	'web',	'2026-02-19 02:24:02',	'2026-02-19 02:24:02'),
(279,	'replicate_triage::queue',	'web',	'2026-02-19 02:24:02',	'2026-02-19 02:24:02'),
(280,	'reorder_triage::queue',	'web',	'2026-02-19 02:24:02',	'2026-02-19 02:24:02'),
(281,	'delete_triage::queue',	'web',	'2026-02-19 02:24:02',	'2026-02-19 02:24:02'),
(282,	'delete_any_triage::queue',	'web',	'2026-02-19 02:24:02',	'2026-02-19 02:24:02'),
(283,	'force_delete_triage::queue',	'web',	'2026-02-19 02:24:02',	'2026-02-19 02:24:02'),
(284,	'force_delete_any_triage::queue',	'web',	'2026-02-19 02:24:02',	'2026-02-19 02:24:02'),
(285,	'view_user',	'web',	'2026-02-19 02:24:02',	'2026-02-19 02:24:02'),
(286,	'view_any_user',	'web',	'2026-02-19 02:24:02',	'2026-02-19 02:24:02'),
(287,	'create_user',	'web',	'2026-02-19 02:24:02',	'2026-02-19 02:24:02'),
(288,	'update_user',	'web',	'2026-02-19 02:24:02',	'2026-02-19 02:24:02'),
(289,	'restore_user',	'web',	'2026-02-19 02:24:02',	'2026-02-19 02:24:02'),
(290,	'restore_any_user',	'web',	'2026-02-19 02:24:02',	'2026-02-19 02:24:02'),
(291,	'replicate_user',	'web',	'2026-02-19 02:24:02',	'2026-02-19 02:24:02'),
(292,	'reorder_user',	'web',	'2026-02-19 02:24:02',	'2026-02-19 02:24:02'),
(293,	'delete_user',	'web',	'2026-02-19 02:24:02',	'2026-02-19 02:24:02'),
(294,	'delete_any_user',	'web',	'2026-02-19 02:24:02',	'2026-02-19 02:24:02'),
(295,	'force_delete_user',	'web',	'2026-02-19 02:24:02',	'2026-02-19 02:24:02'),
(296,	'force_delete_any_user',	'web',	'2026-02-19 02:24:02',	'2026-02-19 02:24:02'),
(297,	'view_visit',	'web',	'2026-02-19 02:24:02',	'2026-02-19 02:24:02'),
(298,	'view_any_visit',	'web',	'2026-02-19 02:24:02',	'2026-02-19 02:24:02'),
(299,	'create_visit',	'web',	'2026-02-19 02:24:02',	'2026-02-19 02:24:02'),
(300,	'update_visit',	'web',	'2026-02-19 02:24:02',	'2026-02-19 02:24:02'),
(301,	'restore_visit',	'web',	'2026-02-19 02:24:02',	'2026-02-19 02:24:02'),
(302,	'restore_any_visit',	'web',	'2026-02-19 02:24:02',	'2026-02-19 02:24:02'),
(303,	'replicate_visit',	'web',	'2026-02-19 02:24:02',	'2026-02-19 02:24:02'),
(304,	'reorder_visit',	'web',	'2026-02-19 02:24:02',	'2026-02-19 02:24:02'),
(305,	'delete_visit',	'web',	'2026-02-19 02:24:02',	'2026-02-19 02:24:02'),
(306,	'delete_any_visit',	'web',	'2026-02-19 02:24:02',	'2026-02-19 02:24:02'),
(307,	'force_delete_visit',	'web',	'2026-02-19 02:24:02',	'2026-02-19 02:24:02'),
(308,	'force_delete_any_visit',	'web',	'2026-02-19 02:24:02',	'2026-02-19 02:24:02'),
(309,	'view_ward',	'web',	'2026-02-19 02:24:02',	'2026-02-19 02:24:02'),
(310,	'view_any_ward',	'web',	'2026-02-19 02:24:02',	'2026-02-19 02:24:02'),
(311,	'create_ward',	'web',	'2026-02-19 02:24:02',	'2026-02-19 02:24:02'),
(312,	'update_ward',	'web',	'2026-02-19 02:24:02',	'2026-02-19 02:24:02'),
(313,	'restore_ward',	'web',	'2026-02-19 02:24:02',	'2026-02-19 02:24:02'),
(314,	'restore_any_ward',	'web',	'2026-02-19 02:24:02',	'2026-02-19 02:24:02'),
(315,	'replicate_ward',	'web',	'2026-02-19 02:24:02',	'2026-02-19 02:24:02'),
(316,	'reorder_ward',	'web',	'2026-02-19 02:24:02',	'2026-02-19 02:24:02'),
(317,	'delete_ward',	'web',	'2026-02-19 02:24:02',	'2026-02-19 02:24:02'),
(318,	'delete_any_ward',	'web',	'2026-02-19 02:24:02',	'2026-02-19 02:24:02'),
(319,	'force_delete_ward',	'web',	'2026-02-19 02:24:02',	'2026-02-19 02:24:02'),
(320,	'force_delete_any_ward',	'web',	'2026-02-19 02:24:02',	'2026-02-19 02:24:02'),
(321,	'page_ClientProfileHub',	'web',	'2026-02-19 02:24:02',	'2026-02-19 02:24:02');

DROP TABLE IF EXISTS `queue_entries`;
CREATE TABLE `queue_entries` (
  `id` bigint unsigned NOT NULL AUTO_INCREMENT,
  `queue_id` bigint unsigned DEFAULT NULL,
  `visit_id` bigint unsigned DEFAULT NULL,
  `branch_id` bigint unsigned DEFAULT NULL,
  `client_id` bigint unsigned DEFAULT NULL,
  `service_booking_id` bigint unsigned DEFAULT NULL,
  `service_provider_id` bigint unsigned DEFAULT NULL,
  `service_id` bigint unsigned NOT NULL,
  `department_id` bigint unsigned NOT NULL,
  `estimated_duration` int DEFAULT NULL COMMENT 'Duration in minutes',
  `queue_number` int NOT NULL,
  `position` int DEFAULT NULL,
  `priority` enum('low','normal','high','urgent') COLLATE utf8mb4_unicode_ci NOT NULL DEFAULT 'normal',
  `status` varchar(20) CHARACTER SET utf8mb4 COLLATE utf8mb4_unicode_ci NOT NULL DEFAULT 'waiting',
  `priority_level` enum('critical','urgent','high','normal','low') COLLATE utf8mb4_unicode_ci NOT NULL DEFAULT 'normal' COMMENT 'Set from triage risk assessment',
  `arrived_at` timestamp NULL DEFAULT NULL,
  `waiting_started_at` timestamp NULL DEFAULT NULL,
  `verified_at` datetime DEFAULT NULL,
  `service_started_at` timestamp NULL DEFAULT NULL,
  `service_completed_at` timestamp NULL DEFAULT NULL,
  `joined_at` timestamp NOT NULL DEFAULT CURRENT_TIMESTAMP,
  `called_at` timestamp NULL DEFAULT NULL,
  `called_by` bigint unsigned DEFAULT NULL,
  `verified_by` bigint unsigned DEFAULT NULL,
  `serving_started_at` timestamp NULL DEFAULT NULL,
  `served_by` bigint unsigned DEFAULT NULL,
  `no_show` tinyint(1) NOT NULL DEFAULT '0',
  `completed_at` timestamp NULL DEFAULT NULL,
  `wait_time_minutes` int DEFAULT NULL,
  `service_time_minutes` int DEFAULT NULL,
  `notes` text COLLATE utf8mb4_unicode_ci,
  `created_at` timestamp NULL DEFAULT NULL,
  `updated_at` timestamp NULL DEFAULT NULL,
  `deleted_at` timestamp NULL DEFAULT NULL,
  PRIMARY KEY (`id`),
  KEY `queue_entries_service_booking_id_foreign` (`service_booking_id`),
  KEY `queue_entries_called_by_foreign` (`called_by`),
  KEY `queue_entries_served_by_foreign` (`served_by`),
  KEY `queue_entries_queue_id_index` (`queue_id`),
  KEY `queue_entries_visit_id_index` (`visit_id`),
  KEY `queue_entries_client_id_index` (`client_id`),
  KEY `queue_entries_queue_number_index` (`queue_number`),
  KEY `queue_entries_status_index` (`status`),
  KEY `queue_entries_priority_index` (`priority`),
  KEY `queue_entries_joined_at_index` (`joined_at`),
  KEY `queue_entries_service_id_index` (`service_id`),
  KEY `queue_entries_department_id_index` (`department_id`),
  KEY `queue_entries_queue_id_status_index` (`queue_id`,`status`),
  KEY `queue_entries_arrived_at_priority_level_position_index` (`arrived_at`,`priority_level`,`position`),
  CONSTRAINT `queue_entries_called_by_foreign` FOREIGN KEY (`called_by`) REFERENCES `users` (`id`) ON DELETE SET NULL,
  CONSTRAINT `queue_entries_client_id_foreign` FOREIGN KEY (`client_id`) REFERENCES `clients` (`id`) ON DELETE CASCADE,
  CONSTRAINT `queue_entries_department_id_foreign` FOREIGN KEY (`department_id`) REFERENCES `departments` (`id`) ON DELETE CASCADE,
  CONSTRAINT `queue_entries_queue_id_foreign` FOREIGN KEY (`queue_id`) REFERENCES `queues` (`id`) ON DELETE CASCADE,
  CONSTRAINT `queue_entries_served_by_foreign` FOREIGN KEY (`served_by`) REFERENCES `users` (`id`) ON DELETE SET NULL,
  CONSTRAINT `queue_entries_service_booking_id_foreign` FOREIGN KEY (`service_booking_id`) REFERENCES `service_bookings` (`id`) ON DELETE SET NULL,
  CONSTRAINT `queue_entries_service_id_foreign` FOREIGN KEY (`service_id`) REFERENCES `services` (`id`) ON DELETE CASCADE,
  CONSTRAINT `queue_entries_visit_id_foreign` FOREIGN KEY (`visit_id`) REFERENCES `visits` (`id`) ON DELETE CASCADE
) ENGINE=InnoDB DEFAULT CHARSET=utf8mb4 COLLATE=utf8mb4_unicode_ci;

INSERT INTO `queue_entries` (`id`, `queue_id`, `visit_id`, `branch_id`, `client_id`, `service_booking_id`, `service_provider_id`, `service_id`, `department_id`, `estimated_duration`, `queue_number`, `position`, `priority`, `status`, `priority_level`, `arrived_at`, `waiting_started_at`, `verified_at`, `service_started_at`, `service_completed_at`, `joined_at`, `called_at`, `called_by`, `verified_by`, `serving_started_at`, `served_by`, `no_show`, `completed_at`, `wait_time_minutes`, `service_time_minutes`, `notes`, `created_at`, `updated_at`, `deleted_at`) VALUES
(1,	1,	5,	0,	5,	4,	NULL,	3,	2,	NULL,	1,	NULL,	'normal',	'ready',	'high',	NULL,	NULL,	NULL,	NULL,	NULL,	'2026-01-30 13:29:46',	NULL,	NULL,	NULL,	NULL,	NULL,	0,	NULL,	NULL,	NULL,	'dsdsds',	'2026-01-30 13:29:46',	'2026-01-30 13:58:11',	NULL),
(2,	2,	15,	0,	11,	7,	NULL,	11,	7,	NULL,	1,	NULL,	'normal',	'in_service',	'high',	NULL,	NULL,	NULL,	NULL,	NULL,	'2026-02-04 13:38:09',	NULL,	NULL,	NULL,	NULL,	NULL,	0,	NULL,	NULL,	NULL,	'rere',	'2026-02-04 13:38:09',	'2026-02-04 13:41:59',	NULL),
(3,	2,	16,	1,	12,	8,	1,	11,	7,	NULL,	1,	NULL,	'normal',	'in_service',	'high',	NULL,	NULL,	'2026-02-06 05:37:40',	NULL,	NULL,	'2026-02-04 13:38:09',	NULL,	NULL,	1,	NULL,	NULL,	0,	NULL,	NULL,	NULL,	'gg',	'2026-02-04 13:38:09',	'2026-02-06 02:38:19',	NULL),
(4,	NULL,	16,	NULL,	12,	NULL,	10,	11,	7,	NULL,	1,	NULL,	'normal',	'ready',	'high',	NULL,	NULL,	'2026-02-06 06:30:22',	NULL,	NULL,	'2026-02-06 06:29:55',	NULL,	NULL,	1,	NULL,	NULL,	0,	NULL,	NULL,	NULL,	'fdfd',	'2026-02-06 03:29:55',	'2026-02-06 03:30:22',	NULL),
(5,	NULL,	17,	1,	13,	NULL,	NULL,	7,	4,	NULL,	1,	NULL,	'normal',	'waiting',	'high',	NULL,	NULL,	NULL,	NULL,	NULL,	'2026-02-18 05:44:41',	NULL,	NULL,	NULL,	NULL,	NULL,	0,	NULL,	NULL,	NULL,	NULL,	'2026-02-18 02:44:41',	'2026-02-18 02:44:41',	NULL),
(6,	NULL,	18,	1,	14,	NULL,	10,	11,	7,	NULL,	1,	NULL,	'normal',	'ready',	'high',	NULL,	NULL,	'2026-02-18 06:53:35',	NULL,	NULL,	'2026-02-18 06:49:18',	NULL,	NULL,	4,	NULL,	NULL,	0,	NULL,	NULL,	NULL,	NULL,	'2026-02-18 03:49:18',	'2026-02-18 03:53:35',	NULL),
(7,	NULL,	18,	1,	14,	NULL,	NULL,	7,	4,	NULL,	1,	NULL,	'normal',	'waiting',	'high',	NULL,	NULL,	NULL,	NULL,	NULL,	'2026-02-18 06:49:18',	NULL,	NULL,	NULL,	NULL,	NULL,	0,	NULL,	NULL,	NULL,	NULL,	'2026-02-18 03:49:18',	'2026-02-18 03:49:18',	NULL),
(8,	NULL,	19,	1,	15,	NULL,	NULL,	1,	1,	NULL,	1,	NULL,	'normal',	'waiting',	'high',	NULL,	NULL,	NULL,	NULL,	NULL,	'2026-02-19 07:16:46',	NULL,	NULL,	NULL,	NULL,	NULL,	0,	NULL,	NULL,	NULL,	NULL,	'2026-02-19 04:16:46',	'2026-02-19 04:16:46',	NULL);

DROP TABLE IF EXISTS `queue_history`;
CREATE TABLE `queue_history` (
  `id` bigint unsigned NOT NULL AUTO_INCREMENT,
  `queue_id` bigint unsigned NOT NULL,
  `visit_id` bigint unsigned NOT NULL,
  `client_id` bigint unsigned NOT NULL,
  `queue_number` int NOT NULL,
  `position` int DEFAULT NULL,
  `priority` enum('low','normal','high','urgent') COLLATE utf8mb4_unicode_ci NOT NULL,
  `final_status` enum('completed','no_show','deferred') COLLATE utf8mb4_unicode_ci NOT NULL,
  `joined_at` timestamp NOT NULL,
  `called_at` timestamp NULL DEFAULT NULL,
  `serving_started_at` timestamp NULL DEFAULT NULL,
  `completed_at` timestamp NULL DEFAULT NULL,
  `wait_time_minutes` int DEFAULT NULL,
  `service_time_minutes` int DEFAULT NULL,
  `served_by` bigint unsigned DEFAULT NULL,
  `notes` text COLLATE utf8mb4_unicode_ci,
  `archived_at` timestamp NOT NULL DEFAULT CURRENT_TIMESTAMP,
  `created_at` timestamp NULL DEFAULT NULL,
  `updated_at` timestamp NULL DEFAULT NULL,
  PRIMARY KEY (`id`),
  KEY `queue_history_served_by_foreign` (`served_by`),
  KEY `queue_history_queue_id_index` (`queue_id`),
  KEY `queue_history_visit_id_index` (`visit_id`),
  KEY `queue_history_client_id_index` (`client_id`),
  KEY `queue_history_final_status_index` (`final_status`),
  KEY `queue_history_archived_at_index` (`archived_at`),
  CONSTRAINT `queue_history_client_id_foreign` FOREIGN KEY (`client_id`) REFERENCES `clients` (`id`) ON DELETE CASCADE,
  CONSTRAINT `queue_history_queue_id_foreign` FOREIGN KEY (`queue_id`) REFERENCES `queues` (`id`) ON DELETE RESTRICT,
  CONSTRAINT `queue_history_served_by_foreign` FOREIGN KEY (`served_by`) REFERENCES `users` (`id`) ON DELETE SET NULL,
  CONSTRAINT `queue_history_visit_id_foreign` FOREIGN KEY (`visit_id`) REFERENCES `visits` (`id`) ON DELETE CASCADE
) ENGINE=InnoDB DEFAULT CHARSET=utf8mb4 COLLATE=utf8mb4_unicode_ci;


DROP TABLE IF EXISTS `queues`;
CREATE TABLE `queues` (
  `id` bigint unsigned NOT NULL AUTO_INCREMENT,
  `branch_id` bigint unsigned DEFAULT NULL,
  `visit_id` bigint unsigned DEFAULT NULL,
  `department_id` bigint unsigned DEFAULT NULL,
  `queue_name` varchar(200) CHARACTER SET utf8mb4 COLLATE utf8mb4_unicode_ci DEFAULT NULL,
  `queue_display_name` varchar(255) COLLATE utf8mb4_unicode_ci DEFAULT NULL,
  `queue_code` varchar(50) CHARACTER SET utf8mb4 COLLATE utf8mb4_unicode_ci DEFAULT NULL,
  `status` varchar(50) CHARACTER SET utf8mb4 COLLATE utf8mb4_unicode_ci DEFAULT NULL,
  `description` text COLLATE utf8mb4_unicode_ci,
  `max_capacity` int DEFAULT '50',
  `current_count` int DEFAULT '0',
  `current_number` int DEFAULT NULL,
  `sla_target_minutes` int DEFAULT '30',
  `is_active` tinyint(1) DEFAULT '1',
  `active_date` date NOT NULL DEFAULT (curdate()),
  `settings` json DEFAULT NULL,
  `created_at` timestamp NULL DEFAULT NULL,
  `updated_at` timestamp NULL DEFAULT NULL,
  `deleted_at` timestamp NULL DEFAULT NULL,
  PRIMARY KEY (`id`),
  UNIQUE KEY `queues_queue_code_unique` (`queue_code`),
  KEY `queues_branch_id_index` (`branch_id`),
  KEY `queues_department_id_index` (`department_id`),
  KEY `queues_queue_code_index` (`queue_code`),
  KEY `queues_is_active_index` (`is_active`),
  KEY `queues_active_date_index` (`active_date`),
  KEY `visit_id` (`visit_id`),
  CONSTRAINT `queues_branch_id_foreign` FOREIGN KEY (`branch_id`) REFERENCES `branches` (`id`) ON DELETE CASCADE,
  CONSTRAINT `queues_department_id_foreign` FOREIGN KEY (`department_id`) REFERENCES `departments` (`id`) ON DELETE RESTRICT,
  CONSTRAINT `queues_ibfk_1` FOREIGN KEY (`visit_id`) REFERENCES `visits` (`id`)
) ENGINE=InnoDB DEFAULT CHARSET=utf8mb4 COLLATE=utf8mb4_unicode_ci;

INSERT INTO `queues` (`id`, `branch_id`, `visit_id`, `department_id`, `queue_name`, `queue_display_name`, `queue_code`, `status`, `description`, `max_capacity`, `current_count`, `current_number`, `sla_target_minutes`, `is_active`, `active_date`, `settings`, `created_at`, `updated_at`, `deleted_at`) VALUES
(1,	1,	NULL,	2,	NULL,	NULL,	NULL,	'active',	NULL,	40,	0,	1,	30,	1,	'2026-01-30',	NULL,	'2026-01-30 13:29:46',	'2026-01-30 13:29:46',	NULL),
(2,	2,	NULL,	7,	NULL,	NULL,	NULL,	'active',	NULL,	25,	0,	1,	30,	1,	'2026-02-04',	NULL,	'2026-02-04 13:38:09',	'2026-02-04 13:38:09',	NULL),
(24,	1,	16,	7,	NULL,	NULL,	NULL,	'active',	NULL,	25,	0,	1,	30,	1,	'2026-02-06',	NULL,	'2026-02-06 03:29:55',	'2026-02-06 03:29:55',	NULL),
(25,	1,	17,	4,	NULL,	NULL,	NULL,	'active',	NULL,	30,	0,	1,	30,	1,	'2026-02-18',	NULL,	'2026-02-18 02:44:41',	'2026-02-18 02:44:41',	NULL),
(26,	1,	18,	7,	NULL,	NULL,	NULL,	'active',	NULL,	25,	0,	1,	30,	1,	'2026-02-18',	NULL,	'2026-02-18 03:49:18',	'2026-02-18 03:49:18',	NULL),
(27,	1,	18,	4,	NULL,	NULL,	NULL,	'active',	NULL,	30,	0,	1,	30,	1,	'2026-02-18',	NULL,	'2026-02-18 03:49:18',	'2026-02-18 03:49:18',	NULL),
(28,	1,	19,	1,	NULL,	NULL,	NULL,	'active',	NULL,	50,	0,	1,	30,	1,	'2026-02-19',	NULL,	'2026-02-19 04:16:46',	'2026-02-19 04:16:46',	NULL);

DROP TABLE IF EXISTS `receipts`;
CREATE TABLE `receipts` (
  `id` bigint unsigned NOT NULL AUTO_INCREMENT,
  `receipt_number` varchar(50) COLLATE utf8mb4_unicode_ci NOT NULL,
  `payment_id` bigint unsigned NOT NULL,
  `invoice_id` bigint unsigned NOT NULL,
  `client_id` bigint unsigned NOT NULL,
  `branch_id` bigint unsigned NOT NULL,
  `amount` decimal(10,2) NOT NULL,
  `payment_method` enum('cash','mpesa','bank_transfer','cheque','card','sha','ncpwd','nhif','other') COLLATE utf8mb4_unicode_ci NOT NULL,
  `receipt_type` varchar(50) COLLATE utf8mb4_unicode_ci NOT NULL DEFAULT 'payment',
  `description` text COLLATE utf8mb4_unicode_ci,
  `file_path` varchar(500) COLLATE utf8mb4_unicode_ci DEFAULT NULL,
  `is_printed` tinyint(1) NOT NULL DEFAULT '0',
  `printed_at` timestamp NULL DEFAULT NULL,
  `issued_by` bigint unsigned NOT NULL,
  `issued_at` timestamp NOT NULL DEFAULT CURRENT_TIMESTAMP,
  `created_at` timestamp NULL DEFAULT NULL,
  `updated_at` timestamp NULL DEFAULT NULL,
  `deleted_at` timestamp NULL DEFAULT NULL,
  PRIMARY KEY (`id`),
  UNIQUE KEY `receipts_receipt_number_unique` (`receipt_number`),
  KEY `receipts_issued_by_foreign` (`issued_by`),
  KEY `receipts_receipt_number_index` (`receipt_number`),
  KEY `receipts_payment_id_index` (`payment_id`),
  KEY `receipts_invoice_id_index` (`invoice_id`),
  KEY `receipts_client_id_index` (`client_id`),
  KEY `receipts_branch_id_index` (`branch_id`),
  KEY `receipts_issued_at_index` (`issued_at`),
  CONSTRAINT `receipts_branch_id_foreign` FOREIGN KEY (`branch_id`) REFERENCES `branches` (`id`) ON DELETE CASCADE,
  CONSTRAINT `receipts_client_id_foreign` FOREIGN KEY (`client_id`) REFERENCES `clients` (`id`) ON DELETE CASCADE,
  CONSTRAINT `receipts_invoice_id_foreign` FOREIGN KEY (`invoice_id`) REFERENCES `invoices` (`id`) ON DELETE RESTRICT,
  CONSTRAINT `receipts_issued_by_foreign` FOREIGN KEY (`issued_by`) REFERENCES `users` (`id`) ON DELETE CASCADE,
  CONSTRAINT `receipts_payment_id_foreign` FOREIGN KEY (`payment_id`) REFERENCES `payments` (`id`) ON DELETE RESTRICT
) ENGINE=InnoDB DEFAULT CHARSET=utf8mb4 COLLATE=utf8mb4_unicode_ci;


DROP TABLE IF EXISTS `role_has_permissions`;
CREATE TABLE `role_has_permissions` (
  `permission_id` bigint unsigned NOT NULL,
  `role_id` bigint unsigned NOT NULL,
  PRIMARY KEY (`permission_id`,`role_id`),
  KEY `role_has_permissions_role_id_foreign` (`role_id`),
  CONSTRAINT `role_has_permissions_permission_id_foreign` FOREIGN KEY (`permission_id`) REFERENCES `permissions` (`id`) ON DELETE CASCADE,
  CONSTRAINT `role_has_permissions_role_id_foreign` FOREIGN KEY (`role_id`) REFERENCES `roles` (`id`) ON DELETE CASCADE
) ENGINE=InnoDB DEFAULT CHARSET=utf8mb4 COLLATE=utf8mb4_unicode_ci;

INSERT INTO `role_has_permissions` (`permission_id`, `role_id`) VALUES
(20,	1),
(21,	1),
(41,	1),
(42,	1),
(43,	1),
(44,	1),
(45,	1),
(46,	1),
(47,	1),
(48,	1),
(49,	1),
(50,	1),
(51,	1),
(52,	1),
(53,	1),
(54,	1),
(55,	1),
(56,	1),
(57,	1),
(58,	1),
(59,	1),
(60,	1),
(61,	1),
(62,	1),
(63,	1),
(64,	1),
(65,	1),
(66,	1),
(67,	1),
(68,	1),
(69,	1),
(70,	1),
(71,	1),
(72,	1),
(73,	1),
(74,	1),
(75,	1),
(76,	1),
(77,	1),
(78,	1),
(79,	1),
(80,	1),
(81,	1),
(82,	1),
(83,	1),
(84,	1),
(85,	1),
(86,	1),
(87,	1),
(88,	1),
(89,	1),
(90,	1),
(91,	1),
(92,	1),
(93,	1),
(94,	1),
(95,	1),
(96,	1),
(97,	1),
(98,	1),
(99,	1),
(100,	1),
(101,	1),
(102,	1),
(103,	1),
(104,	1),
(105,	1),
(106,	1),
(107,	1),
(108,	1),
(109,	1),
(110,	1),
(111,	1),
(112,	1),
(113,	1),
(114,	1),
(115,	1),
(116,	1),
(117,	1),
(118,	1),
(119,	1),
(120,	1),
(121,	1),
(122,	1),
(123,	1),
(124,	1),
(125,	1),
(126,	1),
(127,	1),
(128,	1),
(129,	1),
(130,	1),
(131,	1),
(132,	1),
(133,	1),
(134,	1),
(135,	1),
(136,	1),
(137,	1),
(138,	1),
(139,	1),
(140,	1),
(141,	1),
(142,	1),
(143,	1),
(144,	1),
(145,	1),
(146,	1),
(147,	1),
(148,	1),
(149,	1),
(150,	1),
(151,	1),
(152,	1),
(153,	1),
(154,	1),
(155,	1),
(156,	1),
(157,	1),
(158,	1),
(159,	1),
(160,	1),
(161,	1),
(162,	1),
(163,	1),
(164,	1),
(165,	1),
(166,	1),
(167,	1),
(168,	1),
(169,	1),
(170,	1),
(171,	1),
(172,	1),
(173,	1),
(174,	1),
(175,	1),
(176,	1),
(177,	1),
(178,	1),
(179,	1),
(180,	1),
(181,	1),
(182,	1),
(183,	1),
(184,	1),
(185,	1),
(186,	1),
(187,	1),
(188,	1),
(189,	1),
(190,	1),
(191,	1),
(192,	1),
(193,	1),
(194,	1),
(195,	1),
(196,	1),
(197,	1),
(198,	1),
(199,	1),
(200,	1),
(201,	1),
(202,	1),
(203,	1),
(204,	1),
(205,	1),
(206,	1),
(207,	1),
(208,	1),
(209,	1),
(210,	1),
(211,	1),
(212,	1),
(213,	1),
(214,	1),
(215,	1),
(216,	1),
(217,	1),
(218,	1),
(219,	1),
(220,	1),
(221,	1),
(222,	1),
(223,	1),
(224,	1),
(225,	1),
(226,	1),
(227,	1),
(228,	1),
(229,	1),
(230,	1),
(231,	1),
(232,	1),
(233,	1),
(234,	1),
(235,	1),
(236,	1),
(237,	1),
(238,	1),
(239,	1),
(240,	1),
(241,	1),
(242,	1),
(243,	1),
(244,	1),
(245,	1),
(246,	1),
(247,	1),
(248,	1),
(249,	1),
(250,	1),
(251,	1),
(252,	1),
(253,	1),
(254,	1),
(255,	1),
(256,	1),
(257,	1),
(258,	1),
(259,	1),
(260,	1),
(261,	1),
(262,	1),
(263,	1),
(264,	1),
(265,	1),
(266,	1),
(267,	1),
(268,	1),
(269,	1),
(270,	1),
(271,	1),
(272,	1),
(273,	1),
(274,	1),
(275,	1),
(276,	1),
(277,	1),
(278,	1),
(279,	1),
(280,	1),
(281,	1),
(282,	1),
(283,	1),
(284,	1),
(285,	1),
(286,	1),
(287,	1),
(288,	1),
(289,	1),
(290,	1),
(291,	1),
(292,	1),
(293,	1),
(294,	1),
(295,	1),
(296,	1),
(297,	1),
(298,	1),
(299,	1),
(300,	1),
(301,	1),
(302,	1),
(303,	1),
(304,	1),
(305,	1),
(306,	1),
(307,	1),
(308,	1),
(309,	1),
(310,	1),
(311,	1),
(312,	1),
(313,	1),
(314,	1),
(315,	1),
(316,	1),
(317,	1),
(318,	1),
(319,	1),
(320,	1),
(321,	1),
(12,	2),
(13,	2),
(14,	2),
(16,	2),
(17,	2),
(18,	2),
(26,	2),
(27,	2),
(28,	2),
(29,	2),
(30,	2),
(31,	2),
(32,	2),
(33,	2),
(35,	2),
(36,	2),
(37,	2),
(38,	2),
(40,	2),
(12,	4),
(13,	4),
(14,	4),
(16,	4),
(17,	4),
(35,	4),
(12,	5),
(16,	5),
(20,	5),
(21,	5),
(22,	5),
(35,	5),
(12,	6),
(14,	6),
(16,	6),
(23,	6),
(24,	6),
(25,	6),
(26,	6),
(12,	7),
(16,	7),
(26,	7),
(29,	7),
(30,	7),
(31,	7),
(32,	7),
(33,	7);

DROP TABLE IF EXISTS `roles`;
CREATE TABLE `roles` (
  `id` bigint unsigned NOT NULL AUTO_INCREMENT,
  `name` varchar(255) COLLATE utf8mb4_unicode_ci NOT NULL,
  `guard_name` varchar(255) COLLATE utf8mb4_unicode_ci NOT NULL,
  `created_at` timestamp NULL DEFAULT NULL,
  `updated_at` timestamp NULL DEFAULT NULL,
  PRIMARY KEY (`id`),
  UNIQUE KEY `roles_name_guard_name_unique` (`name`,`guard_name`)
) ENGINE=InnoDB DEFAULT CHARSET=utf8mb4 COLLATE=utf8mb4_unicode_ci;

INSERT INTO `roles` (`id`, `name`, `guard_name`, `created_at`, `updated_at`) VALUES
(1,	'super_admin',	'web',	'2025-11-11 16:38:51',	'2025-11-11 16:38:51'),
(2,	'admin',	'web',	'2025-11-13 03:22:04',	'2025-11-13 03:22:04'),
(3,	'branch_manager',	'web',	'2025-11-13 03:22:04',	'2025-11-13 03:22:04'),
(4,	'receptionist',	'web',	'2025-11-13 03:22:04',	'2025-11-13 03:22:04'),
(5,	'triage_nurse',	'web',	'2025-11-13 03:22:04',	'2025-11-13 03:22:04'),
(6,	'intake_officer',	'web',	'2025-11-13 03:22:04',	'2025-11-13 03:22:04'),
(7,	'billing_officer',	'web',	'2025-11-13 03:22:04',	'2025-11-13 03:22:04'),
(8,	'service_provider',	'web',	'2025-11-13 03:22:04',	'2025-11-13 03:22:04'),
(9,	'queue_manager',	'web',	'2025-11-13 03:22:04',	'2025-11-13 03:22:04');

DROP TABLE IF EXISTS `school_placements`;
CREATE TABLE `school_placements` (
  `id` bigint unsigned NOT NULL AUTO_INCREMENT,
  `client_id` bigint unsigned NOT NULL,
  `school_id` bigint unsigned NOT NULL,
  `placement_type` enum('special_school','integrated_program','inclusive_education','home_schooling') COLLATE utf8mb4_unicode_ci NOT NULL DEFAULT 'special_school',
  `program` varchar(255) COLLATE utf8mb4_unicode_ci DEFAULT NULL COMMENT 'Specific program: Vision Impairment Support, etc.',
  `grade_level` varchar(255) COLLATE utf8mb4_unicode_ci NOT NULL,
  `admission_date` date NOT NULL,
  `expected_completion_date` date DEFAULT NULL,
  `status` enum('pending','active','completed','transferred','discontinued','graduated') COLLATE utf8mb4_unicode_ci NOT NULL DEFAULT 'pending',
  `support_services` json DEFAULT NULL COMMENT 'Array of support services provided',
  `academic_performance` varchar(255) COLLATE utf8mb4_unicode_ci DEFAULT NULL COMMENT 'Latest academic performance: excellent, good, fair, poor',
  `social_performance` varchar(255) COLLATE utf8mb4_unicode_ci DEFAULT NULL COMMENT 'Social integration: excellent, good, fair, poor',
  `special_needs` text COLLATE utf8mb4_unicode_ci COMMENT 'Specific accommodations/modifications needed',
  `last_review_date` date DEFAULT NULL,
  `review_notes` text COLLATE utf8mb4_unicode_ci,
  `placement_officer_id` bigint unsigned DEFAULT NULL,
  `assessment_summary` text COLLATE utf8mb4_unicode_ci COMMENT 'Summary of assessments that led to placement',
  `placement_letter_path` varchar(255) COLLATE utf8mb4_unicode_ci DEFAULT NULL COMMENT 'Path to placement letter PDF',
  `end_date` date DEFAULT NULL,
  `exit_reason` enum('completed','transferred','discontinued','graduated','other') COLLATE utf8mb4_unicode_ci DEFAULT NULL,
  `exit_notes` text COLLATE utf8mb4_unicode_ci,
  `school_contact_person` varchar(255) COLLATE utf8mb4_unicode_ci DEFAULT NULL,
  `school_contact_phone` varchar(255) COLLATE utf8mb4_unicode_ci DEFAULT NULL,
  `created_at` timestamp NULL DEFAULT NULL,
  `updated_at` timestamp NULL DEFAULT NULL,
  `deleted_at` timestamp NULL DEFAULT NULL,
  PRIMARY KEY (`id`),
  KEY `school_placements_placement_officer_id_foreign` (`placement_officer_id`),
  KEY `school_placements_client_id_status_index` (`client_id`,`status`),
  KEY `school_placements_school_id_index` (`school_id`),
  KEY `school_placements_status_index` (`status`),
  CONSTRAINT `school_placements_client_id_foreign` FOREIGN KEY (`client_id`) REFERENCES `clients` (`id`) ON DELETE CASCADE,
  CONSTRAINT `school_placements_placement_officer_id_foreign` FOREIGN KEY (`placement_officer_id`) REFERENCES `users` (`id`) ON DELETE SET NULL,
  CONSTRAINT `school_placements_school_id_foreign` FOREIGN KEY (`school_id`) REFERENCES `schools` (`id`)
) ENGINE=InnoDB DEFAULT CHARSET=utf8mb4 COLLATE=utf8mb4_unicode_ci;


DROP TABLE IF EXISTS `schools`;
CREATE TABLE `schools` (
  `id` bigint unsigned NOT NULL AUTO_INCREMENT,
  `name` varchar(255) COLLATE utf8mb4_unicode_ci NOT NULL,
  `school_type` enum('special','regular','integrated') COLLATE utf8mb4_unicode_ci NOT NULL DEFAULT 'special',
  `registration_number` varchar(255) COLLATE utf8mb4_unicode_ci DEFAULT NULL,
  `county_id` bigint unsigned NOT NULL,
  `sub_county_id` bigint unsigned DEFAULT NULL,
  `location` varchar(255) COLLATE utf8mb4_unicode_ci DEFAULT NULL,
  `physical_address` text COLLATE utf8mb4_unicode_ci,
  `contact_person` varchar(255) COLLATE utf8mb4_unicode_ci DEFAULT NULL,
  `phone` varchar(255) COLLATE utf8mb4_unicode_ci DEFAULT NULL,
  `email` varchar(255) COLLATE utf8mb4_unicode_ci DEFAULT NULL,
  `website` varchar(255) COLLATE utf8mb4_unicode_ci DEFAULT NULL,
  `specializations` json DEFAULT NULL COMMENT 'Array of disabilities supported: vision_impairment, hearing_impairment, etc.',
  `boarding` tinyint(1) NOT NULL DEFAULT '0',
  `grades_offered` varchar(255) COLLATE utf8mb4_unicode_ci DEFAULT NULL COMMENT 'e.g., ECD-Grade 8, Form 1-4',
  `capacity` int DEFAULT NULL,
  `facilities` json DEFAULT NULL COMMENT 'Array of facilities: library, therapy_room, etc.',
  `support_services` json DEFAULT NULL COMMENT 'Array of services: braille, sign_language, etc.',
  `status` enum('active','inactive','pending_approval') COLLATE utf8mb4_unicode_ci NOT NULL DEFAULT 'active',
  `notes` text COLLATE utf8mb4_unicode_ci,
  `created_at` timestamp NULL DEFAULT NULL,
  `updated_at` timestamp NULL DEFAULT NULL,
  `deleted_at` timestamp NULL DEFAULT NULL,
  PRIMARY KEY (`id`),
  UNIQUE KEY `schools_registration_number_unique` (`registration_number`),
  KEY `schools_sub_county_id_foreign` (`sub_county_id`),
  KEY `schools_school_type_index` (`school_type`),
  KEY `schools_county_id_index` (`county_id`),
  KEY `schools_status_index` (`status`),
  CONSTRAINT `schools_county_id_foreign` FOREIGN KEY (`county_id`) REFERENCES `counties` (`id`),
  CONSTRAINT `schools_sub_county_id_foreign` FOREIGN KEY (`sub_county_id`) REFERENCES `sub_counties` (`id`)
) ENGINE=InnoDB DEFAULT CHARSET=utf8mb4 COLLATE=utf8mb4_unicode_ci;


DROP TABLE IF EXISTS `service_bookings`;
CREATE TABLE `service_bookings` (
  `id` bigint unsigned NOT NULL AUTO_INCREMENT,
  `visit_id` bigint unsigned DEFAULT NULL,
  `client_id` bigint unsigned DEFAULT NULL,
  `service_id` bigint unsigned DEFAULT NULL,
  `department_id` bigint unsigned DEFAULT NULL,
  `booking_type` varchar(100) CHARACTER SET utf8mb4 COLLATE utf8mb4_unicode_ci DEFAULT 'single',
  `booking_date` datetime DEFAULT NULL,
  `session_count` int DEFAULT '1',
  `estimated_duration` int DEFAULT NULL COMMENT 'Duration in minutes',
  `priority_level` int DEFAULT '3' COMMENT '1=High, 3=Normal, 5=Low',
  `payment_status` varchar(100) CHARACTER SET utf8mb4 COLLATE utf8mb4_unicode_ci DEFAULT 'pending',
  `service_status` varchar(100) CHARACTER SET utf8mb4 COLLATE utf8mb4_unicode_ci DEFAULT 'scheduled',
  `assigned_provider_id` bigint unsigned DEFAULT NULL,
  `insurance_provider_id` bigint unsigned DEFAULT NULL,
  `quantity` int DEFAULT '1',
  `unit_price` decimal(10,2) DEFAULT NULL,
  `total_price` decimal(10,2) DEFAULT NULL,
  `status` varchar(100) CHARACTER SET utf8mb4 COLLATE utf8mb4_unicode_ci DEFAULT 'pending',
  `source` varchar(100) CHARACTER SET utf8mb4 COLLATE utf8mb4_unicode_ci DEFAULT NULL,
  `booked_by` bigint unsigned DEFAULT NULL,
  `notes` text COLLATE utf8mb4_unicode_ci,
  `booked_at` timestamp NULL DEFAULT CURRENT_TIMESTAMP,
  `created_at` timestamp NULL DEFAULT NULL,
  `updated_at` timestamp NULL DEFAULT NULL,
  `deleted_at` timestamp NULL DEFAULT NULL,
  PRIMARY KEY (`id`),
  KEY `service_bookings_booked_by_foreign` (`booked_by`),
  KEY `service_bookings_visit_id_index` (`visit_id`),
  KEY `service_bookings_client_id_index` (`client_id`),
  KEY `service_bookings_service_id_index` (`service_id`),
  KEY `service_bookings_department_id_index` (`department_id`),
  KEY `service_bookings_status_index` (`status`),
  KEY `service_bookings_assigned_provider_id_foreign` (`assigned_provider_id`),
  KEY `service_bookings_insurance_provider_id_foreign` (`insurance_provider_id`),
  CONSTRAINT `service_bookings_assigned_provider_id_foreign` FOREIGN KEY (`assigned_provider_id`) REFERENCES `users` (`id`) ON DELETE SET NULL,
  CONSTRAINT `service_bookings_booked_by_foreign` FOREIGN KEY (`booked_by`) REFERENCES `users` (`id`) ON DELETE CASCADE,
  CONSTRAINT `service_bookings_client_id_foreign` FOREIGN KEY (`client_id`) REFERENCES `clients` (`id`) ON DELETE CASCADE,
  CONSTRAINT `service_bookings_department_id_foreign` FOREIGN KEY (`department_id`) REFERENCES `departments` (`id`) ON DELETE RESTRICT,
  CONSTRAINT `service_bookings_insurance_provider_id_foreign` FOREIGN KEY (`insurance_provider_id`) REFERENCES `insurance_providers` (`id`),
  CONSTRAINT `service_bookings_service_id_foreign` FOREIGN KEY (`service_id`) REFERENCES `services` (`id`) ON DELETE RESTRICT,
  CONSTRAINT `service_bookings_visit_id_foreign` FOREIGN KEY (`visit_id`) REFERENCES `visits` (`id`) ON DELETE CASCADE
) ENGINE=InnoDB DEFAULT CHARSET=utf8mb4 COLLATE=utf8mb4_unicode_ci;

INSERT INTO `service_bookings` (`id`, `visit_id`, `client_id`, `service_id`, `department_id`, `booking_type`, `booking_date`, `session_count`, `estimated_duration`, `priority_level`, `payment_status`, `service_status`, `assigned_provider_id`, `insurance_provider_id`, `quantity`, `unit_price`, `total_price`, `status`, `source`, `booked_by`, `notes`, `booked_at`, `created_at`, `updated_at`, `deleted_at`) VALUES
(1,	3,	2,	8,	4,	'single',	NULL,	1,	NULL,	3,	'pending',	'not_started',	NULL,	NULL,	1,	NULL,	NULL,	'pending_payment',	NULL,	8,	NULL,	'2025-11-19 17:23:52',	'2025-11-19 14:23:52',	'2025-11-19 14:23:52',	NULL),
(2,	3,	2,	4,	2,	'single',	NULL,	1,	NULL,	3,	'pending',	'not_started',	NULL,	NULL,	1,	NULL,	NULL,	'pending_payment',	NULL,	8,	NULL,	'2025-11-19 17:23:52',	'2025-11-19 14:23:52',	'2025-11-19 14:23:52',	NULL),
(3,	13,	9,	1,	1,	'primary',	'2026-01-27 16:47:00',	1,	NULL,	3,	'paid',	'scheduled',	NULL,	NULL,	1,	NULL,	NULL,	'confirmed',	NULL,	8,	NULL,	'2026-01-27 16:47:00',	'2026-01-27 13:47:00',	'2026-01-27 13:55:33',	NULL),
(4,	5,	5,	3,	2,	'primary',	'2026-01-27 21:38:33',	1,	NULL,	3,	'paid',	'scheduled',	NULL,	NULL,	1,	NULL,	NULL,	'confirmed',	NULL,	8,	'Officia autem labori',	'2026-01-27 21:38:33',	'2026-01-27 18:38:33',	'2026-01-30 13:29:46',	NULL),
(5,	14,	10,	1,	1,	'primary',	'2026-01-29 17:39:30',	1,	NULL,	3,	'pending',	'scheduled',	NULL,	NULL,	1,	NULL,	NULL,	'confirmed',	NULL,	8,	'Distinctio Anim neq',	'2026-01-29 17:39:30',	'2026-01-29 14:39:30',	'2026-01-29 15:44:20',	NULL),
(6,	14,	10,	5,	3,	'secondary',	'2026-01-29 17:39:30',	1,	NULL,	3,	'pending',	'scheduled',	NULL,	NULL,	1,	NULL,	NULL,	'confirmed',	NULL,	8,	NULL,	'2026-01-29 17:39:30',	'2026-01-29 14:39:30',	'2026-01-29 15:44:20',	NULL),
(7,	15,	11,	11,	7,	'primary',	'2026-02-04 15:55:50',	1,	NULL,	3,	'paid',	'scheduled',	NULL,	NULL,	1,	NULL,	NULL,	'confirmed',	NULL,	8,	'Minus quo quae at qu',	'2026-02-04 15:55:50',	'2026-02-04 12:55:50',	'2026-02-04 13:38:09',	NULL),
(8,	16,	12,	11,	7,	'primary',	'2026-02-05 19:24:38',	1,	NULL,	3,	'paid',	'scheduled',	NULL,	NULL,	1,	NULL,	NULL,	'confirmed',	NULL,	8,	'Nulla autem sunt hic',	'2026-02-05 19:24:38',	'2026-02-05 16:24:38',	'2026-02-06 03:29:55',	NULL),
(9,	17,	13,	7,	4,	'primary',	'2026-02-18 05:34:27',	1,	NULL,	3,	'paid',	'scheduled',	NULL,	NULL,	1,	NULL,	NULL,	'confirmed',	NULL,	8,	NULL,	'2026-02-18 05:34:27',	'2026-02-18 02:34:27',	'2026-02-18 02:44:41',	NULL),
(10,	18,	14,	11,	7,	'primary',	'2026-02-18 06:40:32',	1,	NULL,	3,	'paid',	'scheduled',	NULL,	NULL,	1,	NULL,	NULL,	'confirmed',	NULL,	8,	NULL,	'2026-02-18 06:40:32',	'2026-02-18 03:40:32',	'2026-02-18 03:49:18',	NULL),
(11,	18,	14,	7,	4,	'secondary',	'2026-02-18 06:40:32',	1,	NULL,	3,	'paid',	'scheduled',	NULL,	NULL,	1,	NULL,	NULL,	'confirmed',	NULL,	8,	NULL,	'2026-02-18 06:40:32',	'2026-02-18 03:40:32',	'2026-02-18 03:49:18',	NULL),
(12,	19,	15,	1,	1,	'primary',	'2026-02-19 06:55:41',	1,	NULL,	3,	'paid',	'scheduled',	NULL,	NULL,	1,	NULL,	NULL,	'confirmed',	NULL,	8,	NULL,	'2026-02-19 06:55:41',	'2026-02-19 03:55:41',	'2026-02-19 04:16:46',	NULL);

DROP TABLE IF EXISTS `service_insurance_prices`;
CREATE TABLE `service_insurance_prices` (
  `id` bigint unsigned NOT NULL AUTO_INCREMENT,
  `service_id` bigint unsigned NOT NULL,
  `insurance_provider_id` bigint unsigned NOT NULL,
  `covered_amount` decimal(10,2) NOT NULL,
  `client_copay` decimal(10,2) NOT NULL DEFAULT '0.00',
  `coverage_percentage` decimal(5,2) NOT NULL DEFAULT '100.00',
  `is_fully_covered` tinyint(1) NOT NULL DEFAULT '1',
  `requires_preauthorization` tinyint(1) NOT NULL DEFAULT '0',
  `preauthorization_code` varchar(255) COLLATE utf8mb4_unicode_ci DEFAULT NULL,
  `effective_from` date DEFAULT NULL,
  `effective_to` date DEFAULT NULL,
  `is_active` tinyint(1) NOT NULL DEFAULT '1',
  `notes` text COLLATE utf8mb4_unicode_ci,
  `created_at` timestamp NULL DEFAULT NULL,
  `updated_at` timestamp NULL DEFAULT NULL,
  `sponsor_percentage` decimal(5,2) NOT NULL DEFAULT '100.00' COMMENT 'Percentage paid by sponsor (0-100)',
  `client_percentage` decimal(5,2) NOT NULL DEFAULT '0.00' COMMENT 'Percentage paid by client (0-100)',
  `client_copay_amount` decimal(10,2) DEFAULT NULL COMMENT 'Fixed copay amount (overrides percentage if set)',
  PRIMARY KEY (`id`),
  KEY `service_insurance_prices_service_id_foreign` (`service_id`),
  KEY `service_insurance_prices_insurance_provider_id_foreign` (`insurance_provider_id`),
  CONSTRAINT `service_insurance_prices_insurance_provider_id_foreign` FOREIGN KEY (`insurance_provider_id`) REFERENCES `insurance_providers` (`id`) ON DELETE CASCADE,
  CONSTRAINT `service_insurance_prices_service_id_foreign` FOREIGN KEY (`service_id`) REFERENCES `services` (`id`) ON DELETE CASCADE
) ENGINE=InnoDB DEFAULT CHARSET=utf8mb4 COLLATE=utf8mb4_unicode_ci;

INSERT INTO `service_insurance_prices` (`id`, `service_id`, `insurance_provider_id`, `covered_amount`, `client_copay`, `coverage_percentage`, `is_fully_covered`, `requires_preauthorization`, `preauthorization_code`, `effective_from`, `effective_to`, `is_active`, `notes`, `created_at`, `updated_at`, `sponsor_percentage`, `client_percentage`, `client_copay_amount`) VALUES
(1,	1,	1,	1500.00,	500.00,	75.00,	0,	0,	NULL,	NULL,	NULL,	1,	'SHA Standard 80/20 Split',	'2025-11-14 05:05:35',	'2025-11-14 05:05:35',	80.00,	20.00,	NULL),
(2,	1,	2,	1000.00,	1000.00,	50.00,	0,	1,	NULL,	NULL,	NULL,	1,	'NCPWD Full Coverage',	'2025-11-14 05:05:35',	'2025-11-14 05:05:35',	100.00,	0.00,	NULL),
(3,	1,	3,	1600.00,	400.00,	80.00,	0,	0,	NULL,	NULL,	NULL,	1,	NULL,	'2025-11-14 05:05:35',	'2025-11-14 05:05:35',	100.00,	0.00,	NULL),
(4,	1,	4,	1800.00,	200.00,	90.00,	0,	1,	NULL,	NULL,	NULL,	1,	NULL,	'2025-11-14 05:05:35',	'2025-11-14 05:05:35',	100.00,	0.00,	NULL),
(5,	1,	5,	1700.00,	300.00,	85.00,	0,	1,	NULL,	NULL,	NULL,	1,	NULL,	'2025-11-14 05:05:35',	'2025-11-14 05:05:35',	100.00,	0.00,	NULL),
(6,	2,	1,	1125.00,	375.00,	75.00,	0,	0,	NULL,	NULL,	NULL,	1,	'SHA Standard 80/20 Split',	'2025-11-14 05:05:35',	'2025-11-14 05:05:35',	80.00,	20.00,	NULL),
(7,	2,	2,	750.00,	750.00,	50.00,	0,	1,	NULL,	NULL,	NULL,	1,	'NCPWD Full Coverage',	'2025-11-14 05:05:35',	'2025-11-14 05:05:35',	100.00,	0.00,	NULL),
(8,	2,	3,	1200.00,	300.00,	80.00,	0,	0,	NULL,	NULL,	NULL,	1,	NULL,	'2025-11-14 05:05:35',	'2025-11-14 05:05:35',	100.00,	0.00,	NULL),
(9,	2,	4,	1350.00,	150.00,	90.00,	0,	1,	NULL,	NULL,	NULL,	1,	NULL,	'2025-11-14 05:05:35',	'2025-11-14 05:05:35',	100.00,	0.00,	NULL),
(10,	2,	5,	1275.00,	225.00,	85.00,	0,	1,	NULL,	NULL,	NULL,	1,	NULL,	'2025-11-14 05:05:35',	'2025-11-14 05:05:35',	100.00,	0.00,	NULL),
(11,	3,	1,	1875.00,	625.00,	75.00,	0,	0,	NULL,	NULL,	NULL,	1,	'SHA Standard 80/20 Split',	'2025-11-14 05:05:35',	'2025-11-14 05:05:35',	80.00,	20.00,	NULL),
(12,	3,	2,	1250.00,	1250.00,	50.00,	0,	1,	NULL,	NULL,	NULL,	1,	'NCPWD Full Coverage',	'2025-11-14 05:05:35',	'2025-11-14 05:05:35',	100.00,	0.00,	NULL),
(13,	3,	3,	2000.00,	500.00,	80.00,	0,	0,	NULL,	NULL,	NULL,	1,	NULL,	'2025-11-14 05:05:35',	'2025-11-14 05:05:35',	100.00,	0.00,	NULL),
(14,	3,	4,	2250.00,	250.00,	90.00,	0,	1,	NULL,	NULL,	NULL,	1,	NULL,	'2025-11-14 05:05:35',	'2025-11-14 05:05:35',	100.00,	0.00,	NULL),
(15,	3,	5,	2125.00,	375.00,	85.00,	0,	1,	NULL,	NULL,	NULL,	1,	NULL,	'2025-11-14 05:05:35',	'2025-11-14 05:05:35',	100.00,	0.00,	NULL),
(16,	4,	1,	1350.00,	450.00,	75.00,	0,	0,	NULL,	NULL,	NULL,	1,	'SHA Standard 80/20 Split',	'2025-11-14 05:05:35',	'2025-11-14 05:05:35',	80.00,	20.00,	NULL),
(17,	4,	2,	900.00,	900.00,	50.00,	0,	1,	NULL,	NULL,	NULL,	1,	'NCPWD Full Coverage',	'2025-11-14 05:05:35',	'2025-11-14 05:05:35',	100.00,	0.00,	NULL),
(18,	4,	3,	1440.00,	360.00,	80.00,	0,	0,	NULL,	NULL,	NULL,	1,	NULL,	'2025-11-14 05:05:35',	'2025-11-14 05:05:35',	100.00,	0.00,	NULL),
(19,	4,	4,	1620.00,	180.00,	90.00,	0,	1,	NULL,	NULL,	NULL,	1,	NULL,	'2025-11-14 05:05:35',	'2025-11-14 05:05:35',	100.00,	0.00,	NULL),
(20,	4,	5,	1530.00,	270.00,	85.00,	0,	1,	NULL,	NULL,	NULL,	1,	NULL,	'2025-11-14 05:05:35',	'2025-11-14 05:05:35',	100.00,	0.00,	NULL),
(21,	5,	1,	2250.00,	750.00,	75.00,	0,	0,	NULL,	NULL,	NULL,	1,	'SHA Standard 80/20 Split',	'2025-11-14 05:05:35',	'2025-11-14 05:05:35',	80.00,	20.00,	NULL),
(22,	5,	2,	1500.00,	1500.00,	50.00,	0,	1,	NULL,	NULL,	NULL,	1,	'NCPWD Full Coverage',	'2025-11-14 05:05:35',	'2025-11-14 05:05:35',	100.00,	0.00,	NULL),
(23,	5,	3,	2400.00,	600.00,	80.00,	0,	0,	NULL,	NULL,	NULL,	1,	NULL,	'2025-11-14 05:05:35',	'2025-11-14 05:05:35',	100.00,	0.00,	NULL),
(24,	5,	4,	2700.00,	300.00,	90.00,	0,	1,	NULL,	NULL,	NULL,	1,	NULL,	'2025-11-14 05:05:35',	'2025-11-14 05:05:35',	100.00,	0.00,	NULL),
(25,	5,	5,	2550.00,	450.00,	85.00,	0,	1,	NULL,	NULL,	NULL,	1,	NULL,	'2025-11-14 05:05:35',	'2025-11-14 05:05:35',	100.00,	0.00,	NULL),
(26,	6,	1,	1500.00,	500.00,	75.00,	0,	0,	NULL,	NULL,	NULL,	1,	'SHA Standard 80/20 Split',	'2025-11-14 05:05:35',	'2025-11-14 05:05:35',	80.00,	20.00,	NULL),
(27,	6,	2,	1000.00,	1000.00,	50.00,	0,	1,	NULL,	NULL,	NULL,	1,	'NCPWD Full Coverage',	'2025-11-14 05:05:35',	'2025-11-14 05:05:35',	100.00,	0.00,	NULL),
(28,	6,	3,	1600.00,	400.00,	80.00,	0,	0,	NULL,	NULL,	NULL,	1,	NULL,	'2025-11-14 05:05:35',	'2025-11-14 05:05:35',	100.00,	0.00,	NULL),
(29,	6,	4,	1800.00,	200.00,	90.00,	0,	1,	NULL,	NULL,	NULL,	1,	NULL,	'2025-11-14 05:05:35',	'2025-11-14 05:05:35',	100.00,	0.00,	NULL),
(30,	6,	5,	1700.00,	300.00,	85.00,	0,	1,	NULL,	NULL,	NULL,	1,	NULL,	'2025-11-14 05:05:35',	'2025-11-14 05:05:35',	100.00,	0.00,	NULL),
(31,	7,	1,	3000.00,	1000.00,	75.00,	0,	0,	NULL,	NULL,	NULL,	1,	'SHA Standard 80/20 Split',	'2025-11-14 05:05:35',	'2025-11-14 05:05:35',	80.00,	20.00,	NULL),
(32,	7,	2,	2000.00,	2000.00,	50.00,	0,	1,	NULL,	NULL,	NULL,	1,	'NCPWD Full Coverage',	'2025-11-14 05:05:35',	'2025-11-14 05:05:35',	100.00,	0.00,	NULL),
(33,	7,	3,	3200.00,	800.00,	80.00,	0,	0,	NULL,	NULL,	NULL,	1,	NULL,	'2025-11-14 05:05:35',	'2025-11-14 05:05:35',	100.00,	0.00,	NULL),
(34,	7,	4,	3600.00,	400.00,	90.00,	0,	1,	NULL,	NULL,	NULL,	1,	NULL,	'2025-11-14 05:05:35',	'2025-11-14 05:05:35',	100.00,	0.00,	NULL),
(35,	7,	5,	3400.00,	600.00,	85.00,	0,	1,	NULL,	NULL,	NULL,	1,	NULL,	'2025-11-14 05:05:35',	'2025-11-14 05:05:35',	100.00,	0.00,	NULL),
(36,	8,	1,	1125.00,	375.00,	75.00,	0,	0,	NULL,	NULL,	NULL,	1,	'SHA Standard 80/20 Split',	'2025-11-14 05:05:35',	'2025-11-14 05:05:35',	80.00,	20.00,	NULL),
(37,	8,	2,	750.00,	750.00,	50.00,	0,	1,	NULL,	NULL,	NULL,	1,	'NCPWD Full Coverage',	'2025-11-14 05:05:35',	'2025-11-14 05:05:35',	100.00,	0.00,	NULL),
(38,	8,	3,	1200.00,	300.00,	80.00,	0,	0,	NULL,	NULL,	NULL,	1,	NULL,	'2025-11-14 05:05:35',	'2025-11-14 05:05:35',	100.00,	0.00,	NULL),
(39,	8,	4,	1350.00,	150.00,	90.00,	0,	1,	NULL,	NULL,	NULL,	1,	NULL,	'2025-11-14 05:05:35',	'2025-11-14 05:05:35',	100.00,	0.00,	NULL),
(40,	8,	5,	1275.00,	225.00,	85.00,	0,	1,	NULL,	NULL,	NULL,	1,	NULL,	'2025-11-14 05:05:35',	'2025-11-14 05:05:35',	100.00,	0.00,	NULL),
(41,	9,	1,	2625.00,	875.00,	75.00,	0,	0,	NULL,	NULL,	NULL,	1,	'SHA Standard 80/20 Split',	'2025-11-14 05:05:35',	'2025-11-14 05:05:35',	80.00,	20.00,	NULL),
(42,	9,	2,	1750.00,	1750.00,	50.00,	0,	1,	NULL,	NULL,	NULL,	1,	'NCPWD Full Coverage',	'2025-11-14 05:05:35',	'2025-11-14 05:05:35',	100.00,	0.00,	NULL),
(43,	9,	3,	2800.00,	700.00,	80.00,	0,	0,	NULL,	NULL,	NULL,	1,	NULL,	'2025-11-14 05:05:35',	'2025-11-14 05:05:35',	100.00,	0.00,	NULL),
(44,	9,	4,	3150.00,	350.00,	90.00,	0,	1,	NULL,	NULL,	NULL,	1,	NULL,	'2025-11-14 05:05:35',	'2025-11-14 05:05:35',	100.00,	0.00,	NULL),
(45,	9,	5,	2975.00,	525.00,	85.00,	0,	1,	NULL,	NULL,	NULL,	1,	NULL,	'2025-11-14 05:05:35',	'2025-11-14 05:05:35',	100.00,	0.00,	NULL),
(46,	10,	1,	1875.00,	625.00,	75.00,	0,	0,	NULL,	NULL,	NULL,	1,	'SHA Standard 80/20 Split',	'2025-11-14 05:05:35',	'2025-11-14 05:05:35',	80.00,	20.00,	NULL),
(47,	10,	2,	1250.00,	1250.00,	50.00,	0,	1,	NULL,	NULL,	NULL,	1,	'NCPWD Full Coverage',	'2025-11-14 05:05:35',	'2025-11-14 05:05:35',	100.00,	0.00,	NULL),
(48,	10,	3,	2000.00,	500.00,	80.00,	0,	0,	NULL,	NULL,	NULL,	1,	NULL,	'2025-11-14 05:05:35',	'2025-11-14 05:05:35',	100.00,	0.00,	NULL),
(49,	10,	4,	2250.00,	250.00,	90.00,	0,	1,	NULL,	NULL,	NULL,	1,	NULL,	'2025-11-14 05:05:35',	'2025-11-14 05:05:35',	100.00,	0.00,	NULL),
(50,	10,	5,	2125.00,	375.00,	85.00,	0,	1,	NULL,	NULL,	NULL,	1,	NULL,	'2025-11-14 05:05:35',	'2025-11-14 05:05:35',	100.00,	0.00,	NULL);

DROP TABLE IF EXISTS `service_notes`;
CREATE TABLE `service_notes` (
  `id` bigint unsigned NOT NULL AUTO_INCREMENT,
  `service_session_id` bigint unsigned NOT NULL,
  `client_id` bigint unsigned NOT NULL,
  `provider_id` bigint unsigned NOT NULL,
  `note_type` enum('progress','clinical','administrative','safety','other') COLLATE utf8mb4_unicode_ci NOT NULL DEFAULT 'progress',
  `note_content` text COLLATE utf8mb4_unicode_ci NOT NULL,
  `is_confidential` tinyint(1) NOT NULL DEFAULT '0',
  `is_locked` tinyint(1) NOT NULL DEFAULT '0',
  `locked_at` timestamp NULL DEFAULT NULL,
  `attachments` json DEFAULT NULL,
  `created_at` timestamp NULL DEFAULT NULL,
  `updated_at` timestamp NULL DEFAULT NULL,
  `deleted_at` timestamp NULL DEFAULT NULL,
  PRIMARY KEY (`id`),
  KEY `service_notes_service_session_id_index` (`service_session_id`),
  KEY `service_notes_client_id_index` (`client_id`),
  KEY `service_notes_provider_id_index` (`provider_id`),
  KEY `service_notes_note_type_index` (`note_type`),
  KEY `service_notes_is_confidential_index` (`is_confidential`),
  CONSTRAINT `service_notes_client_id_foreign` FOREIGN KEY (`client_id`) REFERENCES `clients` (`id`) ON DELETE CASCADE,
  CONSTRAINT `service_notes_provider_id_foreign` FOREIGN KEY (`provider_id`) REFERENCES `users` (`id`) ON DELETE RESTRICT,
  CONSTRAINT `service_notes_service_session_id_foreign` FOREIGN KEY (`service_session_id`) REFERENCES `service_sessions` (`id`) ON DELETE CASCADE
) ENGINE=InnoDB DEFAULT CHARSET=utf8mb4 COLLATE=utf8mb4_unicode_ci;


DROP TABLE IF EXISTS `service_point_verifications`;
CREATE TABLE `service_point_verifications` (
  `id` bigint unsigned NOT NULL AUTO_INCREMENT,
  `visit_id` bigint unsigned NOT NULL,
  `client_id` bigint unsigned NOT NULL,
  `service_booking_id` bigint unsigned NOT NULL,
  `department_id` bigint unsigned NOT NULL,
  `verified_by` bigint unsigned NOT NULL,
  `verification_time` timestamp NOT NULL,
  `verification_status` enum('verified','payment_missing','wrong_department','service_unavailable','pending') COLLATE utf8mb4_unicode_ci NOT NULL DEFAULT 'pending',
  `payment_verified` tinyint(1) NOT NULL DEFAULT '0',
  `booking_verified` tinyint(1) NOT NULL DEFAULT '0',
  `routing_verified` tinyint(1) NOT NULL DEFAULT '0',
  `service_available` tinyint(1) NOT NULL DEFAULT '1',
  `provider_assigned_id` bigint unsigned DEFAULT NULL,
  `room_assigned` varchar(100) COLLATE utf8mb4_unicode_ci DEFAULT NULL,
  `unavailability_reason` text COLLATE utf8mb4_unicode_ci,
  `rescheduled_to` timestamp NULL DEFAULT NULL,
  `sensitization_notes` text COLLATE utf8mb4_unicode_ci,
  `signed_in_at` timestamp NULL DEFAULT NULL,
  `notes` text COLLATE utf8mb4_unicode_ci,
  `created_at` timestamp NULL DEFAULT NULL,
  `updated_at` timestamp NULL DEFAULT NULL,
  `deleted_at` timestamp NULL DEFAULT NULL,
  PRIMARY KEY (`id`),
  KEY `service_point_verifications_visit_id_foreign` (`visit_id`),
  KEY `service_point_verifications_client_id_foreign` (`client_id`),
  KEY `service_point_verifications_service_booking_id_foreign` (`service_booking_id`),
  KEY `service_point_verifications_department_id_foreign` (`department_id`),
  KEY `service_point_verifications_verified_by_foreign` (`verified_by`),
  KEY `service_point_verifications_provider_assigned_id_foreign` (`provider_assigned_id`),
  CONSTRAINT `service_point_verifications_client_id_foreign` FOREIGN KEY (`client_id`) REFERENCES `clients` (`id`) ON DELETE CASCADE,
  CONSTRAINT `service_point_verifications_department_id_foreign` FOREIGN KEY (`department_id`) REFERENCES `departments` (`id`) ON DELETE CASCADE,
  CONSTRAINT `service_point_verifications_provider_assigned_id_foreign` FOREIGN KEY (`provider_assigned_id`) REFERENCES `users` (`id`) ON DELETE SET NULL,
  CONSTRAINT `service_point_verifications_service_booking_id_foreign` FOREIGN KEY (`service_booking_id`) REFERENCES `service_bookings` (`id`) ON DELETE CASCADE,
  CONSTRAINT `service_point_verifications_verified_by_foreign` FOREIGN KEY (`verified_by`) REFERENCES `users` (`id`),
  CONSTRAINT `service_point_verifications_visit_id_foreign` FOREIGN KEY (`visit_id`) REFERENCES `visits` (`id`) ON DELETE CASCADE
) ENGINE=InnoDB DEFAULT CHARSET=utf8mb4 COLLATE=utf8mb4_unicode_ci;


DROP TABLE IF EXISTS `service_requests`;
CREATE TABLE `service_requests` (
  `id` bigint unsigned NOT NULL AUTO_INCREMENT,
  `visit_id` bigint unsigned NOT NULL,
  `client_id` bigint unsigned NOT NULL,
  `requested_by` bigint unsigned NOT NULL,
  `requesting_department_id` bigint unsigned NOT NULL,
  `service_id` bigint unsigned NOT NULL,
  `service_department_id` bigint unsigned NOT NULL,
  `request_type` enum('additional_service','lab','imaging','internal_referral','consultation','follow_up') COLLATE utf8mb4_unicode_ci NOT NULL DEFAULT 'additional_service',
  `priority` enum('routine','urgent','stat') COLLATE utf8mb4_unicode_ci NOT NULL DEFAULT 'routine',
  `status` enum('pending_payment','paid','in_queue','in_progress','completed','cancelled') COLLATE utf8mb4_unicode_ci NOT NULL DEFAULT 'pending_payment',
  `clinical_notes` text COLLATE utf8mb4_unicode_ci COMMENT 'Reason for request, clinical findings',
  `clinical_findings` text COLLATE utf8mb4_unicode_ci,
  `recommendations` text COLLATE utf8mb4_unicode_ci,
  `cost` decimal(10,2) NOT NULL,
  `payment_method` varchar(255) COLLATE utf8mb4_unicode_ci DEFAULT NULL,
  `client_amount` decimal(10,2) DEFAULT NULL,
  `sponsor_amount` decimal(10,2) DEFAULT NULL,
  `service_booking_id` bigint unsigned DEFAULT NULL,
  `queue_entry_id` bigint unsigned DEFAULT NULL,
  `invoice_id` bigint unsigned DEFAULT NULL,
  `requested_at` timestamp NOT NULL DEFAULT CURRENT_TIMESTAMP,
  `paid_at` timestamp NULL DEFAULT NULL,
  `started_at` timestamp NULL DEFAULT NULL,
  `completed_at` timestamp NULL DEFAULT NULL,
  `cancelled_at` timestamp NULL DEFAULT NULL,
  `created_at` timestamp NULL DEFAULT NULL,
  `updated_at` timestamp NULL DEFAULT NULL,
  `deleted_at` timestamp NULL DEFAULT NULL,
  PRIMARY KEY (`id`),
  KEY `service_requests_requested_by_foreign` (`requested_by`),
  KEY `service_requests_requesting_department_id_foreign` (`requesting_department_id`),
  KEY `service_requests_service_id_foreign` (`service_id`),
  KEY `service_requests_service_booking_id_foreign` (`service_booking_id`),
  KEY `service_requests_queue_entry_id_foreign` (`queue_entry_id`),
  KEY `service_requests_invoice_id_foreign` (`invoice_id`),
  KEY `service_requests_visit_id_status_index` (`visit_id`,`status`),
  KEY `service_requests_client_id_status_index` (`client_id`,`status`),
  KEY `service_requests_service_department_id_status_index` (`service_department_id`,`status`),
  KEY `service_requests_status_index` (`status`),
  CONSTRAINT `service_requests_client_id_foreign` FOREIGN KEY (`client_id`) REFERENCES `clients` (`id`) ON DELETE CASCADE,
  CONSTRAINT `service_requests_invoice_id_foreign` FOREIGN KEY (`invoice_id`) REFERENCES `invoices` (`id`) ON DELETE SET NULL,
  CONSTRAINT `service_requests_queue_entry_id_foreign` FOREIGN KEY (`queue_entry_id`) REFERENCES `queue_entries` (`id`) ON DELETE SET NULL,
  CONSTRAINT `service_requests_requested_by_foreign` FOREIGN KEY (`requested_by`) REFERENCES `users` (`id`),
  CONSTRAINT `service_requests_requesting_department_id_foreign` FOREIGN KEY (`requesting_department_id`) REFERENCES `departments` (`id`),
  CONSTRAINT `service_requests_service_booking_id_foreign` FOREIGN KEY (`service_booking_id`) REFERENCES `service_bookings` (`id`) ON DELETE SET NULL,
  CONSTRAINT `service_requests_service_department_id_foreign` FOREIGN KEY (`service_department_id`) REFERENCES `departments` (`id`),
  CONSTRAINT `service_requests_service_id_foreign` FOREIGN KEY (`service_id`) REFERENCES `services` (`id`),
  CONSTRAINT `service_requests_visit_id_foreign` FOREIGN KEY (`visit_id`) REFERENCES `visits` (`id`) ON DELETE CASCADE
) ENGINE=InnoDB DEFAULT CHARSET=utf8mb4 COLLATE=utf8mb4_unicode_ci;


DROP TABLE IF EXISTS `service_sessions`;
CREATE TABLE `service_sessions` (
  `id` bigint unsigned NOT NULL AUTO_INCREMENT,
  `visit_id` bigint unsigned NOT NULL,
  `client_id` bigint unsigned NOT NULL,
  `service_booking_id` bigint unsigned NOT NULL,
  `service_id` bigint unsigned NOT NULL,
  `department_id` bigint unsigned NOT NULL,
  `provider_id` bigint unsigned NOT NULL,
  `signed_in_by` bigint unsigned DEFAULT NULL,
  `session_number` varchar(50) COLLATE utf8mb4_unicode_ci NOT NULL,
  `session_date` date NOT NULL,
  `start_time` time NOT NULL,
  `end_time` time DEFAULT NULL,
  `duration_minutes` int DEFAULT NULL,
  `baseline_assessment_data` json DEFAULT NULL,
  `intervention_plan` text COLLATE utf8mb4_unicode_ci,
  `status` enum('scheduled','in_progress','completed','cancelled','no_show') COLLATE utf8mb4_unicode_ci NOT NULL DEFAULT 'scheduled',
  `session_goals` text COLLATE utf8mb4_unicode_ci,
  `activities_performed` text COLLATE utf8mb4_unicode_ci,
  `client_response` text COLLATE utf8mb4_unicode_ci,
  `observations` text COLLATE utf8mb4_unicode_ci,
  `recommendations` text COLLATE utf8mb4_unicode_ci,
  `homework_assigned` text COLLATE utf8mb4_unicode_ci,
  `attendance` enum('present','absent','late') COLLATE utf8mb4_unicode_ci DEFAULT NULL,
  `cancellation_reason` text COLLATE utf8mb4_unicode_ci,
  `created_at` timestamp NULL DEFAULT NULL,
  `updated_at` timestamp NULL DEFAULT NULL,
  `deleted_at` timestamp NULL DEFAULT NULL,
  PRIMARY KEY (`id`),
  KEY `service_sessions_service_id_foreign` (`service_id`),
  KEY `service_sessions_department_id_foreign` (`department_id`),
  KEY `service_sessions_visit_id_index` (`visit_id`),
  KEY `service_sessions_client_id_index` (`client_id`),
  KEY `service_sessions_service_booking_id_index` (`service_booking_id`),
  KEY `service_sessions_provider_id_index` (`provider_id`),
  KEY `service_sessions_session_date_index` (`session_date`),
  KEY `service_sessions_status_index` (`status`),
  KEY `service_sessions_signed_in_by_foreign` (`signed_in_by`),
  CONSTRAINT `service_sessions_client_id_foreign` FOREIGN KEY (`client_id`) REFERENCES `clients` (`id`) ON DELETE CASCADE,
  CONSTRAINT `service_sessions_department_id_foreign` FOREIGN KEY (`department_id`) REFERENCES `departments` (`id`) ON DELETE RESTRICT,
  CONSTRAINT `service_sessions_provider_id_foreign` FOREIGN KEY (`provider_id`) REFERENCES `users` (`id`) ON DELETE RESTRICT,
  CONSTRAINT `service_sessions_service_booking_id_foreign` FOREIGN KEY (`service_booking_id`) REFERENCES `service_bookings` (`id`) ON DELETE RESTRICT,
  CONSTRAINT `service_sessions_service_id_foreign` FOREIGN KEY (`service_id`) REFERENCES `services` (`id`) ON DELETE RESTRICT,
  CONSTRAINT `service_sessions_signed_in_by_foreign` FOREIGN KEY (`signed_in_by`) REFERENCES `users` (`id`),
  CONSTRAINT `service_sessions_visit_id_foreign` FOREIGN KEY (`visit_id`) REFERENCES `visits` (`id`) ON DELETE CASCADE
) ENGINE=InnoDB DEFAULT CHARSET=utf8mb4 COLLATE=utf8mb4_unicode_ci;


DROP TABLE IF EXISTS `services`;
CREATE TABLE `services` (
  `id` bigint unsigned NOT NULL AUTO_INCREMENT,
  `code` varchar(50) COLLATE utf8mb4_unicode_ci NOT NULL,
  `name` varchar(200) COLLATE utf8mb4_unicode_ci NOT NULL,
  `description` text COLLATE utf8mb4_unicode_ci,
  `department_id` bigint unsigned NOT NULL,
  `base_price` decimal(10,2) NOT NULL DEFAULT '0.00',
  `sha_covered` tinyint(1) NOT NULL DEFAULT '0',
  `sha_price` decimal(10,2) DEFAULT NULL,
  `ncpwd_covered` tinyint(1) NOT NULL DEFAULT '0',
  `ncpwd_price` decimal(10,2) DEFAULT NULL,
  `requires_assessment` tinyint(1) NOT NULL DEFAULT '0',
  `is_recurring` tinyint(1) NOT NULL DEFAULT '0',
  `duration_minutes` int DEFAULT NULL,
  `is_active` tinyint(1) NOT NULL DEFAULT '1',
  `available_from` date DEFAULT NULL,
  `available_until` date DEFAULT NULL,
  `category` varchar(100) COLLATE utf8mb4_unicode_ci DEFAULT NULL,
  `subcategory` varchar(100) COLLATE utf8mb4_unicode_ci DEFAULT NULL,
  `notes` text COLLATE utf8mb4_unicode_ci,
  `created_at` timestamp NULL DEFAULT NULL,
  `updated_at` timestamp NULL DEFAULT NULL,
  `deleted_at` timestamp NULL DEFAULT NULL,
  PRIMARY KEY (`id`),
  UNIQUE KEY `services_code_unique` (`code`),
  KEY `services_department_id_index` (`department_id`),
  KEY `services_is_active_index` (`is_active`),
  KEY `services_category_index` (`category`),
  KEY `services_code_index` (`code`),
  CONSTRAINT `services_department_id_foreign` FOREIGN KEY (`department_id`) REFERENCES `departments` (`id`) ON DELETE RESTRICT
) ENGINE=InnoDB DEFAULT CHARSET=utf8mb4 COLLATE=utf8mb4_unicode_ci;

INSERT INTO `services` (`id`, `code`, `name`, `description`, `department_id`, `base_price`, `sha_covered`, `sha_price`, `ncpwd_covered`, `ncpwd_price`, `requires_assessment`, `is_recurring`, `duration_minutes`, `is_active`, `available_from`, `available_until`, `category`, `subcategory`, `notes`, `created_at`, `updated_at`, `deleted_at`) VALUES
(1,	'PHYS-001',	'Physiotherapy Initial Assessment',	'Initial physiotherapy assessment and treatment plan',	1,	2000.00,	1,	500.00,	1,	1000.00,	1,	0,	45,	1,	NULL,	NULL,	'both',	NULL,	NULL,	'2025-11-13 03:22:05',	'2025-11-15 06:00:53',	NULL),
(2,	'PHYS-002',	'Physiotherapy Session',	'Individual physiotherapy treatment session',	1,	1500.00,	1,	300.00,	1,	750.00,	0,	1,	30,	1,	NULL,	NULL,	'',	NULL,	NULL,	'2025-11-13 03:22:05',	'2025-11-13 03:22:05',	NULL),
(3,	'OT-001',	'Occupational Therapy Assessment',	'Comprehensive OT assessment',	2,	2500.00,	1,	600.00,	1,	1200.00,	1,	0,	60,	1,	NULL,	NULL,	'',	NULL,	NULL,	'2025-11-13 03:22:05',	'2025-11-13 03:22:05',	NULL),
(4,	'OT-002',	'Occupational Therapy Session',	'Individual OT treatment session',	2,	1800.00,	1,	400.00,	1,	900.00,	0,	1,	45,	1,	NULL,	NULL,	'',	NULL,	NULL,	'2025-11-13 03:22:05',	'2025-11-13 03:22:05',	NULL),
(5,	'SLT-001',	'Speech & Language Assessment',	'Comprehensive speech and language assessment',	3,	3000.00,	1,	700.00,	1,	1500.00,	1,	0,	60,	1,	NULL,	NULL,	'Assessment',	NULL,	NULL,	'2025-11-13 03:22:05',	'2025-11-13 03:22:05',	NULL),
(6,	'SLT-002',	'Speech Therapy Session',	'Individual speech therapy session',	3,	2000.00,	1,	500.00,	1,	1000.00,	0,	1,	40,	1,	NULL,	NULL,	'Therapy',	NULL,	NULL,	'2025-11-13 03:22:05',	'2025-11-13 03:22:05',	NULL),
(7,	'PSY-001',	'Psychological Assessment',	'Comprehensive psychological evaluation',	4,	4000.00,	0,	NULL,	1,	2000.00,	1,	0,	90,	1,	NULL,	NULL,	'Assessment',	NULL,	NULL,	'2025-11-13 03:22:05',	'2025-11-13 03:22:05',	NULL),
(8,	'PSY-002',	'Counseling Session',	'Individual counseling session',	4,	1500.00,	0,	NULL,	1,	750.00,	0,	1,	50,	1,	NULL,	NULL,	'Counseling',	NULL,	NULL,	'2025-11-13 03:22:05',	'2025-11-13 03:22:05',	NULL),
(9,	'EDU-001',	'Educational Assessment',	'Comprehensive educational assessment and placement',	5,	3500.00,	0,	NULL,	1,	1750.00,	1,	0,	120,	1,	NULL,	NULL,	'Assessment',	NULL,	NULL,	'2025-11-13 03:22:05',	'2025-11-13 03:22:05',	NULL),
(10,	'AUD-001',	'Audiological Assessment',	'Comprehensive hearing assessment',	6,	2500.00,	1,	600.00,	1,	1250.00,	1,	0,	45,	1,	NULL,	NULL,	'Assessment',	NULL,	NULL,	'2025-11-13 03:22:05',	'2025-11-13 03:22:05',	NULL),
(11,	'VIS001',	'Vision',	'fdfd',	7,	2000.00,	1,	1000.00,	1,	1000.00,	1,	1,	30,	1,	'2026-01-14',	'2026-08-26',	'both',	'dfd',	'dfdfd',	'2026-01-30 03:00:02',	'2026-01-30 03:00:02',	NULL);

DROP TABLE IF EXISTS `sessions`;
CREATE TABLE `sessions` (
  `id` varchar(255) COLLATE utf8mb4_unicode_ci NOT NULL,
  `user_id` bigint unsigned DEFAULT NULL,
  `ip_address` varchar(45) COLLATE utf8mb4_unicode_ci DEFAULT NULL,
  `user_agent` text COLLATE utf8mb4_unicode_ci,
  `payload` longtext COLLATE utf8mb4_unicode_ci NOT NULL,
  `last_activity` int NOT NULL,
  PRIMARY KEY (`id`),
  KEY `sessions_user_id_index` (`user_id`),
  KEY `sessions_last_activity_index` (`last_activity`)
) ENGINE=InnoDB DEFAULT CHARSET=utf8mb4 COLLATE=utf8mb4_unicode_ci;

INSERT INTO `sessions` (`id`, `user_id`, `ip_address`, `user_agent`, `payload`, `last_activity`) VALUES
('n7CIdFqIJ50p0LYtI5jWHbN37TJQPNE300z73ibz',	4,	'127.0.0.1',	'Mozilla/5.0 (Macintosh; Intel Mac OS X 10.15; rv:143.0) Gecko/20100101 Firefox/143.0',	'YTo1OntzOjY6Il90b2tlbiI7czo0MDoieVF4WjdDa051YTQyRldRNlVEaGtRbUFXWURVV1JtSFZmTlBTZmtIdiI7czo2OiJfZmxhc2giO2E6Mjp7czozOiJvbGQiO2E6MDp7fXM6MzoibmV3IjthOjA6e319czo5OiJfcHJldmlvdXMiO2E6Mjp7czozOiJ1cmwiO3M6MzU6Imh0dHA6Ly9sb2NhbGhvc3Q6ODAwMC9hZG1pbi9jbGllbnRzIjtzOjU6InJvdXRlIjtzOjM4OiJmaWxhbWVudC5hZG1pbi5yZXNvdXJjZXMuY2xpZW50cy5pbmRleCI7fXM6NTA6ImxvZ2luX3dlYl81OWJhMzZhZGRjMmIyZjk0MDE1ODBmMDE0YzdmNThlYTRlMzA5ODlkIjtpOjQ7czoxNzoicGFzc3dvcmRfaGFzaF93ZWIiO3M6NjA6IiQyeSQxMiQ2enFxS2xsZVJRTmhxUkRST0o2OTUuQ084bHlvYS95WjJpUUR5VHVEeUd3WEdhMk1wNkVMLiI7fQ==',	1773908708);

DROP TABLE IF EXISTS `sub_counties`;
CREATE TABLE `sub_counties` (
  `id` bigint unsigned NOT NULL AUTO_INCREMENT,
  `county_id` bigint unsigned NOT NULL,
  `code` varchar(20) COLLATE utf8mb4_unicode_ci NOT NULL,
  `name` varchar(100) COLLATE utf8mb4_unicode_ci NOT NULL,
  `is_active` tinyint(1) NOT NULL DEFAULT '1',
  `sort_order` int NOT NULL DEFAULT '0',
  `created_at` timestamp NULL DEFAULT NULL,
  `updated_at` timestamp NULL DEFAULT NULL,
  PRIMARY KEY (`id`),
  UNIQUE KEY `sub_counties_code_unique` (`code`),
  KEY `sub_counties_county_id_index` (`county_id`),
  KEY `sub_counties_code_index` (`code`),
  KEY `sub_counties_is_active_index` (`is_active`),
  CONSTRAINT `sub_counties_county_id_foreign` FOREIGN KEY (`county_id`) REFERENCES `counties` (`id`) ON DELETE CASCADE
) ENGINE=InnoDB DEFAULT CHARSET=utf8mb4 COLLATE=utf8mb4_unicode_ci;

INSERT INTO `sub_counties` (`id`, `county_id`, `code`, `name`, `is_active`, `sort_order`, `created_at`, `updated_at`) VALUES
(1,	47,	'047-01',	'Westlands',	1,	1,	'2025-11-13 03:22:04',	'2025-11-13 03:22:04'),
(2,	47,	'047-02',	'Dagoretti North',	1,	2,	'2025-11-13 03:22:04',	'2025-11-13 03:22:04'),
(3,	47,	'047-03',	'Dagoretti South',	1,	3,	'2025-11-13 03:22:04',	'2025-11-13 03:22:04'),
(4,	47,	'047-04',	'Langata',	1,	4,	'2025-11-13 03:22:04',	'2025-11-13 03:22:04'),
(5,	47,	'047-05',	'Kibra',	1,	5,	'2025-11-13 03:22:04',	'2025-11-13 03:22:04'),
(6,	47,	'047-06',	'Roysambu',	1,	6,	'2025-11-13 03:22:04',	'2025-11-13 03:22:04'),
(7,	47,	'047-07',	'Kasarani',	1,	7,	'2025-11-13 03:22:04',	'2025-11-13 03:22:04'),
(8,	47,	'047-08',	'Ruaraka',	1,	8,	'2025-11-13 03:22:04',	'2025-11-13 03:22:04'),
(9,	47,	'047-09',	'Embakasi South',	1,	9,	'2025-11-13 03:22:04',	'2025-11-13 03:22:04'),
(10,	47,	'047-10',	'Embakasi North',	1,	10,	'2025-11-13 03:22:04',	'2025-11-13 03:22:04'),
(11,	47,	'047-11',	'Embakasi Central',	1,	11,	'2025-11-13 03:22:04',	'2025-11-13 03:22:04'),
(12,	47,	'047-12',	'Embakasi East',	1,	12,	'2025-11-13 03:22:04',	'2025-11-13 03:22:04'),
(13,	47,	'047-13',	'Embakasi West',	1,	13,	'2025-11-13 03:22:04',	'2025-11-13 03:22:04'),
(14,	47,	'047-14',	'Makadara',	1,	14,	'2025-11-13 03:22:04',	'2025-11-13 03:22:04'),
(15,	47,	'047-15',	'Kamukunji',	1,	15,	'2025-11-13 03:22:04',	'2025-11-13 03:22:04'),
(16,	47,	'047-16',	'Starehe',	1,	16,	'2025-11-13 03:22:04',	'2025-11-13 03:22:04'),
(17,	47,	'047-17',	'Mathare',	1,	17,	'2025-11-13 03:22:04',	'2025-11-13 03:22:04');

DROP TABLE IF EXISTS `system_alerts`;
CREATE TABLE `system_alerts` (
  `id` bigint unsigned NOT NULL AUTO_INCREMENT,
  `alert_type` enum('info','warning','error','critical','success') COLLATE utf8mb4_unicode_ci NOT NULL,
  `title` varchar(200) COLLATE utf8mb4_unicode_ci NOT NULL,
  `message` text COLLATE utf8mb4_unicode_ci NOT NULL,
  `category` enum('system','user','client','billing','queue','service','security','other') COLLATE utf8mb4_unicode_ci NOT NULL DEFAULT 'system',
  `user_id` bigint unsigned DEFAULT NULL,
  `client_id` bigint unsigned DEFAULT NULL,
  `visit_id` bigint unsigned DEFAULT NULL,
  `branch_id` bigint unsigned DEFAULT NULL,
  `metadata` json DEFAULT NULL,
  `action_url` varchar(500) COLLATE utf8mb4_unicode_ci DEFAULT NULL,
  `action_label` varchar(100) COLLATE utf8mb4_unicode_ci DEFAULT NULL,
  `is_read` tinyint(1) NOT NULL DEFAULT '0',
  `read_at` timestamp NULL DEFAULT NULL,
  `is_dismissed` tinyint(1) NOT NULL DEFAULT '0',
  `dismissed_at` timestamp NULL DEFAULT NULL,
  `expires_at` timestamp NULL DEFAULT NULL,
  `created_at` timestamp NULL DEFAULT NULL,
  `updated_at` timestamp NULL DEFAULT NULL,
  PRIMARY KEY (`id`),
  KEY `system_alerts_visit_id_foreign` (`visit_id`),
  KEY `system_alerts_alert_type_index` (`alert_type`),
  KEY `system_alerts_category_index` (`category`),
  KEY `system_alerts_user_id_index` (`user_id`),
  KEY `system_alerts_client_id_index` (`client_id`),
  KEY `system_alerts_branch_id_index` (`branch_id`),
  KEY `system_alerts_is_read_index` (`is_read`),
  KEY `system_alerts_expires_at_index` (`expires_at`),
  CONSTRAINT `system_alerts_branch_id_foreign` FOREIGN KEY (`branch_id`) REFERENCES `branches` (`id`) ON DELETE SET NULL,
  CONSTRAINT `system_alerts_client_id_foreign` FOREIGN KEY (`client_id`) REFERENCES `clients` (`id`) ON DELETE SET NULL,
  CONSTRAINT `system_alerts_user_id_foreign` FOREIGN KEY (`user_id`) REFERENCES `users` (`id`) ON DELETE SET NULL,
  CONSTRAINT `system_alerts_visit_id_foreign` FOREIGN KEY (`visit_id`) REFERENCES `visits` (`id`) ON DELETE SET NULL
) ENGINE=InnoDB DEFAULT CHARSET=utf8mb4 COLLATE=utf8mb4_unicode_ci;


DROP TABLE IF EXISTS `system_settings`;
CREATE TABLE `system_settings` (
  `id` bigint unsigned NOT NULL AUTO_INCREMENT,
  `key` varchar(100) COLLATE utf8mb4_unicode_ci NOT NULL,
  `value` text COLLATE utf8mb4_unicode_ci,
  `type` enum('string','integer','boolean','json','array') COLLATE utf8mb4_unicode_ci NOT NULL DEFAULT 'string',
  `group` varchar(50) COLLATE utf8mb4_unicode_ci NOT NULL DEFAULT 'general',
  `label` varchar(200) COLLATE utf8mb4_unicode_ci NOT NULL,
  `description` text COLLATE utf8mb4_unicode_ci,
  `is_public` tinyint(1) NOT NULL DEFAULT '0',
  `is_editable` tinyint(1) NOT NULL DEFAULT '1',
  `validation_rules` json DEFAULT NULL,
  `sort_order` int NOT NULL DEFAULT '0',
  `created_at` timestamp NULL DEFAULT NULL,
  `updated_at` timestamp NULL DEFAULT NULL,
  PRIMARY KEY (`id`),
  UNIQUE KEY `system_settings_key_unique` (`key`),
  KEY `system_settings_key_index` (`key`),
  KEY `system_settings_group_index` (`group`),
  KEY `system_settings_is_public_index` (`is_public`)
) ENGINE=InnoDB DEFAULT CHARSET=utf8mb4 COLLATE=utf8mb4_unicode_ci;

INSERT INTO `system_settings` (`id`, `key`, `value`, `type`, `group`, `label`, `description`, `is_public`, `is_editable`, `validation_rules`, `sort_order`, `created_at`, `updated_at`) VALUES
(1,	'app_name',	'KISE HMIS',	'string',	'general',	'Application Name',	'Name of the application displayed across the system',	1,	1,	NULL,	1,	'2025-11-13 03:22:05',	'2025-11-13 03:22:05'),
(2,	'app_timezone',	'Africa/Nairobi',	'string',	'general',	'Timezone',	'Default timezone for the application',	1,	1,	NULL,	2,	'2025-11-13 03:22:05',	'2025-11-13 03:22:05'),
(3,	'currency',	'KES',	'string',	'billing',	'Currency',	'Default currency code',	1,	0,	NULL,	1,	'2025-11-13 03:22:05',	'2025-11-13 03:22:05'),
(4,	'tax_rate',	'0.16',	'string',	'billing',	'Tax Rate',	'Default tax rate (VAT)',	1,	1,	NULL,	2,	'2025-11-13 03:22:05',	'2025-11-13 03:22:05'),
(5,	'sms_enabled',	'true',	'boolean',	'notifications',	'SMS Notifications Enabled',	'Enable/disable SMS notifications',	0,	1,	NULL,	1,	'2025-11-13 03:22:05',	'2025-11-13 03:22:05'),
(6,	'email_enabled',	'true',	'boolean',	'notifications',	'Email Notifications Enabled',	'Enable/disable email notifications',	0,	1,	NULL,	2,	'2025-11-13 03:22:05',	'2025-11-13 03:22:05'),
(7,	'auto_uci_generation',	'true',	'boolean',	'clients',	'Auto Generate UCI',	'Automatically generate Unique Client Identifiers',	0,	1,	NULL,	1,	'2025-11-13 03:22:05',	'2025-11-13 03:22:05'),
(8,	'require_triage',	'true',	'boolean',	'workflow',	'Triage Required',	'Make triage mandatory for all new visits',	0,	1,	NULL,	1,	'2025-11-13 03:22:05',	'2025-11-13 03:22:05'),
(9,	'queue_sms_enabled',	'true',	'boolean',	'queue',	'Queue SMS Notifications',	'Send SMS when client is called from queue',	0,	1,	NULL,	1,	'2025-11-13 03:22:05',	'2025-11-13 03:22:05'),
(10,	'max_daily_clients_default',	'100',	'integer',	'general',	'Default Max Daily Clients',	'Default maximum clients per day for new branches',	0,	1,	NULL,	10,	'2025-11-13 03:22:05',	'2025-11-13 03:22:05');

DROP TABLE IF EXISTS `triage_red_flags`;
CREATE TABLE `triage_red_flags` (
  `id` bigint unsigned NOT NULL AUTO_INCREMENT,
  `triage_id` bigint unsigned NOT NULL,
  `flag_category` enum('respiratory','cardiovascular','neurological','trauma','behavioral','other') COLLATE utf8mb4_unicode_ci NOT NULL,
  `flag_name` varchar(200) CHARACTER SET utf8mb4 COLLATE utf8mb4_unicode_ci DEFAULT NULL,
  `description` text COLLATE utf8mb4_unicode_ci,
  `severity` varchar(50) CHARACTER SET utf8mb4 COLLATE utf8mb4_unicode_ci DEFAULT 'warning',
  `requires_immediate_attention` tinyint(1) DEFAULT '0',
  `action_taken` text COLLATE utf8mb4_unicode_ci,
  `created_at` timestamp NULL DEFAULT NULL,
  `updated_at` timestamp NULL DEFAULT NULL,
  PRIMARY KEY (`id`),
  KEY `triage_red_flags_triage_id_index` (`triage_id`),
  KEY `triage_red_flags_flag_category_index` (`flag_category`),
  KEY `triage_red_flags_severity_index` (`severity`),
  CONSTRAINT `triage_red_flags_triage_id_foreign` FOREIGN KEY (`triage_id`) REFERENCES `triages` (`id`) ON DELETE CASCADE
) ENGINE=InnoDB DEFAULT CHARSET=utf8mb4 COLLATE=utf8mb4_unicode_ci;

INSERT INTO `triage_red_flags` (`id`, `triage_id`, `flag_category`, `flag_name`, `description`, `severity`, `requires_immediate_attention`, `action_taken`, `created_at`, `updated_at`) VALUES
(1,	5,	'respiratory',	NULL,	'Active Bleeding',	'high',	0,	NULL,	'2025-11-19 12:42:01',	'2025-11-19 12:42:01'),
(2,	6,	'respiratory',	NULL,	'Active Bleeding',	'high',	0,	NULL,	'2025-11-19 12:43:09',	'2025-11-19 12:43:09'),
(3,	7,	'respiratory',	NULL,	'Active Bleeding',	'high',	0,	NULL,	'2025-11-19 12:43:53',	'2025-11-19 12:43:53'),
(4,	10,	'respiratory',	NULL,	'SpO₂ < 92%',	'high',	0,	NULL,	'2025-11-21 11:24:56',	'2025-11-21 11:24:56'),
(5,	11,	'respiratory',	NULL,	'Fever with Convulsions',	'high',	0,	NULL,	'2025-11-25 06:19:08',	'2025-11-25 06:19:08'),
(6,	15,	'respiratory',	NULL,	'Severe Pain',	'high',	0,	NULL,	'2026-01-24 08:06:11',	'2026-01-24 08:06:11'),
(7,	15,	'respiratory',	NULL,	'SpO₂ < 92%',	'high',	0,	NULL,	'2026-01-24 08:06:11',	'2026-01-24 08:06:11'),
(8,	15,	'respiratory',	NULL,	'Suspected Abuse/Neglect',	'high',	0,	NULL,	'2026-01-24 08:06:11',	'2026-01-24 08:06:11'),
(9,	16,	'respiratory',	NULL,	'Altered Consciousness',	'high',	0,	NULL,	'2026-01-26 16:29:00',	'2026-01-26 16:29:00'),
(10,	16,	'respiratory',	NULL,	'SpO₂ < 92%',	'high',	0,	NULL,	'2026-01-26 16:29:00',	'2026-01-26 16:29:00'),
(11,	17,	'respiratory',	NULL,	'Altered Consciousness',	'high',	0,	NULL,	'2026-01-27 09:10:17',	'2026-01-27 09:10:17'),
(12,	17,	'respiratory',	NULL,	'SpO₂ < 92%',	'high',	0,	NULL,	'2026-01-27 09:10:17',	'2026-01-27 09:10:17'),
(13,	18,	'respiratory',	NULL,	'Altered Consciousness',	'high',	0,	NULL,	'2026-01-29 14:19:34',	'2026-01-29 14:19:34'),
(14,	19,	'respiratory',	NULL,	'SpO₂ < 92%',	'high',	0,	NULL,	'2026-02-04 12:45:54',	'2026-02-04 12:45:54');

DROP TABLE IF EXISTS `triages`;
CREATE TABLE `triages` (
  `id` bigint unsigned NOT NULL AUTO_INCREMENT,
  `triage_number` varchar(255) COLLATE utf8mb4_unicode_ci DEFAULT NULL,
  `visit_id` bigint unsigned NOT NULL,
  `client_id` bigint unsigned NOT NULL,
  `branch_id` bigint unsigned NOT NULL,
  `temperature` decimal(4,1) DEFAULT NULL,
  `heart_rate` int DEFAULT NULL,
  `respiratory_rate` int DEFAULT NULL,
  `systolic_bp` int DEFAULT NULL,
  `diastolic_bp` int DEFAULT NULL,
  `oxygen_saturation` int DEFAULT NULL,
  `weight` decimal(6,2) DEFAULT NULL,
  `height` decimal(5,2) DEFAULT NULL,
  `bmi` decimal(5,2) DEFAULT NULL,
  `bmi_category` varchar(50) COLLATE utf8mb4_unicode_ci DEFAULT NULL,
  `pain_scale` int DEFAULT NULL,
  `consciousness_level` varchar(100) CHARACTER SET utf8mb4 COLLATE utf8mb4_unicode_ci NOT NULL DEFAULT 'alert',
  `presenting_complaint` text COLLATE utf8mb4_unicode_ci,
  `risk_level` enum('low','medium','high') COLLATE utf8mb4_unicode_ci NOT NULL DEFAULT 'low',
  `risk_flag` enum('low','medium','high','crisis') COLLATE utf8mb4_unicode_ci NOT NULL DEFAULT 'low',
  `risk_score` int DEFAULT NULL,
  `has_red_flags` tinyint(1) NOT NULL DEFAULT '0',
  `safeguarding_concerns` json DEFAULT NULL,
  `has_safeguarding_concerns` tinyint(1) NOT NULL DEFAULT '0',
  `triage_status` enum('cleared','medical_hold','crisis') COLLATE utf8mb4_unicode_ci NOT NULL DEFAULT 'cleared',
  `clearance_status` enum('cleared_for_service','medical_hold','crisis_protocol') COLLATE utf8mb4_unicode_ci NOT NULL DEFAULT 'cleared_for_service',
  `next_step` enum('intake','payment','dispensary','crisis_team','service_point') COLLATE utf8mb4_unicode_ci DEFAULT NULL,
  `routing_decision` enum('proceed_to_intake','immediate_dispensary','refer_emergency','defer') COLLATE utf8mb4_unicode_ci NOT NULL DEFAULT 'proceed_to_intake',
  `triage_notes` text COLLATE utf8mb4_unicode_ci,
  `handover_summary` text COLLATE utf8mb4_unicode_ci,
  `pending_actions` text COLLATE utf8mb4_unicode_ci,
  `crisis_protocol_activated` tinyint(1) NOT NULL DEFAULT '0',
  `crisis_activated_at` timestamp NULL DEFAULT NULL,
  `red_flags` json DEFAULT NULL,
  `triaged_by` bigint unsigned NOT NULL,
  `cleared_by` bigint unsigned DEFAULT NULL,
  `cleared_at` timestamp NULL DEFAULT NULL,
  `is_expired` tinyint(1) NOT NULL DEFAULT '0',
  `expires_at` timestamp NULL DEFAULT NULL,
  `triaged_at` timestamp NOT NULL DEFAULT CURRENT_TIMESTAMP,
  `created_at` timestamp NULL DEFAULT NULL,
  `updated_at` timestamp NULL DEFAULT NULL,
  `deleted_at` timestamp NULL DEFAULT NULL,
  PRIMARY KEY (`id`),
  KEY `triages_triaged_by_foreign` (`triaged_by`),
  KEY `triages_visit_id_index` (`visit_id`),
  KEY `triages_client_id_index` (`client_id`),
  KEY `triages_branch_id_index` (`branch_id`),
  KEY `triages_risk_level_index` (`risk_level`),
  KEY `triages_triage_status_index` (`triage_status`),
  KEY `triages_triaged_at_index` (`triaged_at`),
  KEY `triages_cleared_by_foreign` (`cleared_by`),
  CONSTRAINT `triages_branch_id_foreign` FOREIGN KEY (`branch_id`) REFERENCES `branches` (`id`) ON DELETE CASCADE,
  CONSTRAINT `triages_cleared_by_foreign` FOREIGN KEY (`cleared_by`) REFERENCES `users` (`id`),
  CONSTRAINT `triages_client_id_foreign` FOREIGN KEY (`client_id`) REFERENCES `clients` (`id`) ON DELETE CASCADE,
  CONSTRAINT `triages_triaged_by_foreign` FOREIGN KEY (`triaged_by`) REFERENCES `users` (`id`) ON DELETE CASCADE,
  CONSTRAINT `triages_visit_id_foreign` FOREIGN KEY (`visit_id`) REFERENCES `visits` (`id`) ON DELETE CASCADE
) ENGINE=InnoDB DEFAULT CHARSET=utf8mb4 COLLATE=utf8mb4_unicode_ci;

INSERT INTO `triages` (`id`, `triage_number`, `visit_id`, `client_id`, `branch_id`, `temperature`, `heart_rate`, `respiratory_rate`, `systolic_bp`, `diastolic_bp`, `oxygen_saturation`, `weight`, `height`, `bmi`, `bmi_category`, `pain_scale`, `consciousness_level`, `presenting_complaint`, `risk_level`, `risk_flag`, `risk_score`, `has_red_flags`, `safeguarding_concerns`, `has_safeguarding_concerns`, `triage_status`, `clearance_status`, `next_step`, `routing_decision`, `triage_notes`, `handover_summary`, `pending_actions`, `crisis_protocol_activated`, `crisis_activated_at`, `red_flags`, `triaged_by`, `cleared_by`, `cleared_at`, `is_expired`, `expires_at`, `triaged_at`, `created_at`, `updated_at`, `deleted_at`) VALUES
(1,	NULL,	1,	1,	1,	34.0,	110,	60,	NULL,	NULL,	80,	65.00,	190.00,	18.01,	NULL,	4,	'alert',	NULL,	'low',	'low',	NULL,	0,	NULL,	0,	'cleared',	'cleared_for_service',	NULL,	'proceed_to_intake',	NULL,	NULL,	NULL,	0,	NULL,	NULL,	7,	NULL,	NULL,	0,	NULL,	'2025-11-19 15:37:35',	'2025-11-19 12:37:35',	'2025-11-19 12:37:35',	NULL),
(2,	NULL,	1,	1,	1,	34.0,	110,	60,	NULL,	NULL,	80,	65.00,	190.00,	18.01,	NULL,	4,	'alert',	NULL,	'low',	'low',	NULL,	0,	NULL,	0,	'cleared',	'cleared_for_service',	NULL,	'proceed_to_intake',	NULL,	NULL,	NULL,	0,	NULL,	NULL,	7,	NULL,	NULL,	0,	NULL,	'2025-11-19 15:40:07',	'2025-11-19 12:40:07',	'2025-11-19 12:40:07',	NULL),
(3,	NULL,	1,	1,	1,	34.0,	110,	60,	NULL,	NULL,	80,	65.00,	190.00,	18.01,	NULL,	4,	'alert',	NULL,	'low',	'low',	NULL,	0,	NULL,	0,	'cleared',	'cleared_for_service',	NULL,	'proceed_to_intake',	NULL,	NULL,	NULL,	0,	NULL,	NULL,	7,	NULL,	NULL,	0,	NULL,	'2025-11-19 15:40:56',	'2025-11-19 12:40:56',	'2025-11-19 12:40:56',	NULL),
(4,	NULL,	1,	1,	1,	34.0,	110,	60,	NULL,	NULL,	80,	65.00,	190.00,	18.01,	NULL,	4,	'alert',	NULL,	'low',	'low',	NULL,	0,	NULL,	0,	'cleared',	'cleared_for_service',	NULL,	'proceed_to_intake',	NULL,	NULL,	NULL,	0,	NULL,	NULL,	7,	NULL,	NULL,	0,	NULL,	'2025-11-19 15:41:40',	'2025-11-19 12:41:40',	'2025-11-19 12:41:40',	NULL),
(5,	NULL,	1,	1,	1,	34.0,	110,	60,	NULL,	NULL,	80,	65.00,	190.00,	18.01,	NULL,	4,	'alert',	NULL,	'low',	'low',	NULL,	0,	NULL,	0,	'cleared',	'cleared_for_service',	NULL,	'proceed_to_intake',	NULL,	NULL,	NULL,	0,	NULL,	NULL,	7,	NULL,	NULL,	0,	NULL,	'2025-11-19 15:42:01',	'2025-11-19 12:42:01',	'2025-11-19 12:42:01',	NULL),
(6,	NULL,	1,	1,	1,	34.0,	110,	60,	NULL,	NULL,	80,	65.00,	190.00,	18.01,	NULL,	4,	'alert',	NULL,	'low',	'low',	NULL,	0,	NULL,	0,	'cleared',	'cleared_for_service',	NULL,	'proceed_to_intake',	NULL,	NULL,	NULL,	0,	NULL,	NULL,	7,	NULL,	NULL,	0,	NULL,	'2025-11-19 15:43:09',	'2025-11-19 12:43:09',	'2025-11-19 12:43:09',	NULL),
(7,	NULL,	1,	1,	1,	34.0,	110,	60,	NULL,	NULL,	80,	65.00,	190.00,	18.01,	NULL,	4,	'alert',	NULL,	'low',	'low',	NULL,	0,	NULL,	0,	'cleared',	'cleared_for_service',	NULL,	'proceed_to_intake',	NULL,	NULL,	NULL,	0,	NULL,	NULL,	7,	NULL,	NULL,	0,	NULL,	'2025-11-19 15:43:53',	'2025-11-19 12:43:53',	'2025-11-19 12:43:53',	NULL),
(8,	NULL,	3,	2,	1,	35.5,	72,	16,	NULL,	NULL,	98,	70.00,	40.00,	437.50,	NULL,	0,	'alert',	NULL,	'low',	'low',	NULL,	0,	NULL,	0,	'cleared',	'cleared_for_service',	NULL,	'proceed_to_intake',	NULL,	NULL,	NULL,	0,	NULL,	NULL,	7,	NULL,	NULL,	0,	NULL,	'2025-11-19 16:05:52',	'2025-11-19 13:05:52',	'2025-11-19 13:05:52',	NULL),
(9,	'TRI-20251121-0001',	5,	5,	1,	36.5,	72,	16,	NULL,	NULL,	9,	70.00,	170.00,	24.22,	NULL,	1,	'alert',	NULL,	'low',	'high',	55,	0,	NULL,	0,	'cleared',	'medical_hold',	NULL,	'proceed_to_intake',	NULL,	NULL,	NULL,	0,	NULL,	NULL,	7,	NULL,	NULL,	0,	'2025-11-28 11:10:40',	'2025-11-21 14:10:40',	'2025-11-21 11:10:40',	'2025-11-21 11:10:40',	NULL),
(10,	'TRI-20251121-0002',	5,	5,	1,	36.5,	72,	16,	NULL,	NULL,	9,	70.00,	170.00,	24.22,	NULL,	1,	'alert',	NULL,	'low',	'high',	55,	0,	NULL,	0,	'cleared',	'medical_hold',	NULL,	'proceed_to_intake',	NULL,	NULL,	NULL,	0,	NULL,	NULL,	7,	NULL,	NULL,	0,	'2025-11-28 11:24:56',	'2025-11-21 14:24:56',	'2025-11-21 11:24:56',	'2025-11-21 11:24:56',	NULL),
(11,	'TRI-20251125-0001',	6,	5,	1,	36.5,	72,	16,	NULL,	NULL,	98,	71.00,	170.00,	24.57,	NULL,	1,	'confused',	NULL,	'medium',	'medium',	35,	0,	NULL,	0,	'cleared',	'cleared_for_service',	NULL,	'proceed_to_intake',	NULL,	NULL,	NULL,	0,	NULL,	NULL,	7,	NULL,	NULL,	0,	'2025-12-02 06:19:07',	'2025-11-25 09:19:07',	'2025-11-25 06:19:07',	'2025-11-25 06:19:07',	NULL),
(12,	'TRI-20251125-0002',	7,	6,	1,	36.5,	72,	16,	NULL,	NULL,	98,	70.00,	170.00,	24.22,	NULL,	0,	'alert',	NULL,	'medium',	'low',	15,	0,	NULL,	0,	'cleared',	'cleared_for_service',	NULL,	'proceed_to_intake',	NULL,	NULL,	NULL,	0,	NULL,	NULL,	7,	NULL,	NULL,	0,	'2025-12-02 11:49:37',	'2025-11-25 14:49:37',	'2025-11-25 11:49:37',	'2025-11-25 11:49:37',	NULL),
(13,	'TRI-20251126-0001',	8,	6,	1,	36.0,	73,	18,	NULL,	NULL,	98,	70.00,	170.00,	24.22,	NULL,	0,	'alert',	NULL,	'low',	'low',	15,	0,	NULL,	0,	'cleared',	'cleared_for_service',	NULL,	'proceed_to_intake',	NULL,	NULL,	NULL,	0,	NULL,	NULL,	8,	NULL,	NULL,	0,	'2025-12-03 04:29:20',	'2025-11-26 07:29:20',	'2025-11-26 04:29:20',	'2025-11-26 04:29:20',	NULL),
(14,	'TRI-20251126-0002',	9,	6,	1,	36.0,	72,	16,	NULL,	NULL,	98,	70.00,	170.00,	24.22,	NULL,	0,	'alert',	NULL,	'medium',	'low',	15,	0,	NULL,	0,	'cleared',	'cleared_for_service',	NULL,	'proceed_to_intake',	NULL,	NULL,	NULL,	0,	NULL,	NULL,	7,	NULL,	NULL,	0,	'2025-12-03 04:33:44',	'2025-11-26 07:33:44',	'2025-11-26 04:33:44',	'2025-11-26 04:33:44',	NULL),
(15,	'TRI-20260124-0001',	10,	7,	1,	36.5,	72,	16,	NULL,	NULL,	9,	70.00,	170.00,	24.22,	NULL,	1,	'alert',	NULL,	'low',	'high',	55,	0,	NULL,	0,	'cleared',	'medical_hold',	NULL,	'proceed_to_intake',	NULL,	NULL,	NULL,	0,	NULL,	NULL,	7,	NULL,	NULL,	0,	'2026-01-31 08:06:11',	'2026-01-24 11:06:11',	'2026-01-24 08:06:11',	'2026-01-24 08:06:11',	NULL),
(16,	'TRI-20260126-0001',	12,	8,	1,	35.0,	70,	10,	NULL,	NULL,	53,	24.00,	85.00,	33.22,	NULL,	0,	'alert',	NULL,	'low',	'crisis',	90,	0,	NULL,	0,	'cleared',	'crisis_protocol',	NULL,	'proceed_to_intake',	NULL,	NULL,	NULL,	0,	NULL,	NULL,	7,	NULL,	NULL,	0,	'2026-02-02 16:29:00',	'2026-01-26 19:29:00',	'2026-01-26 16:29:00',	'2026-01-26 16:29:00',	NULL),
(17,	'TRI-20260127-0001',	13,	9,	1,	35.0,	92,	12,	NULL,	NULL,	71,	59.00,	75.00,	104.89,	NULL,	3,	'alert',	NULL,	'low',	'crisis',	75,	0,	NULL,	0,	'cleared',	'crisis_protocol',	NULL,	'proceed_to_intake',	NULL,	NULL,	NULL,	0,	NULL,	NULL,	7,	NULL,	NULL,	0,	'2026-02-03 09:10:16',	'2026-01-27 12:10:16',	'2026-01-27 09:10:16',	'2026-01-27 09:10:16',	NULL),
(18,	'TRI-20260129-0001',	14,	10,	1,	35.0,	93,	12,	NULL,	NULL,	95,	87.00,	51.00,	334.49,	NULL,	1,	'alert',	NULL,	'low',	'medium',	35,	0,	NULL,	0,	'cleared',	'cleared_for_service',	NULL,	'proceed_to_intake',	NULL,	NULL,	NULL,	0,	NULL,	NULL,	7,	NULL,	NULL,	0,	'2026-02-05 14:19:34',	'2026-01-29 17:19:34',	'2026-01-29 14:19:34',	'2026-01-29 14:19:34',	NULL),
(19,	'TRI-20260204-0001',	15,	11,	1,	36.0,	72,	16,	NULL,	NULL,	9,	78.00,	170.00,	26.99,	NULL,	0,	'alert',	NULL,	'low',	'high',	55,	0,	NULL,	0,	'cleared',	'medical_hold',	NULL,	'proceed_to_intake',	NULL,	NULL,	NULL,	0,	NULL,	NULL,	7,	NULL,	NULL,	0,	'2026-02-11 12:45:54',	'2026-02-04 15:45:54',	'2026-02-04 12:45:54',	'2026-02-04 12:45:54',	NULL),
(20,	'TRI-20260205-0001',	16,	12,	1,	36.0,	72,	16,	NULL,	NULL,	98,	70.00,	170.00,	24.22,	NULL,	0,	'alert',	NULL,	'low',	'low',	15,	0,	NULL,	0,	'cleared',	'cleared_for_service',	NULL,	'proceed_to_intake',	NULL,	NULL,	NULL,	0,	NULL,	NULL,	7,	NULL,	NULL,	0,	'2026-02-12 16:15:37',	'2026-02-05 19:15:37',	'2026-02-05 16:15:37',	'2026-02-05 16:15:37',	NULL),
(21,	'TRI-20260218-0001',	17,	13,	1,	35.0,	72,	16,	NULL,	NULL,	92,	70.00,	170.00,	24.22,	NULL,	0,	'alert',	NULL,	'low',	'high',	50,	0,	NULL,	0,	'cleared',	'medical_hold',	NULL,	'proceed_to_intake',	NULL,	NULL,	NULL,	0,	NULL,	NULL,	7,	NULL,	NULL,	0,	'2026-02-25 02:15:53',	'2026-02-18 05:15:53',	'2026-02-18 02:15:53',	'2026-02-18 02:15:53',	NULL),
(22,	'TRI-20260218-0002',	18,	14,	1,	35.0,	72,	16,	NULL,	NULL,	95,	70.00,	180.00,	21.60,	NULL,	0,	'alert',	NULL,	'low',	'medium',	35,	0,	NULL,	0,	'cleared',	'cleared_for_service',	NULL,	'proceed_to_intake',	NULL,	NULL,	NULL,	0,	NULL,	NULL,	7,	NULL,	NULL,	0,	'2026-02-25 03:25:17',	'2026-02-18 06:25:17',	'2026-02-18 03:25:17',	'2026-02-18 03:25:17',	NULL),
(23,	'TRI-20260219-0001',	19,	15,	1,	40.0,	72,	16,	NULL,	NULL,	98,	70.00,	170.00,	24.22,	NULL,	0,	'alert',	NULL,	'low',	'medium',	40,	0,	NULL,	0,	'cleared',	'cleared_for_service',	NULL,	'proceed_to_intake',	NULL,	NULL,	NULL,	0,	NULL,	NULL,	7,	NULL,	NULL,	0,	'2026-02-26 02:55:21',	'2026-02-19 05:55:21',	'2026-02-19 02:55:21',	'2026-02-19 02:55:21',	NULL);

DROP TABLE IF EXISTS `users`;
CREATE TABLE `users` (
  `id` bigint unsigned NOT NULL AUTO_INCREMENT,
  `branch_id` bigint unsigned DEFAULT NULL,
  `department_id` bigint unsigned DEFAULT NULL,
  `name` varchar(255) COLLATE utf8mb4_unicode_ci NOT NULL,
  `email` varchar(255) COLLATE utf8mb4_unicode_ci NOT NULL,
  `phone` varchar(20) COLLATE utf8mb4_unicode_ci DEFAULT NULL COMMENT 'User phone number',
  `employee_id` varchar(50) COLLATE utf8mb4_unicode_ci DEFAULT NULL COMMENT 'Employee/Staff ID number',
  `designation` varchar(100) COLLATE utf8mb4_unicode_ci DEFAULT NULL COMMENT 'Job title/designation',
  `email_verified_at` timestamp NULL DEFAULT NULL,
  `last_login_at` timestamp NULL DEFAULT NULL COMMENT 'Last successful login timestamp',
  `password` varchar(255) COLLATE utf8mb4_unicode_ci NOT NULL,
  `is_active` tinyint(1) NOT NULL DEFAULT '1' COMMENT 'User account active status',
  `remember_token` varchar(100) COLLATE utf8mb4_unicode_ci DEFAULT NULL,
  `preferences` json DEFAULT NULL COMMENT 'User preferences (language, theme, etc.)',
  `created_at` timestamp NULL DEFAULT NULL,
  `updated_at` timestamp NULL DEFAULT NULL,
  `deleted_at` timestamp NULL DEFAULT NULL,
  PRIMARY KEY (`id`),
  UNIQUE KEY `users_email_unique` (`email`),
  UNIQUE KEY `users_employee_id_unique` (`employee_id`),
  KEY `idx_users_branch` (`branch_id`),
  KEY `idx_users_active` (`is_active`),
  KEY `idx_users_employee` (`employee_id`),
  KEY `department_id` (`department_id`),
  CONSTRAINT `users_branch_id_foreign` FOREIGN KEY (`branch_id`) REFERENCES `branches` (`id`) ON DELETE SET NULL,
  CONSTRAINT `users_ibfk_1` FOREIGN KEY (`department_id`) REFERENCES `departments` (`id`)
) ENGINE=InnoDB DEFAULT CHARSET=utf8mb4 COLLATE=utf8mb4_unicode_ci;

INSERT INTO `users` (`id`, `branch_id`, `department_id`, `name`, `email`, `phone`, `employee_id`, `designation`, `email_verified_at`, `last_login_at`, `password`, `is_active`, `remember_token`, `preferences`, `created_at`, `updated_at`, `deleted_at`) VALUES
(1,	NULL,	NULL,	'KISE Super Admin',	'super@kise.org',	NULL,	NULL,	NULL,	NULL,	NULL,	'$2y$12$6zqqKlleRQNhqRDROJ695.CO8lyoa/yZ2iQDyTuDyGwXGa2Mp6EL.',	1,	NULL,	NULL,	'2025-11-11 16:39:28',	'2025-11-11 16:39:28',	NULL),
(3,	NULL,	NULL,	'Admin',	'super@admin.com',	NULL,	NULL,	NULL,	NULL,	NULL,	'$2y$12$6zqqKlleRQNhqRDROJ695.CO8lyoa/yZ2iQDyTuDyGwXGa2Mp6EL.',	1,	NULL,	NULL,	'2025-11-11 16:40:52',	'2025-11-11 16:40:52',	NULL),
(4,	1,	NULL,	'Super Admin',	'admin@kise.ac.ke',	NULL,	'EMP-001',	'System Administrator',	'2025-11-13 03:22:05',	NULL,	'$2y$12$6zqqKlleRQNhqRDROJ695.CO8lyoa/yZ2iQDyTuDyGwXGa2Mp6EL.',	1,	NULL,	NULL,	'2025-11-13 03:22:05',	'2025-11-13 03:22:05',	NULL),
(5,	1,	NULL,	'Branch Manager',	'manager@kise.ac.ke',	'+254712000001',	'EMP-002',	'Branch Manager',	'2025-11-13 03:22:05',	NULL,	'$2y$12$6zqqKlleRQNhqRDROJ695.CO8lyoa/yZ2iQDyTuDyGwXGa2Mp6EL.',	1,	NULL,	NULL,	'2025-11-13 03:22:05',	'2025-11-13 03:22:05',	NULL),
(6,	1,	NULL,	'Receptionist One',	'receptionist@kise.ac.ke',	'+254712000002',	'EMP-003',	'Receptionist',	'2025-11-13 03:22:05',	NULL,	'$2y$12$6zqqKlleRQNhqRDROJ695.CO8lyoa/yZ2iQDyTuDyGwXGa2Mp6EL.',	1,	NULL,	NULL,	'2025-11-13 03:22:05',	'2025-11-13 03:22:05',	NULL),
(7,	1,	NULL,	'Triage Nurse',	'triage@kise.ac.ke',	'+254712000003',	'EMP-004',	'Registered Nurse',	'2025-11-13 03:22:05',	NULL,	'$2y$12$6zqqKlleRQNhqRDROJ695.CO8lyoa/yZ2iQDyTuDyGwXGa2Mp6EL.',	1,	NULL,	NULL,	'2025-11-13 03:22:05',	'2025-11-13 03:22:05',	NULL),
(8,	1,	NULL,	'Intake Officer',	'intake@kise.ac.ke',	'+254712000004',	'EMP-005',	'Intake Assessment Officer',	'2025-11-13 03:22:05',	NULL,	'$2y$12$6zqqKlleRQNhqRDROJ695.CO8lyoa/yZ2iQDyTuDyGwXGa2Mp6EL.',	1,	NULL,	NULL,	'2025-11-13 03:22:05',	'2025-11-13 03:22:05',	NULL),
(10,	1,	7,	'Vision Officer',	'visiondept@kise.ac.ke',	'+2547120000041',	'EMP-0051',	'Vision Assessment Officer',	'2025-11-13 03:22:05',	NULL,	'$2y$12$6zqqKlleRQNhqRDROJ695.CO8lyoa/yZ2iQDyTuDyGwXGa2Mp6EL.',	1,	NULL,	NULL,	'2025-11-13 03:22:05',	'2025-11-13 03:22:05',	NULL),
(11,	1,	7,	'Billing Officer',	'billing@kise.ac.ke',	'+2547120000041',	'EMP-0057',	'Billing Officer',	'2025-11-13 03:22:05',	NULL,	'$2y$12$6zqqKlleRQNhqRDROJ695.CO8lyoa/yZ2iQDyTuDyGwXGa2Mp6EL.',	1,	NULL,	NULL,	'2025-11-13 03:22:05',	'2025-11-13 03:22:05',	NULL);

DROP VIEW IF EXISTS `v_active_credit_accounts`;
CREATE TABLE `v_active_credit_accounts` (`id` bigint unsigned, `account_number` varchar(255), `client_id` bigint unsigned, `client_name` varchar(201), `uci` varchar(50), `branch_id` bigint unsigned, `branch_name` varchar(150), `credit_limit` decimal(10,2), `current_balance` decimal(10,2), `available_credit` decimal(10,2), `utilization_percent` decimal(16,2), `status` enum('active','suspended','closed'), `created_at` timestamp);


DROP VIEW IF EXISTS `v_batch_invoice_summary`;
CREATE TABLE `v_batch_invoice_summary` (`id` bigint unsigned, `batch_number` varchar(50), `sponsor_type` enum('sha','ncpwd','insurance_private'), `insurance_provider` varchar(255), `billing_period_start` datetime, `billing_period_end` datetime, `total_claims` int, `total_amount` decimal(10,2), `paid_amount` decimal(10,2), `balance` decimal(10,2), `status` enum('draft','submitted','approved','paid','partial','rejected'), `sent_at` timestamp, `due_date` datetime, `days_overdue` int);


DROP VIEW IF EXISTS `v_credit_transactions_summary`;
CREATE TABLE `v_credit_transactions_summary` (`id` bigint unsigned, `transaction_number` varchar(255), `credit_account_id` bigint unsigned, `account_number` varchar(255), `client_id` bigint unsigned, `client_name` varchar(201), `type` enum('charge','payment','adjustment','refund'), `amount` decimal(10,2), `balance_before` decimal(10,2), `balance_after` decimal(10,2), `description` text, `transaction_date` timestamp, `processed_by_name` varchar(255), `created_at` timestamp);


DROP VIEW IF EXISTS `v_invoice_payment_breakdown`;
CREATE TABLE `v_invoice_payment_breakdown` (`invoice_id` bigint unsigned, `invoice_number` varchar(50), `total_amount` decimal(10,2), `total_client_amount` decimal(10,2), `total_sponsor_amount` decimal(10,2), `client_payment_status` varchar(200), `sponsor_claim_status` varchar(200), `has_sponsor` tinyint(1), `client_name` varchar(201), `client_uci` varchar(50), `visit_number` varchar(50), `claim_number` varchar(255), `sponsor_type` varchar(100), `claim_status` varchar(200), `claim_amount` decimal(12,2), `approved_amount` decimal(12,2), `paid_amount` decimal(12,2));


DROP VIEW IF EXISTS `v_monthly_claims_summary`;
CREATE TABLE `v_monthly_claims_summary` (`sponsor_type` varchar(100), `month` varchar(7), `total_claims` bigint, `total_claimed` decimal(34,2), `total_approved` decimal(34,2), `total_paid` decimal(34,2), `total_rejected` decimal(34,2), `total_pending` decimal(34,2));


DROP VIEW IF EXISTS `v_pending_claims_summary`;
CREATE TABLE `v_pending_claims_summary` (`sponsor_type` varchar(100), `total_claims` bigint, `total_amount` decimal(34,2), `oldest_claim` datetime, `newest_claim` datetime);


DROP TABLE IF EXISTS `visit_stages`;
CREATE TABLE `visit_stages` (
  `id` bigint unsigned NOT NULL AUTO_INCREMENT,
  `visit_id` bigint unsigned NOT NULL,
  `stage` varchar(100) CHARACTER SET utf8mb4 COLLATE utf8mb4_unicode_ci NOT NULL,
  `status` varchar(100) CHARACTER SET utf8mb4 COLLATE utf8mb4_unicode_ci NOT NULL DEFAULT 'pending',
  `started_at` timestamp NULL DEFAULT NULL,
  `completed_at` timestamp NULL DEFAULT NULL,
  `duration_minutes` int DEFAULT NULL,
  `handled_by` bigint unsigned DEFAULT NULL,
  `notes` text COLLATE utf8mb4_unicode_ci,
  `created_at` timestamp NULL DEFAULT NULL,
  `updated_at` timestamp NULL DEFAULT NULL,
  `deleted_at` datetime DEFAULT NULL,
  PRIMARY KEY (`id`),
  KEY `visit_stages_handled_by_foreign` (`handled_by`),
  KEY `visit_stages_visit_id_index` (`visit_id`),
  KEY `visit_stages_stage_index` (`stage`),
  KEY `visit_stages_status_index` (`status`),
  CONSTRAINT `visit_stages_handled_by_foreign` FOREIGN KEY (`handled_by`) REFERENCES `users` (`id`) ON DELETE SET NULL,
  CONSTRAINT `visit_stages_visit_id_foreign` FOREIGN KEY (`visit_id`) REFERENCES `visits` (`id`) ON DELETE CASCADE
) ENGINE=InnoDB DEFAULT CHARSET=utf8mb4 COLLATE=utf8mb4_unicode_ci;

INSERT INTO `visit_stages` (`id`, `visit_id`, `stage`, `status`, `started_at`, `completed_at`, `duration_minutes`, `handled_by`, `notes`, `created_at`, `updated_at`, `deleted_at`) VALUES
(1,	1,	'reception',	'completed',	'2025-11-16 05:37:34',	'2025-11-16 05:37:34',	0,	6,	'Quick check-in from client list',	'2025-11-16 05:37:34',	'2025-11-16 05:37:34',	NULL),
(2,	1,	'triage',	'completed',	'2025-11-16 05:37:34',	'2025-11-19 12:43:09',	NULL,	NULL,	NULL,	'2025-11-16 05:37:34',	'2025-11-19 12:43:09',	NULL),
(3,	2,	'reception',	'completed',	'2025-11-19 04:17:26',	'2025-11-19 04:17:26',	0,	6,	'Quick check-in from client list',	'2025-11-19 04:17:26',	'2025-11-19 04:17:26',	NULL),
(4,	2,	'triage',	'in_progress',	'2025-11-19 04:17:27',	NULL,	NULL,	NULL,	NULL,	'2025-11-19 04:17:27',	'2025-11-19 04:17:27',	NULL),
(5,	3,	'reception',	'completed',	'2025-11-19 11:52:00',	'2025-11-19 11:52:00',	0,	6,	'Client checked in at reception',	'2025-11-19 11:52:00',	'2025-11-19 11:52:00',	NULL),
(6,	3,	'triage',	'completed',	'2025-11-19 11:52:00',	'2025-11-19 13:05:52',	NULL,	NULL,	NULL,	'2025-11-19 11:52:00',	'2025-11-19 13:05:52',	NULL),
(7,	1,	'service_booking',	'in_progress',	'2025-11-19 12:43:53',	NULL,	NULL,	NULL,	NULL,	'2025-11-19 12:43:53',	'2025-11-19 12:43:53',	NULL),
(8,	3,	'intake',	'completed',	'2025-11-19 13:05:52',	'2025-11-19 14:23:52',	NULL,	NULL,	NULL,	'2025-11-19 13:05:52',	'2025-11-19 14:23:52',	NULL),
(9,	3,	'billing',	'in_progress',	'2025-11-19 14:23:52',	NULL,	NULL,	NULL,	NULL,	'2025-11-19 14:23:52',	'2025-11-19 14:23:52',	NULL),
(10,	5,	'intake',	'in_progress',	'2025-11-21 11:24:56',	NULL,	NULL,	NULL,	NULL,	'2025-11-21 11:24:56',	'2025-11-21 11:24:56',	NULL),
(11,	6,	'billing',	'in_progress',	'2025-11-25 06:19:08',	NULL,	NULL,	NULL,	NULL,	'2025-11-25 06:19:08',	'2025-11-25 06:19:08',	NULL),
(12,	7,	'intake',	'in_progress',	'2025-11-25 11:49:38',	NULL,	NULL,	NULL,	NULL,	'2025-11-25 11:49:38',	'2025-11-25 11:49:38',	NULL),
(13,	8,	'billing',	'in_progress',	'2025-11-26 04:29:20',	NULL,	NULL,	NULL,	NULL,	'2025-11-26 04:29:20',	'2025-11-26 04:29:20',	NULL),
(14,	9,	'billing',	'in_progress',	'2025-11-26 04:33:44',	NULL,	NULL,	NULL,	NULL,	'2025-11-26 04:33:44',	'2025-11-26 04:33:44',	NULL),
(15,	10,	'intake',	'in_progress',	'2026-01-24 08:06:11',	NULL,	NULL,	NULL,	NULL,	'2026-01-24 08:06:11',	'2026-01-24 08:06:11',	NULL),
(16,	12,	'intake',	'in_progress',	'2026-01-26 16:29:00',	NULL,	NULL,	NULL,	NULL,	'2026-01-26 16:29:00',	'2026-01-26 16:29:00',	NULL),
(17,	13,	'intake',	'in_progress',	'2026-01-27 09:10:17',	NULL,	NULL,	NULL,	NULL,	'2026-01-27 09:10:17',	'2026-01-27 09:10:17',	NULL),
(18,	14,	'intake',	'in_progress',	'2026-01-29 14:19:34',	NULL,	NULL,	NULL,	NULL,	'2026-01-29 14:19:34',	'2026-01-29 14:19:34',	NULL),
(19,	15,	'intake',	'in_progress',	'2026-02-04 12:45:54',	NULL,	NULL,	NULL,	NULL,	'2026-02-04 12:45:54',	'2026-02-04 12:45:54',	NULL),
(20,	16,	'intake',	'in_progress',	'2026-02-05 16:15:37',	NULL,	NULL,	NULL,	NULL,	'2026-02-05 16:15:37',	'2026-02-05 16:15:37',	NULL),
(21,	17,	'intake',	'in_progress',	'2026-02-18 02:15:53',	NULL,	NULL,	NULL,	NULL,	'2026-02-18 02:15:53',	'2026-02-18 02:15:53',	NULL),
(22,	18,	'intake',	'in_progress',	'2026-02-18 03:25:18',	NULL,	NULL,	NULL,	NULL,	'2026-02-18 03:25:18',	'2026-02-18 03:25:18',	NULL),
(23,	19,	'intake',	'in_progress',	'2026-02-19 02:55:21',	NULL,	NULL,	NULL,	NULL,	'2026-02-19 02:55:21',	'2026-02-19 02:55:21',	NULL);

DROP TABLE IF EXISTS `visits`;
CREATE TABLE `visits` (
  `id` bigint unsigned NOT NULL AUTO_INCREMENT,
  `branch_id` bigint unsigned NOT NULL,
  `client_id` bigint unsigned NOT NULL,
  `visit_number` varchar(50) COLLATE utf8mb4_unicode_ci NOT NULL,
  `visit_date` date NOT NULL,
  `visit_type` text CHARACTER SET utf8mb4 COLLATE utf8mb4_unicode_ci DEFAULT (_utf8mb4'walk_in'),
  `visit_purpose` text COLLATE utf8mb4_unicode_ci,
  `referral_source` varchar(50) CHARACTER SET utf8mb4 COLLATE utf8mb4_unicode_ci DEFAULT NULL,
  `is_appointment` tinyint(1) DEFAULT '0',
  `is_emergency` tinyint(1) DEFAULT '0',
  `requires_followup` tinyint(1) DEFAULT NULL,
  `service_available` tinyint(1) DEFAULT NULL,
  `unavailability_reason` text CHARACTER SET utf8mb4 COLLATE utf8mb4_unicode_ci,
  `purpose_notes` text CHARACTER SET utf8mb4 COLLATE utf8mb4_unicode_ci,
  `unavailability_notes` text CHARACTER SET utf8mb4 COLLATE utf8mb4_unicode_ci,
  `triage_path` enum('standard','medical_veto','crisis') COLLATE utf8mb4_unicode_ci DEFAULT NULL,
  `current_stage` varchar(100) CHARACTER SET utf8mb4 COLLATE utf8mb4_unicode_ci DEFAULT 'reception',
  `payment_status` varchar(100) CHARACTER SET utf8mb4 COLLATE utf8mb4_unicode_ci DEFAULT NULL,
  `status` enum('open','checked_in','in_triage','in_intake','awaiting_payment','in_queue','in_service','completed','deferred','cancelled','in_progress') CHARACTER SET utf8mb4 COLLATE utf8mb4_unicode_ci DEFAULT 'open',
  `chief_complaint` text COLLATE utf8mb4_unicode_ci,
  `check_in_time` timestamp NULL DEFAULT NULL,
  `check_out_time` timestamp NULL DEFAULT NULL,
  `checked_in_by` bigint unsigned DEFAULT NULL,
  `completed_at` timestamp NULL DEFAULT NULL,
  `payment_verified_at` datetime DEFAULT NULL,
  `completed_by` bigint unsigned DEFAULT NULL,
  `deferred_at` timestamp NULL DEFAULT NULL,
  `deferred_reason` text COLLATE utf8mb4_unicode_ci,
  `total_services` int DEFAULT '0',
  `completed_services` int DEFAULT '0',
  `total_amount` decimal(10,2) DEFAULT '0.00',
  `paid_amount` decimal(10,2) DEFAULT '0.00',
  `notes` text COLLATE utf8mb4_unicode_ci,
  `created_at` timestamp NULL DEFAULT NULL,
  `updated_at` timestamp NULL DEFAULT NULL,
  `deleted_at` timestamp NULL DEFAULT NULL,
  PRIMARY KEY (`id`),
  UNIQUE KEY `visits_visit_number_unique` (`visit_number`),
  KEY `visits_checked_in_by_foreign` (`checked_in_by`),
  KEY `visits_completed_by_foreign` (`completed_by`),
  KEY `visits_branch_id_index` (`branch_id`),
  KEY `visits_client_id_index` (`client_id`),
  KEY `visits_visit_date_index` (`visit_date`),
  KEY `visits_status_index` (`status`),
  KEY `visits_current_stage_index` (`current_stage`),
  KEY `visits_visit_number_index` (`visit_number`),
  CONSTRAINT `visits_branch_id_foreign` FOREIGN KEY (`branch_id`) REFERENCES `branches` (`id`) ON DELETE CASCADE,
  CONSTRAINT `visits_checked_in_by_foreign` FOREIGN KEY (`checked_in_by`) REFERENCES `users` (`id`) ON DELETE SET NULL,
  CONSTRAINT `visits_client_id_foreign` FOREIGN KEY (`client_id`) REFERENCES `clients` (`id`) ON DELETE CASCADE,
  CONSTRAINT `visits_completed_by_foreign` FOREIGN KEY (`completed_by`) REFERENCES `users` (`id`) ON DELETE SET NULL
) ENGINE=InnoDB DEFAULT CHARSET=utf8mb4 COLLATE=utf8mb4_unicode_ci;

INSERT INTO `visits` (`id`, `branch_id`, `client_id`, `visit_number`, `visit_date`, `visit_type`, `visit_purpose`, `referral_source`, `is_appointment`, `is_emergency`, `requires_followup`, `service_available`, `unavailability_reason`, `purpose_notes`, `unavailability_notes`, `triage_path`, `current_stage`, `payment_status`, `status`, `chief_complaint`, `check_in_time`, `check_out_time`, `checked_in_by`, `completed_at`, `payment_verified_at`, `completed_by`, `deferred_at`, `deferred_reason`, `total_services`, `completed_services`, `total_amount`, `paid_amount`, `notes`, `created_at`, `updated_at`, `deleted_at`) VALUES
(1,	1,	1,	'VST-20251116-0001',	'2025-11-16',	'walk_in',	'assessment',	'self',	0,	0,	NULL,	NULL,	NULL,	'\n\nEnded: incomplete_documents - ghfhg',	NULL,	'standard',	'service_booking',	NULL,	'deferred',	NULL,	'2025-11-16 05:37:34',	'2025-11-25 11:43:33',	6,	NULL,	NULL,	NULL,	NULL,	NULL,	0,	0,	0.00,	0.00,	NULL,	'2025-11-16 05:37:34',	'2025-11-25 11:43:33',	NULL),
(2,	1,	1,	'VST-20251119-0001',	'2025-11-19',	'walk_in',	'follow_up',	'self',	0,	0,	NULL,	NULL,	NULL,	'\n\nEnded: client_request - sfsfs',	NULL,	'standard',	'triage',	NULL,	'deferred',	NULL,	'2025-11-19 04:17:26',	'2025-11-25 11:38:33',	6,	NULL,	NULL,	NULL,	NULL,	NULL,	0,	0,	0.00,	0.00,	NULL,	'2025-11-19 04:17:26',	'2025-11-25 11:38:33',	NULL),
(3,	1,	2,	'VST-20251119-0002',	'2025-11-19',	'walk_in',	'assessment',	'self',	0,	0,	0,	1,	NULL,	'\n\nEnded: client_request - sfsf',	NULL,	'standard',	'billing',	NULL,	'deferred',	NULL,	'2025-11-19 11:52:00',	'2025-11-25 11:38:26',	6,	NULL,	NULL,	NULL,	NULL,	NULL,	0,	0,	0.00,	0.00,	NULL,	'2025-11-19 11:52:00',	'2025-11-25 11:38:26',	NULL),
(4,	1,	4,	'VST-20251121-0001',	'2025-11-21',	'new',	'assessment',	NULL,	0,	0,	NULL,	1,	NULL,	'I want assessment\n\nEnded: incomplete_documents - sfsf',	NULL,	NULL,	'reception',	NULL,	'deferred',	NULL,	'2025-11-21 06:05:07',	'2025-11-25 11:38:20',	6,	NULL,	NULL,	NULL,	NULL,	NULL,	0,	0,	0.00,	0.00,	NULL,	'2025-11-21 06:05:07',	'2025-11-25 11:38:20',	NULL),
(5,	1,	5,	'VST-20251121-0002',	'2025-11-21',	'new',	'assessment',	NULL,	0,	0,	NULL,	1,	NULL,	'hhshshhs\n\nEnded: client_request - fdfd',	NULL,	NULL,	'service',	NULL,	'deferred',	NULL,	'2025-11-21 11:05:55',	'2025-11-25 06:15:49',	6,	NULL,	'2026-01-30 16:29:46',	NULL,	NULL,	NULL,	0,	0,	0.00,	0.00,	NULL,	'2025-11-21 11:05:55',	'2026-01-30 13:29:46',	NULL),
(6,	1,	5,	'VST-20251125-0001',	'2025-11-25',	'new',	'therapy',	NULL,	0,	0,	NULL,	1,	NULL,	'\n\nEnded: incomplete_documents - fdfs',	NULL,	NULL,	'billing',	NULL,	'deferred',	NULL,	'2025-11-25 06:16:02',	'2025-11-25 11:38:09',	6,	NULL,	NULL,	NULL,	NULL,	NULL,	0,	0,	0.00,	0.00,	NULL,	'2025-11-25 06:16:02',	'2025-11-25 11:38:09',	NULL),
(7,	1,	6,	'VST-20251125-0002',	'2025-11-25',	'new',	'assessment',	NULL,	0,	0,	NULL,	1,	NULL,	'dggdg\n\nEnded: incomplete_documents - gdgedg',	NULL,	NULL,	'intake',	NULL,	'deferred',	NULL,	'2025-11-25 11:43:49',	'2025-11-26 04:24:52',	8,	NULL,	NULL,	NULL,	NULL,	NULL,	0,	0,	0.00,	0.00,	NULL,	'2025-11-25 11:43:49',	'2025-11-26 04:24:52',	NULL),
(8,	1,	6,	'VST-20251126-0001',	'2025-11-26',	'new',	'assessment',	NULL,	0,	0,	NULL,	1,	NULL,	'dvdvd\n\nEnded: emergency - fdfd',	NULL,	NULL,	'billing',	NULL,	'deferred',	NULL,	'2025-11-26 04:25:03',	'2025-11-26 04:30:24',	8,	NULL,	NULL,	NULL,	NULL,	NULL,	0,	0,	0.00,	0.00,	NULL,	'2025-11-26 04:25:03',	'2025-11-26 04:30:24',	NULL),
(9,	1,	6,	'VST-20251126-0002',	'2025-11-26',	'new',	'assessment',	NULL,	0,	0,	NULL,	1,	NULL,	'dfdf\n\nEnded: client_request - ddgg',	NULL,	NULL,	'billing',	NULL,	'deferred',	NULL,	'2025-11-26 04:30:32',	'2025-11-26 04:38:21',	8,	NULL,	NULL,	NULL,	NULL,	NULL,	0,	0,	0.00,	0.00,	NULL,	'2025-11-26 04:30:32',	'2025-11-26 04:38:21',	NULL),
(10,	1,	7,	'VST-20260124-0001',	'2026-01-24',	'new',	'assessment',	NULL,	0,	0,	NULL,	1,	NULL,	'\n\nEnded: other - dsds',	NULL,	NULL,	'intake',	NULL,	'deferred',	NULL,	'2026-01-24 08:04:07',	'2026-01-26 16:26:24',	6,	NULL,	NULL,	NULL,	NULL,	NULL,	0,	0,	0.00,	0.00,	NULL,	'2026-01-24 08:04:07',	'2026-01-26 16:26:24',	NULL),
(11,	1,	7,	'VST-20260126-0001',	'2026-01-26',	'new',	'assessment',	NULL,	0,	0,	NULL,	1,	NULL,	NULL,	NULL,	NULL,	'triage',	NULL,	'in_progress',	NULL,	'2026-01-26 16:26:38',	NULL,	6,	NULL,	NULL,	NULL,	NULL,	NULL,	0,	0,	0.00,	0.00,	NULL,	'2026-01-26 16:26:38',	'2026-01-26 16:26:38',	NULL),
(12,	1,	8,	'VST-20260126-0002',	'2026-01-26',	'new',	'assessment',	NULL,	0,	0,	NULL,	1,	NULL,	NULL,	NULL,	NULL,	'intake',	NULL,	'in_progress',	NULL,	'2026-01-26 16:27:31',	NULL,	6,	NULL,	NULL,	NULL,	NULL,	NULL,	0,	0,	0.00,	0.00,	NULL,	'2026-01-26 16:27:31',	'2026-01-26 16:29:00',	NULL),
(13,	1,	9,	'VST-20260127-0001',	'2026-01-27',	'new',	'assessment',	NULL,	0,	0,	NULL,	1,	NULL,	NULL,	NULL,	NULL,	'service',	NULL,	'in_progress',	NULL,	'2026-01-27 09:07:21',	NULL,	6,	NULL,	NULL,	NULL,	NULL,	NULL,	0,	0,	0.00,	0.00,	NULL,	'2026-01-27 09:07:21',	'2026-01-27 13:55:33',	NULL),
(14,	1,	10,	'VST-20260129-0001',	'2026-01-29',	'new',	'assessment',	NULL,	0,	0,	NULL,	1,	NULL,	NULL,	NULL,	NULL,	'service',	NULL,	'in_progress',	NULL,	'2026-01-29 14:16:26',	NULL,	6,	NULL,	'2026-01-29 18:47:55',	NULL,	NULL,	NULL,	0,	0,	0.00,	0.00,	NULL,	'2026-01-29 14:16:26',	'2026-01-29 15:47:55',	NULL),
(15,	1,	11,	'VST-20260204-0001',	'2026-02-04',	'new',	'assessment',	NULL,	0,	0,	NULL,	1,	NULL,	NULL,	NULL,	NULL,	'service',	NULL,	'in_progress',	NULL,	'2026-02-04 12:42:01',	NULL,	6,	NULL,	'2026-02-04 16:38:09',	NULL,	NULL,	NULL,	0,	0,	0.00,	0.00,	NULL,	'2026-02-04 12:42:01',	'2026-02-04 13:38:09',	NULL),
(16,	1,	12,	'VST-20260205-0001',	'2026-02-05',	'new',	'assessment',	NULL,	0,	0,	NULL,	1,	NULL,	NULL,	NULL,	NULL,	'service',	'pending',	'in_progress',	NULL,	'2026-02-05 16:13:28',	NULL,	6,	NULL,	'2026-02-06 06:29:55',	NULL,	NULL,	NULL,	0,	0,	0.00,	0.00,	NULL,	'2026-02-05 16:13:28',	'2026-02-06 03:29:55',	NULL),
(17,	1,	13,	'VST-20260218-0001',	'2026-02-18',	'new',	'assessment',	NULL,	0,	0,	NULL,	1,	NULL,	NULL,	NULL,	NULL,	'service',	'pending',	'in_progress',	NULL,	'2026-02-18 02:12:26',	NULL,	6,	NULL,	'2026-02-18 05:44:41',	NULL,	NULL,	NULL,	0,	0,	0.00,	0.00,	NULL,	'2026-02-18 02:12:26',	'2026-02-18 02:44:41',	NULL),
(18,	1,	14,	'VST-20260218-0002',	'2026-02-18',	'new',	'assessment',	NULL,	0,	0,	NULL,	1,	NULL,	NULL,	NULL,	NULL,	'service',	'pending',	'in_progress',	NULL,	'2026-02-18 03:21:20',	NULL,	6,	NULL,	'2026-02-18 06:49:18',	NULL,	NULL,	NULL,	0,	0,	0.00,	0.00,	NULL,	'2026-02-18 03:21:20',	'2026-02-18 03:49:18',	NULL),
(19,	1,	15,	'VST-20260219-0001',	'2026-02-19',	'new',	'assessment',	NULL,	0,	0,	NULL,	1,	NULL,	NULL,	NULL,	NULL,	'service',	'pending',	'in_progress',	NULL,	'2026-02-19 02:51:57',	NULL,	6,	NULL,	'2026-02-19 07:16:46',	NULL,	NULL,	NULL,	0,	0,	0.00,	0.00,	NULL,	'2026-02-19 02:51:57',	'2026-02-19 04:16:46',	NULL);

DROP TABLE IF EXISTS `wards`;
CREATE TABLE `wards` (
  `id` bigint unsigned NOT NULL AUTO_INCREMENT,
  `sub_county_id` bigint unsigned NOT NULL,
  `code` varchar(30) COLLATE utf8mb4_unicode_ci NOT NULL,
  `name` varchar(100) COLLATE utf8mb4_unicode_ci NOT NULL,
  `is_active` tinyint(1) NOT NULL DEFAULT '1',
  `sort_order` int NOT NULL DEFAULT '0',
  `created_at` timestamp NULL DEFAULT NULL,
  `updated_at` timestamp NULL DEFAULT NULL,
  PRIMARY KEY (`id`),
  UNIQUE KEY `wards_code_unique` (`code`),
  KEY `wards_sub_county_id_index` (`sub_county_id`),
  KEY `wards_code_index` (`code`),
  KEY `wards_is_active_index` (`is_active`),
  CONSTRAINT `wards_sub_county_id_foreign` FOREIGN KEY (`sub_county_id`) REFERENCES `sub_counties` (`id`) ON DELETE CASCADE
) ENGINE=InnoDB DEFAULT CHARSET=utf8mb4 COLLATE=utf8mb4_unicode_ci;

INSERT INTO `wards` (`id`, `sub_county_id`, `code`, `name`, `is_active`, `sort_order`, `created_at`, `updated_at`) VALUES
(1,	7,	'047-07-01',	'Clay City',	1,	1,	'2025-11-13 03:22:04',	'2025-11-13 03:22:04'),
(2,	7,	'047-07-02',	'Mwiki',	1,	2,	'2025-11-13 03:22:04',	'2025-11-13 03:22:04'),
(3,	7,	'047-07-03',	'Kasarani',	1,	3,	'2025-11-13 03:22:04',	'2025-11-13 03:22:04'),
(4,	7,	'047-07-04',	'Njiru',	1,	4,	'2025-11-13 03:22:04',	'2025-11-13 03:22:04'),
(5,	7,	'047-07-05',	'Ruai',	1,	5,	'2025-11-13 03:22:04',	'2025-11-13 03:22:04');

DROP TABLE IF EXISTS `v_active_credit_accounts`;
CREATE ALGORITHM=UNDEFINED SQL SECURITY DEFINER VIEW `v_active_credit_accounts` AS select `ca`.`id` AS `id`,`ca`.`account_number` AS `account_number`,`ca`.`client_id` AS `client_id`,concat(`c`.`first_name`,' ',`c`.`last_name`) AS `client_name`,`c`.`uci` AS `uci`,`ca`.`branch_id` AS `branch_id`,`b`.`name` AS `branch_name`,`ca`.`credit_limit` AS `credit_limit`,`ca`.`current_balance` AS `current_balance`,`ca`.`available_credit` AS `available_credit`,round(((`ca`.`current_balance` / `ca`.`credit_limit`) * 100),2) AS `utilization_percent`,`ca`.`status` AS `status`,`ca`.`created_at` AS `created_at` from ((`client_credit_accounts` `ca` join `clients` `c` on((`ca`.`client_id` = `c`.`id`))) join `branches` `b` on((`ca`.`branch_id` = `b`.`id`))) where (`ca`.`deleted_at` is null);

DROP TABLE IF EXISTS `v_batch_invoice_summary`;
CREATE ALGORITHM=UNDEFINED SQL SECURITY DEFINER VIEW `v_batch_invoice_summary` AS select `biv`.`id` AS `id`,`biv`.`batch_number` AS `batch_number`,`biv`.`sponsor_type` AS `sponsor_type`,`ip`.`name` AS `insurance_provider`,`biv`.`billing_period_start` AS `billing_period_start`,`biv`.`billing_period_end` AS `billing_period_end`,`biv`.`total_claims` AS `total_claims`,`biv`.`total_amount` AS `total_amount`,`biv`.`paid_amount` AS `paid_amount`,`biv`.`balance` AS `balance`,`biv`.`status` AS `status`,`biv`.`sent_at` AS `sent_at`,`biv`.`due_date` AS `due_date`,(to_days(curdate()) - to_days(`biv`.`due_date`)) AS `days_overdue` from (`insurance_batch_invoices` `biv` left join `insurance_providers` `ip` on((`biv`.`insurance_provider_id` = `ip`.`id`))) where (`biv`.`deleted_at` is null);

DROP TABLE IF EXISTS `v_credit_transactions_summary`;
CREATE ALGORITHM=UNDEFINED SQL SECURITY DEFINER VIEW `v_credit_transactions_summary` AS select `ct`.`id` AS `id`,`ct`.`transaction_number` AS `transaction_number`,`ct`.`credit_account_id` AS `credit_account_id`,`ca`.`account_number` AS `account_number`,`ca`.`client_id` AS `client_id`,concat(`c`.`first_name`,' ',`c`.`last_name`) AS `client_name`,`ct`.`type` AS `type`,`ct`.`amount` AS `amount`,`ct`.`balance_before` AS `balance_before`,`ct`.`balance_after` AS `balance_after`,`ct`.`description` AS `description`,`ct`.`transaction_date` AS `transaction_date`,`u`.`name` AS `processed_by_name`,`ct`.`created_at` AS `created_at` from (((`credit_transactions` `ct` join `client_credit_accounts` `ca` on((`ct`.`credit_account_id` = `ca`.`id`))) join `clients` `c` on((`ca`.`client_id` = `c`.`id`))) left join `users` `u` on((`ct`.`processed_by` = `u`.`id`))) where (`ct`.`deleted_at` is null);

DROP TABLE IF EXISTS `v_invoice_payment_breakdown`;
CREATE ALGORITHM=UNDEFINED SQL SECURITY DEFINER VIEW `v_invoice_payment_breakdown` AS select `i`.`id` AS `invoice_id`,`i`.`invoice_number` AS `invoice_number`,`i`.`total_amount` AS `total_amount`,`i`.`total_client_amount` AS `total_client_amount`,`i`.`total_sponsor_amount` AS `total_sponsor_amount`,`i`.`client_payment_status` AS `client_payment_status`,`i`.`sponsor_claim_status` AS `sponsor_claim_status`,`i`.`has_sponsor` AS `has_sponsor`,concat(`c`.`first_name`,' ',`c`.`last_name`) AS `client_name`,`c`.`uci` AS `client_uci`,`v`.`visit_number` AS `visit_number`,`ic`.`claim_number` AS `claim_number`,`ic`.`sponsor_type` AS `sponsor_type`,`ic`.`status` AS `claim_status`,`ic`.`claim_amount` AS `claim_amount`,`ic`.`approved_amount` AS `approved_amount`,`ic`.`paid_amount` AS `paid_amount` from (((`invoices` `i` join `clients` `c` on((`i`.`client_id` = `c`.`id`))) join `visits` `v` on((`i`.`visit_id` = `v`.`id`))) left join `insurance_claims` `ic` on((`i`.`id` = `ic`.`invoice_id`))) where (`i`.`deleted_at` is null);

DROP TABLE IF EXISTS `v_monthly_claims_summary`;
CREATE ALGORITHM=UNDEFINED SQL SECURITY DEFINER VIEW `v_monthly_claims_summary` AS select `insurance_claims`.`sponsor_type` AS `sponsor_type`,date_format(`insurance_claims`.`service_date`,'%Y-%m') AS `month`,count(0) AS `total_claims`,sum(`insurance_claims`.`claim_amount`) AS `total_claimed`,sum(`insurance_claims`.`approved_amount`) AS `total_approved`,sum(`insurance_claims`.`paid_amount`) AS `total_paid`,sum(`insurance_claims`.`rejection_amount`) AS `total_rejected`,sum((case when (`insurance_claims`.`status` in ('pending','submitted','under_review')) then `insurance_claims`.`claim_amount` else 0 end)) AS `total_pending` from `insurance_claims` where (`insurance_claims`.`deleted_at` is null) group by `insurance_claims`.`sponsor_type`,date_format(`insurance_claims`.`service_date`,'%Y-%m') order by `month` desc,`insurance_claims`.`sponsor_type`;

DROP TABLE IF EXISTS `v_pending_claims_summary`;
CREATE ALGORITHM=UNDEFINED SQL SECURITY DEFINER VIEW `v_pending_claims_summary` AS select `insurance_claims`.`sponsor_type` AS `sponsor_type`,count(0) AS `total_claims`,sum(`insurance_claims`.`claim_amount`) AS `total_amount`,min(`insurance_claims`.`service_date`) AS `oldest_claim`,max(`insurance_claims`.`service_date`) AS `newest_claim` from `insurance_claims` where ((`insurance_claims`.`status` in ('pending','submitted')) and (`insurance_claims`.`deleted_at` is null)) group by `insurance_claims`.`sponsor_type`;

-- 2026-03-19 08:25:54 UTC
